id,setId,number,name,productCategoryTitle,type,color,energyType,cardLevel,hp,keyword,rarity,skillName,description,attackText,flipText,isBan,isLimit,isExtra,base_id,is_alt_art,all_rules_text,cardLevelTitle,grade,productCategory
ST9-020,ST9,020,Tearcrown,Seas of Fate,STAGE,BLUE,BLUE,,,,U,,"<{B}> Place in your stage area.

【Activate】 <Rest this card.> If there are 3 cards or less in your hand, draw up to 1 card from your deck.",,,0,0,0,ST9-020,0,"<{B}> Place in your stage area.

【Activate】 <Rest this card.> If there are 3 cards or less in your hand, draw up to 1 card from your deck.",,UNCOMMON,
ST9-019,ST9,019,Curse of the Seas,Seas of Fate,TRAP,BLUE,BLUE,,,,U,,"<{B}> Select up to 1 of your opponent's Cookies. During this turn, that Cookie deals -1 attack damage. Then, <discard 2 cards.> Select up to 1 of your opponent's Cookies that has 2 or more HP remaining. That Cookie receives 1 damage.",,,0,0,0,ST9-019,0,"<{B}> Select up to 1 of your opponent's Cookies. During this turn, that Cookie deals -1 attack damage. Then, <discard 2 cards.> Select up to 1 of your opponent's Cookies that has 2 or more HP remaining. That Cookie receives 1 damage.",,UNCOMMON,
ST9-018,ST9,018,Tower of Frozen Waves,Seas of Fate,TRAP,BLUE,BLUE,,,,U,,"<{B}> Select up to 1 of your opponent's Cookies. During this turn, that Cookie deals -1 attack damage. Then, <discard 1 card.> That Cookie deals an additional -1 attack damage.",,,0,0,0,ST9-018,0,"<{B}> Select up to 1 of your opponent's Cookies. During this turn, that Cookie deals -1 attack damage. Then, <discard 1 card.> That Cookie deals an additional -1 attack damage.",,UNCOMMON,
ST9-017,ST9,017,Revelation of the Seas,Seas of Fate,TRAP,BLUE,BLUE,,,,U,,"<{B}{B}{B}> Select up to 1 of your opponent's Cookies. During this turn, that Cookie deals -3 attack damage. Then, if there are 3 cards or less in your hand, draw up to 2 cards from your deck.",,,0,0,0,ST9-017,0,"<{B}{B}{B}> Select up to 1 of your opponent's Cookies. During this turn, that Cookie deals -3 attack damage. Then, if there are 3 cards or less in your hand, draw up to 2 cards from your deck.",,UNCOMMON,
ST9-016,ST9,016,Bubble Wave Shell,Seas of Fate,ITEM,BLUE,BLUE,,,,U,,<{B}{B}> <Discard 3 cards.> Select up to 1 of your opponent's Cookies. That Cookie receives 3 damage.,,,0,0,0,ST9-016,0,<{B}{B}> <Discard 3 cards.> Select up to 1 of your opponent's Cookies. That Cookie receives 3 damage.,,UNCOMMON,
ST9-015,ST9,015,Essence of the Ocean,Seas of Fate,ITEM,BLUE,BLUE,,,,U,,"<{B}> If there are 5 cards or less in your hand, draw up to 1 card from your deck. Then, select up to 1 of your [Sea Fairy Cookie] with 5 or less HP remaining. That Cookie gains +1 HP.",,,0,0,0,ST9-015,0,"<{B}> If there are 5 cards or less in your hand, draw up to 1 card from your deck. Then, select up to 1 of your [Sea Fairy Cookie] with 5 or less HP remaining. That Cookie gains +1 HP.",,UNCOMMON,
ST9-014,ST9,014,Glittering Pearl Shell,Seas of Fate,ITEM,BLUE,BLUE,,,,U,,<{B}{B}> <Discard 3 cards.> Select up to 1 of your Cookies. That Cookie gains +2 HP.,,,0,0,0,ST9-014,0,<{B}{B}> <Discard 3 cards.> Select up to 1 of your Cookies. That Cookie gains +2 HP.,,UNCOMMON,
ST9-013,ST9,013,Shimmering Moonlit Coral,Seas of Fate,ITEM,BLUE,BLUE,,,,U,,<{B}> <Discard 1 {B} card from your hand.> Draw up to 2 cards from your deck.,,,0,0,0,ST9-013,0,<{B}> <Discard 1 {B} card from your hand.> Draw up to 2 cards from your deck.,,UNCOMMON,
ST9-012,ST9,012,White Pearl Cookie,Seas of Fate,COOKIE,BLUE,BLUE,1,2,,SR,Breath of the Seas,"【On Play】 If there are 4 cards or less in your hand, draw up to 2 cards from your deck.","<{B}{B}> Gem Mermaid Strength deals 2 Then, <can be used as {B}.> If [Sea Fairy Cookie] is in your battle area, select up to 1 of your opponent's Cookies. That Cookie receives 1 damage.",,0,0,0,ST9-012,0,"【On Play】 If there are 4 cards or less in your hand, draw up to 2 cards from your deck.
<{B}{B}> Gem Mermaid Strength deals 2 Then, <can be used as {B}.> If [Sea Fairy Cookie] is in your battle area, select up to 1 of your opponent's Cookies. That Cookie receives 1 damage.",,SUPER RARE,
ST9-011,ST9,011,Frilled Jellyfish Cookie,Seas of Fate,FLIP,BLUE,BLUE,3,4,,C,,,<{B}{B}{B}{B}> Frilly Snare deals 4,<Discard 1 card.> The Cookie with this card attached for HP gains +1 HP.,0,0,0,ST9-011,0,"<{B}{B}{B}{B}> Frilly Snare deals 4
<Discard 1 card.> The Cookie with this card attached for HP gains +1 HP.",,COMMON,
ST9-010,ST9,010,Parfait Cookie,Seas of Fate,FLIP,BLUE,BLUE,1,1,,C,,,<{B}{B}> I'm Gonna Be A Rockstar! deals 2,<Discard 1 card.> The Cookie with this card attached for HP gains +1 HP.,0,0,0,ST9-010,0,"<{B}{B}> I'm Gonna Be A Rockstar! deals 2
<Discard 1 card.> The Cookie with this card attached for HP gains +1 HP.",,COMMON,
ST9-009,ST9,009,Wave Drop,Seas of Fate,COOKIE,BLUE,BLUE,1,2,,U,The Sea's Sincerity,"When this Cookie is placed from your hand into your trash by the effect of your [Sea Fairy Cookie], draw up to 1 card from your deck.",<{B}> Cold Droplets deals 1,,0,0,0,ST9-009,0,"When this Cookie is placed from your hand into your trash by the effect of your [Sea Fairy Cookie], draw up to 1 card from your deck.
<{B}> Cold Droplets deals 1",,COMMON,
ST9-008,ST9,008,Crimson Coral Cookie,Seas of Fate,COOKIE,BLUE,BLUE,3,5,,C,Coral Armor,【On Play】 <Return 1 Cookie that is LV.2 or lower from your battle area to your hand.> This Cookie gains +1 HP.,<{B}{B}{B}> Crimson Spear deals 3,,0,0,0,ST9-008,0,"【On Play】 <Return 1 Cookie that is LV.2 or lower from your battle area to your hand.> This Cookie gains +1 HP.
<{B}{B}{B}> Crimson Spear deals 3",,COMMON,
ST9-007,ST9,007,Peppermint Cookie,Seas of Fate,COOKIE,BLUE,BLUE,2,5,,C,Conch Echo,"【Activate】 【Once Per Turn】 If there are 3 cards or less in your hand, draw up to 1 card from your deck.",<{B}{B}{B}> Song of the Starry Seas deals 2,,0,0,0,ST9-007,0,"【Activate】 【Once Per Turn】 If there are 3 cards or less in your hand, draw up to 1 card from your deck.
<{B}{B}{B}> Song of the Starry Seas deals 2",,COMMON,
ST9-006,ST9,006,Sea Fairy Cookie,Seas of Fate,COOKIE,BLUE,BLUE,3,6,,SR,Seas of Fate,"【Activate】 【Once Per Turn】 If there are 5 cards or less in your hand, draw up to 1 card from your deck.","<{B}{B}{B}> Blue Wave Surge deals 3 Then, <discard 2 cards.> All of your opponent's Cookies receive 1 damage.",,0,0,0,ST9-006,0,"【Activate】 【Once Per Turn】 If there are 5 cards or less in your hand, draw up to 1 card from your deck.
<{B}{B}{B}> Blue Wave Surge deals 3 Then, <discard 2 cards.> All of your opponent's Cookies receive 1 damage.",,SUPER RARE,
ST9-005,ST9,005,Mystic Opal Cookie,Seas of Fate,COOKIE,BLUE,BLUE MIX,1,3,,C,Power of Destiny,"【Blocker】 <{B}> (When one of your opponent's Cookies attacks, you can redirect the attack to this Cookie.)",<{B}{N}> Weather Control deals 1,,0,0,0,ST9-005,0,"【Blocker】 <{B}> (When one of your opponent's Cookies attacks, you can redirect the attack to this Cookie.)
<{B}{N}> Weather Control deals 1",,COMMON,
ST9-004,ST9,004,Pond Dino Cookie,Seas of Fate,FLIP,BLUE,BLUE,2,3,,C,,,<{B}{B}{B}> Sparkling Gaze deals 3,Draw up to 1 card from your deck.,0,0,0,ST9-004,0,"<{B}{B}{B}> Sparkling Gaze deals 3
Draw up to 1 card from your deck.",,COMMON,
ST9-003,ST9,003,Blue Whale Cookie,Seas of Fate,FLIP,BLUE,BLUE,2,4,,C,,,<{B}{B}{B}> Loving Care deals 3,Return this Cookie to your hand.,0,0,0,ST9-003,0,"<{B}{B}{B}> Loving Care deals 3
Return this Cookie to your hand.",,COMMON,
ST9-002,ST9,002,Aquamarine Cookie,Seas of Fate,COOKIE,BLUE,BLUE MIX,1,2,,C,,,<{N}> Warm Greeting deals 1,,0,0,0,ST9-002,0,<{N}> Warm Greeting deals 1,,COMMON,
ST9-001,ST9,001,Gold Citrine Cookie,Seas of Fate,COOKIE,BLUE,BLUE MIX,2,4,,C,,,<{N}{N}{N}> Shining Sea Jewel deals 3,,0,0,0,ST9-001,0,<{N}{N}{N}> Shining Sea Jewel deals 3,,COMMON,
ST8-020,ST8,020,Dark Enchantress Laboratory,Guardian Winds,STAGE,GREEN,GREEN,,,,U,,"<{G}> Place in your stage area.

When your turn ends, <place this card in your trash.> Set up to 2 cards from your support area as active.",,,0,0,0,ST8-020,0,"<{G}> Place in your stage area.

When your turn ends, <place this card in your trash.> Set up to 2 cards from your support area as active.",,UNCOMMON,
ST8-019,ST8,019,Bad Omen,Guardian Winds,TRAP,GREEN,GREEN,,,,U,,"<{G}{G}> Select up to 1 of your opponent's Cookies. During this turn, that Cookie deals -2 attack damage. Then, if the number of cards in both support areas match, that Cookie deals an additional -1 attack damage.",,,0,0,0,ST8-019,0,"<{G}{G}> Select up to 1 of your opponent's Cookies. During this turn, that Cookie deals -2 attack damage. Then, if the number of cards in both support areas match, that Cookie deals an additional -1 attack damage.",,UNCOMMON,
ST8-018,ST8,018,Piercing Arrow of Purity,Guardian Winds,TRAP,GREEN,GREEN,,,,U,,"<{G}> Select up to 1 of your opponent's Cookies. During this turn, that Cookie deals -1 attack damage. Then, if there are 5 cards or more in your support area, that Cookie deals an additional -1 attack damage.",,,0,0,0,ST8-018,0,"<{G}> Select up to 1 of your opponent's Cookies. During this turn, that Cookie deals -1 attack damage. Then, if there are 5 cards or more in your support area, that Cookie deals an additional -1 attack damage.",,UNCOMMON,
ST8-017,ST8,017,Hindering Darkness,Guardian Winds,TRAP,GREEN,GREEN,,,,U,,"<{G}{G}> Select up to 1 of your opponent's Cookies. During this turn, that Cookie deals -2 attack damage. Then, if the number of cards in both support areas match, draw up to 1 card from your deck.",,,0,0,0,ST8-017,0,"<{G}{G}> Select up to 1 of your opponent's Cookies. During this turn, that Cookie deals -2 attack damage. Then, if the number of cards in both support areas match, draw up to 1 card from your deck.",,UNCOMMON,
ST8-016,ST8,016,Wind's Grace Earrings,Guardian Winds,ITEM,GREEN,GREEN,,,,U,,"<{G}> If [Wind Archer Cookie] is in your battle area, and there are 5 cards or more in your support area, all of your opponent's Cookies receive 1 damage.",,,0,0,0,ST8-016,0,"<{G}> If [Wind Archer Cookie] is in your battle area, and there are 5 cards or more in your support area, all of your opponent's Cookies receive 1 damage.",,UNCOMMON,
ST8-015,ST8,015,Essence of the Tempest,Guardian Winds,ITEM,GREEN,GREEN,,,,U,,"<{G}{G}> If [Wind Archer Cookie] is in your battle area or support area, place up to 1 card from the top of your deck into your support area as rested. Then, return up to 1 card from your support area to your hand.",,,0,0,0,ST8-015,0,"<{G}{G}> If [Wind Archer Cookie] is in your battle area or support area, place up to 1 card from the top of your deck into your support area as rested. Then, return up to 1 card from your support area to your hand.",,UNCOMMON,
ST8-014,ST8,014,Cape of the Vanquisher,Guardian Winds,ITEM,GREEN,GREEN,,,,U,,"<{G}> If there are 5 cards or more in your support area, select up to 1 of your {G} Cookies with 3 or less HP remaining. That Cookie gains +1 HP.",,,0,0,0,ST8-014,0,"<{G}> If there are 5 cards or more in your support area, select up to 1 of your {G} Cookies with 3 or less HP remaining. That Cookie gains +1 HP.",,UNCOMMON,
ST8-013,ST8,013,Windgrass,Guardian Winds,ITEM,GREEN,GREEN,,,,U,,"<{G}> Rest up to 1 card in your opponent's support area. Then, if [Wind Archer Cookie] is in your battle area, set up to 1 card from your support area as active.",,,0,0,0,ST8-013,0,"<{G}> Rest up to 1 card in your opponent's support area. Then, if [Wind Archer Cookie] is in your battle area, set up to 1 card from your support area as active.",,UNCOMMON,
ST8-012,ST8,012,Windcatcher,Guardian Winds,COOKIE,GREEN,GREEN,1,2,,U,Green Gale,"【Activate】 <Rest this card.> During this turn, if an Item card was activated, select up to 1 of your opponent's Cookies. That Cookie receives 1 damage. Then, <can be used as {G}.> Select up to 1 of your [Wind Archer Cookie]. That Cookie gains +1 HP.",<{G}{G}> Rising Winds deals 2,,0,0,0,ST8-012,0,"【Activate】 <Rest this card.> During this turn, if an Item card was activated, select up to 1 of your opponent's Cookies. That Cookie receives 1 damage. Then, <can be used as {G}.> Select up to 1 of your [Wind Archer Cookie]. That Cookie gains +1 HP.
<{G}{G}> Rising Winds deals 2",,COMMON,
ST8-011,ST8,011,Kiwi Cookie,Guardian Winds,COOKIE,GREEN,GREEN MIX,1,3,,C,License Issued!,"【Blocker】 <{G}> (When one of your opponent's Cookies attacks, you can redirect the attack to this Cookie.)",<{G}{N}> Bike Blast deals 1,,0,0,0,ST8-011,0,"【Blocker】 <{G}> (When one of your opponent's Cookies attacks, you can redirect the attack to this Cookie.)
<{G}{N}> Bike Blast deals 1",,COMMON,
ST8-010,ST8,010,Cookiemals,Guardian Winds,COOKIE,GREEN,GREEN,1,2,,C,Quick Roll,"When this Cookie faints, <return 1 Item card from your support area to your hand.> Place up to 1 card from the top of your deck in your support area as rested.",<{G}> We are awesome! deals 1,,0,0,0,ST8-010,0,"When this Cookie faints, <return 1 Item card from your support area to your hand.> Place up to 1 card from the top of your deck in your support area as rested.
<{G}> We are awesome! deals 1",,COMMON,
ST8-009,ST8,009,Cucumber Cookie,Guardian Winds,FLIP,GREEN,GREEN,2,3,,C,,,<{G}{G}{G}> Fishing deals 3,Draw up to 1 card from your deck.,0,0,0,ST8-009,0,"<{G}{G}{G}> Fishing deals 3
Draw up to 1 card from your deck.",,COMMON,
ST8-008,ST8,008,Sugar Swan Cookie,Guardian Winds,COOKIE,GREEN,GREEN,2,4,,SR,Creator of Life,"When this Cookie faints, if the number of cards in your support area is the same or less than your opponent's support area, place up to 1 card from the top of your deck in your support area as rested.","<{G}{G}{G}> Shining Light deals 3 Then, if there is a [Wind Archer Cookie] in your support area, draw 1 card from your deck and discard 1 card.",,0,0,0,ST8-008,0,"When this Cookie faints, if the number of cards in your support area is the same or less than your opponent's support area, place up to 1 card from the top of your deck in your support area as rested.
<{G}{G}{G}> Shining Light deals 3 Then, if there is a [Wind Archer Cookie] in your support area, draw 1 card from your deck and discard 1 card.",,SUPER RARE,
ST8-007,ST8,007,Blue Slushy Cookie,Guardian Winds,FLIP,GREEN,GREEN,1,1,,C (홀로),,,<{G}{G}> Arrow Shot deals 2,<Discard 1 card.> The Cookie with this card attached for HP gains +1 HP.,0,0,0,ST8-007,0,"<{G}{G}> Arrow Shot deals 2
<Discard 1 card.> The Cookie with this card attached for HP gains +1 HP.",,COMMON,
ST8-006,ST8,006,Basil Pesto Cookie,Guardian Winds,FLIP,GREEN,GREEN,3,4,,C,,,<{G}{G}{G}{G}> Basil Smash deals 4,<Discard 1 card.> The Cookie with this card attached for HP gains +1 HP.,0,0,0,ST8-006,0,"<{G}{G}{G}{G}> Basil Smash deals 4
<Discard 1 card.> The Cookie with this card attached for HP gains +1 HP.",,COMMON,
ST8-005,ST8,005,Wind Archer Cookie,Guardian Winds,COOKIE,GREEN,GREEN,3,6,,SR,Guardian Winds,"【Activate】 【Once Per Turn】 If there are 5 cards or less in your hand and if, during this turn, an Item card was activated, draw 1 card from your deck.","<{G}{G}{G}> Tracker's Arrow deals 3 Then, <rest up to 2 cards in your support area.> Select up to 1 of your opponent's Cookies. That Cookie receives damage equal to the number of cards rested by this effect.",,0,0,0,ST8-005,0,"【Activate】 【Once Per Turn】 If there are 5 cards or less in your hand and if, during this turn, an Item card was activated, draw 1 card from your deck.
<{G}{G}{G}> Tracker's Arrow deals 3 Then, <rest up to 2 cards in your support area.> Select up to 1 of your opponent's Cookies. That Cookie receives damage equal to the number of cards rested by this effect.",,SUPER RARE,
ST8-004,ST8,004,Red Panna Cotta Cookie,Guardian Winds,COOKIE,GREEN,GREEN,3,5,,C,,,"<{G}{G}{G}> Intruder Alert deals 3 Then, if there are 5 cards or more in your support area, set up to 1 card from your support area as active.",,0,0,0,ST8-004,0,"<{G}{G}{G}> Intruder Alert deals 3 Then, if there are 5 cards or more in your support area, set up to 1 card from your support area as active.",,COMMON,
ST8-003,ST8,003,Leek Cookie,Guardian Winds,COOKIE,GREEN,GREEN MIX,2,4,,C,,,<{N}{N}{N}> Triple Slash deals 3,,0,0,0,ST8-003,0,<{N}{N}{N}> Triple Slash deals 3,,COMMON,
ST8-002,ST8,002,Muscle Cookie,Guardian Winds,FLIP,GREEN,GREEN,2,4,,C,,,<{G}{G}{G}> Hardened Muscles! deals 3,Return this Cookie to your hand.,0,0,0,ST8-002,0,"<{G}{G}{G}> Hardened Muscles! deals 3
Return this Cookie to your hand.",,COMMON,
ST8-001,ST8,001,Greenbell Cookie,Guardian Winds,COOKIE,GREEN,GREEN MIX,1,2,,C,,,<{N}> Arpeggio Quadruplo deals 1,,0,0,0,ST8-001,0,<{N}> Arpeggio Quadruplo deals 1,,COMMON,
ST7-020,ST7,020,Forest of Life,Tree of Life,STAGE,YELLOW,YELLOW,,,,U,,"<{Y}> Place in your stage area.

【Activate】 <{Y}> <Rest this card.> During this turn, if any of your Cookies gained HP, draw up to 1 card from your deck.",,,0,0,0,ST7-020,0,"<{Y}> Place in your stage area.

【Activate】 <{Y}> <Rest this card.> During this turn, if any of your Cookies gained HP, draw up to 1 card from your deck.",,UNCOMMON,
ST7-019,ST7,019,Millennial Jade Deer's Wrath,Tree of Life,TRAP,YELLOW,YELLOW,,,,U,,<{Y}> <Place 1 Cookie from your hand into your break area.> Select up to 1 of your opponent's Cookies. That Cookie receives 1 damage.,,,0,0,0,ST7-019,0,<{Y}> <Place 1 Cookie from your hand into your break area.> Select up to 1 of your opponent's Cookies. That Cookie receives 1 damage.,,UNCOMMON,
ST7-018,ST7,018,Millennial Tree Cookie's Gift,Tree of Life,TRAP,YELLOW,YELLOW,,,,U,,<{Y}{Y}> All of your Cookies gain +1 HP.,,,0,0,0,ST7-018,0,<{Y}{Y}> All of your Cookies gain +1 HP.,,UNCOMMON,
ST7-017,ST7,017,Vined Cavern,Tree of Life,TRAP,YELLOW,YELLOW,,,,U,,"<{Y}> Select up to 1 of your opponent's Cookies. During this turn, that Cookie deals -1 attack damage. Then, if your break area is LV.4 or higher, that Cookie deals an additional -1 attack damage.",,,0,0,0,ST7-017,0,"<{Y}> Select up to 1 of your opponent's Cookies. During this turn, that Cookie deals -1 attack damage. Then, if your break area is LV.4 or higher, that Cookie deals an additional -1 attack damage.",,UNCOMMON,
ST7-016,ST7,016,Tightly Tied Vine,Tree of Life,ITEM,YELLOW,YELLOW,,,,U,,<{Y}{Y}> Select up to 1 of your opponent's Cookies with 2 or less HP remaining. That Cookie is not set as active during your opponent's next Active Phase.,,,0,0,0,ST7-016,0,<{Y}{Y}> Select up to 1 of your opponent's Cookies with 2 or less HP remaining. That Cookie is not set as active during your opponent's next Active Phase.,,UNCOMMON,
ST7-015,ST7,015,Budding Future,Tree of Life,ITEM,YELLOW,YELLOW,,,,U,,"<{Y}{Y}> If a LV.3 [Millennial Tree Cookie] is in your battle area or break area, during this turn, all of your Cookies gain +1 attack damage.",,,0,0,0,ST7-015,0,"<{Y}{Y}> If a LV.3 [Millennial Tree Cookie] is in your battle area or break area, during this turn, all of your Cookies gain +1 attack damage.",,UNCOMMON,
ST7-014,ST7,014,Essence of Rejuvenation,Tree of Life,ITEM,YELLOW,YELLOW,,,,U,,"<{Y}> If a LV.3 [Millennial Tree Cookie] is in your battle area or break area, select up to 1 of your Cookies. That Cookie gains +1 HP.",,,0,0,0,ST7-014,0,"<{Y}> If a LV.3 [Millennial Tree Cookie] is in your battle area or break area, select up to 1 of your Cookies. That Cookie gains +1 HP.",,UNCOMMON,
ST7-013,ST7,013,Miraculous Nutrient Ampoule,Tree of Life,ITEM,YELLOW,YELLOW,,,,U,,<{Y}{Y}> <Place 1 {Y} Cookie from your trash into your break area.> Select up to 1 of your opponent's Cookies. That Cookie receives 2 damage.,,,0,0,0,ST7-013,0,<{Y}{Y}> <Place 1 {Y} Cookie from your trash into your break area.> Select up to 1 of your opponent's Cookies. That Cookie receives 2 damage.,,UNCOMMON,
ST7-012,ST7,012,Churro Cookie,Tree of Life,COOKIE,YELLOW,YELLOW MIX,1,3,,C,Churro Tribe Warrior,"【Blocker】 <{Y}> (When one of your opponent's Cookies attacks, you can redirect the attack to this Cookie.)",<{Y}{N}> Churro Gauntlet deals 1,,0,0,0,ST7-012,0,"【Blocker】 <{Y}> (When one of your opponent's Cookies attacks, you can redirect the attack to this Cookie.)
<{Y}{N}> Churro Gauntlet deals 1",,COMMON,
ST7-011,ST7,011,Millennial Jade Deer,Tree of Life,COOKIE,YELLOW,YELLOW,1,2,,U,,,"<{Y}{Y}> Sacred Aura deals 2 Then, if this Cookie's remaining HP is 2 or less and a LV.3 [Millennial Tree Cookie] is in your battle area, this Cookie gains +1 HP.",,0,0,0,ST7-011,0,"<{Y}{Y}> Sacred Aura deals 2 Then, if this Cookie's remaining HP is 2 or less and a LV.3 [Millennial Tree Cookie] is in your battle area, this Cookie gains +1 HP.",,UNCOMMON,
ST7-010,ST7,010,Millennial Tree Cookie,Tree of Life,COOKIE,YELLOW,YELLOW,3,5,,SR,Millennial Breath,【Activate】 【Once Per Turn】 <Discard 1 card.> Select up to 1 of your Cookies with 4 or less HP remaining. That Cookie gains +1 HP.,"<{Y}{Y}{Y}> Cleansing Flash deals 3 Then, <discard 1 Cookie that has FLIP from your hand.> Draw up to 2 cards from your deck.",,0,0,0,ST7-010,0,"【Activate】 【Once Per Turn】 <Discard 1 card.> Select up to 1 of your Cookies with 4 or less HP remaining. That Cookie gains +1 HP.
<{Y}{Y}{Y}> Cleansing Flash deals 3 Then, <discard 1 Cookie that has FLIP from your hand.> Draw up to 2 cards from your deck.",,SUPER RARE,
ST7-009,ST7,009,Lilybell Cookie,Tree of Life,COOKIE,YELLOW,YELLOW MIX,2,4,,C,,,<{N}{N}{N}> Dewdrop Lyre Serenade deals 3,,0,0,0,ST7-009,0,<{N}{N}{N}> Dewdrop Lyre Serenade deals 3,,COMMON,
ST7-008,ST7,008,Elder Faerie Cookie,Tree of Life,COOKIE,YELLOW,YELLOW,2,4,,SR,Protector of the Faerie Kingdom,"【On Play】 If a LV.3 [Millennial Tree Cookie] is in your battle area or break area, select up to 1 {Y} LV.1 Cookie in your break area. Place that Cookie in the trash.","<{Y}{Y}{Y}> Firm Determination deals 3 Then, if your break area is LV.4 or above, deals 1 damage.",,0,0,0,ST7-008,0,"【On Play】 If a LV.3 [Millennial Tree Cookie] is in your battle area or break area, select up to 1 {Y} LV.1 Cookie in your break area. Place that Cookie in the trash.
<{Y}{Y}{Y}> Firm Determination deals 3 Then, if your break area is LV.4 or above, deals 1 damage.",,SUPER RARE,
ST7-007,ST7,007,Fairy Cookie,Tree of Life,FLIP,YELLOW,YELLOW,2,4,,C,,,<{Y}{Y}{Y}> Leaf Magic deals 3,Return this Cookie to your hand.,0,0,0,ST7-007,0,"<{Y}{Y}{Y}> Leaf Magic deals 3
Return this Cookie to your hand.",,COMMON,
ST7-006,ST7,006,Cream Puff Cookie,Tree of Life,FLIP,YELLOW,YELLOW,2,3,,C,,,<{Y}{Y}{Y}> Jellius Blastio deals 3,Draw up to 1 card from your deck.,0,0,0,ST7-006,0,"<{Y}{Y}{Y}> Jellius Blastio deals 3
Draw up to 1 card from your deck.",,COMMON,
ST7-005,ST7,005,Caramel Choux Cookie,Tree of Life,FLIP,YELLOW,YELLOW,1,1,,C,,,<{Y}{Y}> Complaint Management deals 2,<Discard 1 card.> The Cookie with this card attached for HP gains +1 HP.,0,0,0,ST7-005,0,"<{Y}{Y}> Complaint Management deals 2
<Discard 1 card.> The Cookie with this card attached for HP gains +1 HP.",,COMMON,
ST7-004,ST7,004,Fig Cookie,Tree of Life,COOKIE,YELLOW,YELLOW MIX,1,2,,C,,,<{N}> For'st Prance deals 1,,0,0,0,ST7-004,0,<{N}> For'st Prance deals 1,,COMMON,
ST7-003,ST7,003,Rainbow Sherbet Cookie,Tree of Life,FLIP,YELLOW,YELLOW,3,4,,C,,,<{Y}{Y}{Y}{Y}> Refreshing Power! deals 4,<Discard 1 card.> The Cookie with this card attached for HP gains +1 HP.,0,0,0,ST7-003,0,"<{Y}{Y}{Y}{Y}> Refreshing Power! deals 4
<Discard 1 card.> The Cookie with this card attached for HP gains +1 HP.",,COMMON,
ST7-002,ST7,002,Mango Cookie,Tree of Life,COOKIE,YELLOW,YELLOW,1,2,,C,Perfect Day For Sightseeing,"【On Play】 If your break area is LV.2 or above, this Cookie gains +1 HP.",<{Y}> Island Tour deals 1,,0,0,0,ST7-002,0,"【On Play】 If your break area is LV.2 or above, this Cookie gains +1 HP.
<{Y}> Island Tour deals 1",,COMMON,
ST7-001,ST7,001,Blue Lily Cookie,Tree of Life,COOKIE,YELLOW,YELLOW,3,5,,C,Problem Solver,【Activate】 【Once Per Turn】 <{Y}> <Place 1 Cookie from your hand into your break area.> Select up to 1 of your opponent's Cookies. That Cookie receives 2 damage.,<{Y}{Y}{Y}> Forest's Protection deals 3,,0,0,0,ST7-001,0,"【Activate】 【Once Per Turn】 <{Y}> <Place 1 Cookie from your hand into your break area.> Select up to 1 of your opponent's Cookies. That Cookie receives 2 damage.
<{Y}{Y}{Y}> Forest's Protection deals 3",,COMMON,
ST6-020,ST6,020,Into the Depths,Flames of Immortality,STAGE,RED,RED,,,,U,,"<{R}{R}> Place in your stage area.

【Activate】 <Rest this card.> <Place 1 card from the top of 1 of your Cookies' HP into the trash.> Draw up to 1 card from your deck.",,,0,0,0,ST6-020,0,"<{R}{R}> Place in your stage area.

【Activate】 <Rest this card.> <Place 1 card from the top of 1 of your Cookies' HP into the trash.> Draw up to 1 card from your deck.",,UNCOMMON,
ST6-019,ST6,019,Power Unleashed,Flames of Immortality,TRAP,RED,RED,,,,U,,"<{R}> Select up to 1 of your opponent's Cookies. During this turn, that Cookie deals -1 attack damage. Then, if the remaining HP of one of your Cookies is 1, draw up to 1 card from your deck.",,,0,0,0,ST6-019,0,"<{R}> Select up to 1 of your opponent's Cookies. During this turn, that Cookie deals -1 attack damage. Then, if the remaining HP of one of your Cookies is 1, draw up to 1 card from your deck.",,UNCOMMON,
ST6-018,ST6,018,Frozen Flame,Flames of Immortality,TRAP,RED,RED,,,,U,,"<{R}> Select up to 1 of your Cookies. During this turn, that Cookie receives -1 attack damage.",,,0,0,0,ST6-018,0,"<{R}> Select up to 1 of your Cookies. During this turn, that Cookie receives -1 attack damage.",,UNCOMMON,
ST6-017,ST6,017,Restored Power of Fire,Flames of Immortality,TRAP,RED,RED,,,,U,,"<{R}{R}> Select up to 1 of your opponent's Cookies. During this turn, that Cookie deals -2 attack damage. Then, if the remaining HP of one of your Cookies is 1, that opponent's Cookie deals an additional -1 attack damage.",,,0,0,0,ST6-017,0,"<{R}{R}> Select up to 1 of your opponent's Cookies. During this turn, that Cookie deals -2 attack damage. Then, if the remaining HP of one of your Cookies is 1, that opponent's Cookie deals an additional -1 attack damage.",,UNCOMMON,
ST6-016,ST6,016,Dragon's Breath,Flames of Immortality,ITEM,RED,RED,,,,U,,<{R}{R}{R}> <Discard 1 card.> Select up to 2 of your opponent's Cookies. Deals 2 damage to 1 of the Cookies and 1 damage to the other.,,,0,0,0,ST6-016,0,<{R}{R}{R}> <Discard 1 card.> Select up to 2 of your opponent's Cookies. Deals 2 damage to 1 of the Cookies and 1 damage to the other.,,UNCOMMON,
ST6-015,ST6,015,Fire Spirit Cookie's Staff,Flames of Immortality,ITEM,RED,RED,,,,U,,"<{R}{R}> <Place 1 card from the top of 1 of your Cookies' HP into the trash.> Select up to 1 of your Cookies. During this turn, that Cookie gains +2 attack damage.",,,0,0,0,ST6-015,0,"<{R}{R}> <Place 1 card from the top of 1 of your Cookies' HP into the trash.> Select up to 1 of your Cookies. During this turn, that Cookie gains +2 attack damage.",,UNCOMMON,
ST6-014,ST6,014,Essence of Conflagration,Flames of Immortality,ITEM,RED,RED,,,,U,,"<{R}{R}> <Place 1 card from the top of 1 of your Cookies' HP into the trash.> All of your opponent's Cookies receive 1 damage. Then, select up to 1 of your [Fire Spirit Cookie]. During this turn, that Cookie gains +1 attack damage.",,,0,0,0,ST6-014,0,"<{R}{R}> <Place 1 card from the top of 1 of your Cookies' HP into the trash.> All of your opponent's Cookies receive 1 damage. Then, select up to 1 of your [Fire Spirit Cookie]. During this turn, that Cookie gains +1 attack damage.",,UNCOMMON,
ST6-013,ST6,013,Hot Jellyco Missile,Flames of Immortality,ITEM,RED,RED,,,,U,,"<{R}> Draw up to 1 card from your deck. Then, select up to 1 of your Cookies with 2 or less HP remaining. During this turn, that Cookie gains +1 attack damage.",,,0,0,0,ST6-013,0,"<{R}> Draw up to 1 card from your deck. Then, select up to 1 of your Cookies with 2 or less HP remaining. During this turn, that Cookie gains +1 attack damage.",,UNCOMMON,
ST6-012,ST6,012,Picky Pyro-tiger,Flames of Immortality,COOKIE,RED,RED,1,2,,U,Magma Blast,【Activate】 【Once Per Turn】 <{R}> Select up to 1 of your [Fire Spirit Cookie]. That Cookie gains +1 HP.,<{R}{R}> Flame Slash deals 2,,0,0,0,ST6-012,0,"【Activate】 【Once Per Turn】 <{R}> Select up to 1 of your [Fire Spirit Cookie]. That Cookie gains +1 HP.
<{R}{R}> Flame Slash deals 2",,UNCOMMON,
ST6-011,ST6,011,Habanero Cookie,Flames of Immortality,COOKIE,RED,RED MIX,1,2,,C,,,<{N}> Habanero Hammer deals 1,,0,0,0,ST6-011,0,<{N}> Habanero Hammer deals 1,,COMMON,
ST6-010,ST6,010,Peperoncino Cookie,Flames of Immortality,COOKIE,RED,RED MIX,1,3,,C,Sturdy Armor,"【Blocker】 <{R}> (When one of your opponent's Cookies attacks, you can redirect the attack to this Cookie.)",<{R}{N}> Strong Heart deals 1,,0,0,0,ST6-010,0,"【Blocker】 <{R}> (When one of your opponent's Cookies attacks, you can redirect the attack to this Cookie.)
<{R}{N}> Strong Heart deals 1",,COMMON,
ST6-009,ST6,009,Capsaicin Cookie,Flames of Immortality,COOKIE,RED,RED,3,5,,C,The Essence of Spice,【Activate】 【Once Per Turn】 <{R}> <Discard 1 card.> Select up to 1 of your opponent's Cookies. That Cookie receives 1 damage.,<{R}{R}{R}{R}> Boiling Power deals 4,,0,0,0,ST6-009,0,"【Activate】 【Once Per Turn】 <{R}> <Discard 1 card.> Select up to 1 of your opponent's Cookies. That Cookie receives 1 damage.
<{R}{R}{R}{R}> Boiling Power deals 4",,COMMON,
ST6-008,ST6,008,Candy Apple Cookie,Flames of Immortality,FLIP,RED,RED,2,3,,C,,,<{R}{R}{R}> Apple of My Eye! ♡ deals 3,Draw up to 1 card from your deck.,0,0,0,ST6-008,0,"<{R}{R}{R}> Apple of My Eye! ♡ deals 3
Draw up to 1 card from your deck.",,COMMON,
ST6-007,ST6,007,Chili Pepper Cookie,Flames of Immortality,FLIP,RED,RED,3,4,,C,,,<{R}{R}{R}{R}> Black Tiger Bandit Leader deals 4,<Discard 1 card.> The Cookie with this card attached for HP gains +1 HP.,0,0,0,ST6-007,0,"<{R}{R}{R}{R}> Black Tiger Bandit Leader deals 4
<Discard 1 card.> The Cookie with this card attached for HP gains +1 HP.",,COMMON,
ST6-006,ST6,006,Cherry Cookie,Flames of Immortality,FLIP,RED,RED,2,4,,C,,,<{R}{R}{R}> Cherry Firecracker Rocket deals 3,Return this Cookie to your hand.,0,0,0,ST6-006,0,"<{R}{R}{R}> Cherry Firecracker Rocket deals 3
Return this Cookie to your hand.",,COMMON,
ST6-005,ST6,005,Agar Agar Cookie,Flames of Immortality,FLIP,RED,RED,1,1,,C,,,<{R}{R}> Draining Mirror deals 2,<Discard 1 card.> The Cookie with this card attached for HP gains +1 HP.,0,0,0,ST6-005,0,"<{R}{R}> Draining Mirror deals 2
<Discard 1 card.> The Cookie with this card attached for HP gains +1 HP.",,COMMON,
ST6-004,ST6,004,Pitaya Dragon Cookie,Flames of Immortality,COOKIE,RED,RED,2,4,,SR,Dragon's Wrath,"【Activate】 【Once Per Turn】 <Discard 1 card.> During this turn, this Cookie gains +1 attack damage.","<{R}{R}{R}> Blade of Destruction deals 3 Then, <can be used as {R}.> Select up to 1 of your opponent's Cookies. That Cookie receives 1 damage.",,0,0,0,ST6-004,0,"【Activate】 【Once Per Turn】 <Discard 1 card.> During this turn, this Cookie gains +1 attack damage.
<{R}{R}{R}> Blade of Destruction deals 3 Then, <can be used as {R}.> Select up to 1 of your opponent's Cookies. That Cookie receives 1 damage.",,SUPER RARE,
ST6-003,ST6,003,Devil Cookie,Flames of Immortality,COOKIE,RED,RED MIX,2,4,,C,,,<{N}{N}{N}> Devil's Magic Circle deals 3,,0,0,0,ST6-003,0,<{N}{N}{N}> Devil's Magic Circle deals 3,,COMMON,
ST6-002,ST6,002,Fire Spirit Cookie,Flames of Immortality,COOKIE,RED,RED,3,6,,SR,Ever-Burning Flames,【Activate】 【Once Per Turn】 <{R}> Select up to 1 of your opponent's Cookies. That Cookie receives 1 damage.,"<{R}{R}> Wings of Fire deals 1 Then, <place 1 card from the top of this Cookie's HP into the trash.> Deals 2 damage.",,0,0,0,ST6-002,0,"【Activate】 【Once Per Turn】 <{R}> Select up to 1 of your opponent's Cookies. That Cookie receives 1 damage.
<{R}{R}> Wings of Fire deals 1 Then, <place 1 card from the top of this Cookie's HP into the trash.> Deals 2 damage.",,SUPER RARE,
ST6-001,ST6,001,Mala Sauce Cookie,Flames of Immortality,COOKIE,RED,RED,1,2,,C,Mace Swing,【Activate】 【Once Per Turn】 <{R}> <Place 1 card from the top of this Cookie's HP into the trash.> Select up to 1 of your opponent's Cookies. That Cookie receives 1 damage.,<{R}> Spicy Smash deals 1,,0,0,0,ST6-001,0,"【Activate】 【Once Per Turn】 <{R}> <Place 1 card from the top of this Cookie's HP into the trash.> Select up to 1 of your opponent's Cookies. That Cookie receives 1 damage.
<{R}> Spicy Smash deals 1",,COMMON,
ST5-022@1,ST5,022@1,Windswept Valley,PROMOTION CARD,STAGE,PURPLE,PURPLE,,,,P,,"<{P}{P}> Place in your stage area.

When a Cookie in your opponent's battle area is placed in the trash by effect, <rest this card.> Draw up to 1 card from your deck.",,,0,0,0,ST5-022,1,"<{P}{P}> Place in your stage area.

When a Cookie in your opponent's battle area is placed in the trash by effect, <rest this card.> Draw up to 1 card from your deck.",,PROMOTION,
ST5-022,ST5,022,Windswept Valley,Starter Deck PURPLE,STAGE,PURPLE,PURPLE,,,,U,,,"<{P}{P}> Place in your stage area.
When your opponent places a Cookie from their battle area into the trash by effect, <rest this card.> You can draw 1 card from your deck.",,0,0,0,ST5-022,0,"<{P}{P}> Place in your stage area.
When your opponent places a Cookie from their battle area into the trash by effect, <rest this card.> You can draw 1 card from your deck.",,UNCOMMON,
ST5-021,ST5,021,Hidden Warpgate,Starter Deck PURPLE,TRAP,PURPLE,PURPLE,,,,U,,,<{P}{P}> Place 1 of your opponent's Cookies whose remaining HP is 2 or less into the trash.,,0,0,0,ST5-021,0,<{P}{P}> Place 1 of your opponent's Cookies whose remaining HP is 2 or less into the trash.,,UNCOMMON,
ST5-020@1,ST5,020@1,Forbidden Grimoire,,TRAP,PURPLE,PURPLE,,,,P,,"<{P}> <Place 1 {P} LV.1 Cookie from your battle area into the trash.> Select up to 1 of your opponent's Cookies. During this turn, that Cookie deals -3 attack damage.",,,0,0,0,ST5-020,1,"<{P}> <Place 1 {P} LV.1 Cookie from your battle area into the trash.> Select up to 1 of your opponent's Cookies. During this turn, that Cookie deals -3 attack damage.",,PROMOTION,
ST5-020,ST5,020,Forbidden Grimoire,Starter Deck PURPLE,TRAP,PURPLE,PURPLE,,,,U,,,"<{P}> <Place 1 {P} LV.1 Cookie from your battle area into the trash.> Select up to 1 of your opponent's Cookies. During this turn, that Cookie deals -3 attack damage.",,0,0,0,ST5-020,0,"<{P}> <Place 1 {P} LV.1 Cookie from your battle area into the trash.> Select up to 1 of your opponent's Cookies. During this turn, that Cookie deals -3 attack damage.",,UNCOMMON,
ST5-019,ST5,019,Pastry Boomerang,Starter Deck PURPLE,ITEM,PURPLE,PURPLE,,,,U,,,"<{P}{P}> If your opponent has 20 cards or more in their trash, select up to 1 of your opponent's Cookies. That Cookie receives 1 damage. Then, you can draw 1 card from your deck.",,0,0,0,ST5-019,0,"<{P}{P}> If your opponent has 20 cards or more in their trash, select up to 1 of your opponent's Cookies. That Cookie receives 1 damage. Then, you can draw 1 card from your deck.",,UNCOMMON,
ST5-018,ST5,018,Dragonfly Candy Brooch,Starter Deck PURPLE,ITEM,PURPLE,PURPLE,,,,U,,,<{P}{P}{P}> Place 1 of your opponent's Cookies whose remaining HP is 4 or less into the trash.,,0,0,0,ST5-018,0,<{P}{P}{P}> Place 1 of your opponent's Cookies whose remaining HP is 4 or less into the trash.,,UNCOMMON,
ST5-017,ST5,017,Violet Dragonspout,Starter Deck PURPLE,ITEM,PURPLE,PURPLE,,,,U,,,<{P}{P}> Place 1 random card from your opponent's hand into the trash.,,0,0,0,ST5-017,0,<{P}{P}> Place 1 random card from your opponent's hand into the trash.,,UNCOMMON,
ST5-016,ST5,016,BONUS Coin,Starter Deck PURPLE,ITEM,PURPLE,PURPLE,,,,U,,,"<{P}> If your opponent has 30 cards or more in their trash, you can draw up to 2 cards from your deck.",,0,0,0,ST5-016,0,"<{P}> If your opponent has 30 cards or more in their trash, you can draw up to 2 cards from your deck.",,UNCOMMON,
ST5-015,ST5,015,Rye Cookie,Starter Deck PURPLE,COOKIE,PURPLE,PURPLE,3,5,,SR,,【Activate】 <{P}{P}> Place 1 of your opponent's Cookies from their battle area into the trash.,<{P}{P}{P}> Deals 3 damage.,,0,0,0,ST5-015,0,"【Activate】 <{P}{P}> Place 1 of your opponent's Cookies from their battle area into the trash.
<{P}{P}{P}> Deals 3 damage.",,SUPER RARE,
ST5-014,ST5,014,Pancake Cookie,Starter Deck PURPLE,FLIP,PURPLE,PURPLE,3,3,,U,,,<{P}{P}{P}> Deals 3 damage.,<Discard 1 card.> The Cookie with this card attached for HP gains +1 HP.,0,0,0,ST5-014,0,"<{P}{P}{P}> Deals 3 damage.
<Discard 1 card.> The Cookie with this card attached for HP gains +1 HP.",,UNCOMMON,
ST5-013,ST5,013,Pilot Cookie,Starter Deck PURPLE,COOKIE,PURPLE,PURPLE,2,2,,C,,"【Activate】 【Once Per Turn】 <{P}> <Place 1 {P} LV.1 Cookie from your battle area into the trash.> During this turn, this Cookie gains +1 attack damage.",<{P}{P}{P}> Deals 3 damage.,,0,0,0,ST5-013,0,"【Activate】 【Once Per Turn】 <{P}> <Place 1 {P} LV.1 Cookie from your battle area into the trash.> During this turn, this Cookie gains +1 attack damage.
<{P}{P}{P}> Deals 3 damage.",,COMMON,
ST5-012@1,ST5,012@1,Clover Cookie,promotion card,FLIP,PURPLE,PURPLE,2,2,,P,,,<{P}{P}> Did you enjoy my song? deals 2,<Discard 1 card.> The Cookie with this card attached for HP gains +1 HP.,0,0,0,ST5-012,1,"<{P}{P}> Did you enjoy my song? deals 2
<Discard 1 card.> The Cookie with this card attached for HP gains +1 HP.",,PROMOTION,
ST5-012,ST5,012,Clover Cookie,Starter Deck PURPLE,FLIP,PURPLE,PURPLE,2,2,,C,,,<{P}{P}> Deals 2 damage.,<Discard 1 card.> The Cookie with this card attached for HP gains +1 HP.,0,0,0,ST5-012,0,"<{P}{P}> Deals 2 damage.
<Discard 1 card.> The Cookie with this card attached for HP gains +1 HP.",,COMMON,
ST5-011,ST5,011,Tiger Lily Cookie,Starter Deck PURPLE,COOKIE,,MIX,2,3,,U,,,<{N}> Deals 1 damage.,,0,0,0,ST5-011,0,<{N}> Deals 1 damage.,,UNCOMMON,
ST5-010,ST5,010,Carol Cookie,Starter Deck PURPLE,COOKIE,PURPLE,PURPLE,2,4,,U,,【Activate】 <{P}> Place 1 of your opponent's Cookies whose remaining HP is 2 or less into the trash.,<{P}{P}> Deals 1 damage.,,0,0,0,ST5-010,0,"【Activate】 <{P}> Place 1 of your opponent's Cookies whose remaining HP is 2 or less into the trash.
<{P}{P}> Deals 1 damage.",,UNCOMMON,
ST5-009,ST5,009,GingerBrave,Starter Deck PURPLE,COOKIE,,MIX,1,2,,C,,,<{N}> Deals 1 damage.,,0,0,0,ST5-009,0,<{N}> Deals 1 damage.,,COMMON,
ST5-008@1,ST5,008@1,Fairy Cookie,promotion card,FLIP,PURPLE,PURPLE,1,1,,P,,,<{P}> Let's all just get along... deals 1,<Discard 1 card.> The Cookie with this card attached for HP gains +1 HP.,0,0,0,ST5-008,1,"<{P}> Let's all just get along... deals 1
<Discard 1 card.> The Cookie with this card attached for HP gains +1 HP.",,PROMOTION,
ST5-008,ST5,008,Fairy Cookie,Starter Deck PURPLE,FLIP,PURPLE,PURPLE,1,1,,C,,,<{P}> Deals 1 damage.,<Discard 1 card.> The Cookie with this card attached for HP gains +1 HP.,0,0,0,ST5-008,0,"<{P}> Deals 1 damage.
<Discard 1 card.> The Cookie with this card attached for HP gains +1 HP.",,COMMON,
ST5-007,ST5,007,Yoga Cookie,Starter Deck PURPLE,COOKIE,PURPLE,PURPLE,1,3,,C,,"【Activate】 【Once Per Turn】 <{P}> <Discard 1 card.> 
Place 1 of your opponent's LV.1 Cookies from their battle area or 1 stage card from their stage area into the trash.",<{P}{P}> Deals 1 damage.,,0,0,0,ST5-007,0,"【Activate】 【Once Per Turn】 <{P}> <Discard 1 card.> 
Place 1 of your opponent's LV.1 Cookies from their battle area or 1 stage card from their stage area into the trash.
<{P}{P}> Deals 1 damage.",,COMMON,
ST5-006,ST5,006,String Gummy Cookie,Starter Deck PURPLE,COOKIE,PURPLE,PURPLE,2,3,,SR,,【Activate】 <{P}{P}> Place 1 of your opponent's LV.2 or lower Cookies from their battle area or 1 stage card from their stage area into the trash.,<{P}> Deals 1 damage.,,0,0,0,ST5-006,0,"【Activate】 <{P}{P}> Place 1 of your opponent's LV.2 or lower Cookies from their battle area or 1 stage card from their stage area into the trash.
<{P}> Deals 1 damage.",,SUPER RARE,
ST5-005,ST5,005,Cream Puff Cookie,Starter Deck PURPLE,COOKIE,,MIX,1,3,,C,,,<{N}{N}> Deals 1 damage.,,0,0,0,ST5-005,0,<{N}{N}> Deals 1 damage.,,COMMON,
ST5-004,ST5,004,Skater Cookie,Starter Deck PURPLE,COOKIE,PURPLE,PURPLE,1,1,,C,,"When this Cookie faints, your opponent must place 1 card from their hand into the trash.",<{P}> Deals 1 damage.,,0,0,0,ST5-004,0,"When this Cookie faints, your opponent must place 1 card from their hand into the trash.
<{P}> Deals 1 damage.",,COMMON,
ST5-003@1,ST5,003@1,Fig Cookie,promotion card,FLIP,PURPLE,PURPLE,1,1,,P,,,<{P}> My new for'st friend! deals 1,Draw up to 1 card from your deck.,0,0,0,ST5-003,1,"<{P}> My new for'st friend! deals 1
Draw up to 1 card from your deck.",,PROMOTION,
ST5-003,ST5,003,Fig Cookie,Starter Deck PURPLE,FLIP,PURPLE,PURPLE,1,1,,C,,,<{P}> Deals 1 damage.,Draw up to 1 card from your deck.,0,0,0,ST5-003,0,"<{P}> Deals 1 damage.
Draw up to 1 card from your deck.",,COMMON,
ST5-002,ST5,002,GingerBright,Starter Deck PURPLE,COOKIE,,MIX,2,4,,C,,,<{N}{N}> Deals 1 damage.,,0,0,0,ST5-002,0,<{N}{N}> Deals 1 damage.,,COMMON,
ST5-001,ST5,001,Madeleine Cookie,Starter Deck PURPLE,COOKIE,PURPLE,PURPLE,3,4,,U,,【Activate】 <{P}> Place 1 of your opponent's LV.1 Cookies from their battle area or 1 stage card from their stage area into the trash.,<{P}{P}{P}> Deals 3 damage.,,0,0,0,ST5-001,0,"【Activate】 <{P}> Place 1 of your opponent's LV.1 Cookies from their battle area or 1 stage card from their stage area into the trash.
<{P}{P}{P}> Deals 3 damage.",,UNCOMMON,
ST4-022@1,ST4,022@1,Sugar Glass Dome,PROMOTION CARD,STAGE,BLUE,BLUE,,,,P,,"<{B}{B}> Place in your stage area.

【Activate】 <{B}> <Rest this card.> Draw up to 1 card from your deck.",,,0,0,0,ST4-022,1,"<{B}{B}> Place in your stage area.

【Activate】 <{B}> <Rest this card.> Draw up to 1 card from your deck.",,PROMOTION,
ST4-022,ST4,022,Sugar Glass Dome,Starter Deck BLUE,STAGE,BLUE,BLUE,,,,U,,,"<{B}{B}> Place in your stage area.
【Activate】 <{B}> <Rest this card.> You can draw 1 card from your deck.",,0,0,0,ST4-022,0,"<{B}{B}> Place in your stage area.
【Activate】 <{B}> <Rest this card.> You can draw 1 card from your deck.",,UNCOMMON,
ST4-021@2,ST4,021@2,Fallen Ice Statue,2026 NA Brave League,TRAP,BLUE,BLUE,,,,P,,"<{B}{B}> Select up to 1 of your opponent's Cookies. During this turn, that Cookie deals -2 attack damage. Then, draw up to 1 card from your deck.",,,0,0,0,ST4-021,1,"<{B}{B}> Select up to 1 of your opponent's Cookies. During this turn, that Cookie deals -2 attack damage. Then, draw up to 1 card from your deck.",,PROMOTION,
ST4-021@1,ST4,021@1,Fallen Ice Statue,PROMOTION CARD,TRAP,BLUE,BLUE,,,,P,,"<{B}{B}> Select up to 1 of your opponent's Cookies. During this turn, that Cookie deals -2 attack damage. Then, draw up to 1 card from your deck.",,,0,0,0,ST4-021,1,"<{B}{B}> Select up to 1 of your opponent's Cookies. During this turn, that Cookie deals -2 attack damage. Then, draw up to 1 card from your deck.",,PROMOTION,
ST4-021,ST4,021,Fallen Ice Statue,Starter Deck BLUE,TRAP,BLUE,BLUE,,,,U,,,"<{B}{B}> Select up to 1 of your opponent's Cookies. During this turn, that Cookie deals -2 attack damage. Then, you can draw 1 card from your deck.",,0,0,0,ST4-021,0,"<{B}{B}> Select up to 1 of your opponent's Cookies. During this turn, that Cookie deals -2 attack damage. Then, you can draw 1 card from your deck.",,UNCOMMON,
ST4-020,ST4,020,Octo-Ink Spray,Starter Deck BLUE,TRAP,BLUE,BLUE,,,,U,,,"<{B}> <Discard 2 cards.> Select up to 1 of your opponent's Cookies. During this turn, that Cookie deals -3 attack damage.",,0,0,0,ST4-020,0,"<{B}> <Discard 2 cards.> Select up to 1 of your opponent's Cookies. During this turn, that Cookie deals -3 attack damage.",,UNCOMMON,
ST4-019,ST4,019,Sugar Crystal Lamp,Starter Deck BLUE,ITEM,BLUE,BLUE,,,,U,,,"<{B}> Return all cards in your hand to your deck and shuffle it. Then, draw the same number of cards you returned to your deck.",,0,0,0,ST4-019,0,"<{B}> Return all cards in your hand to your deck and shuffle it. Then, draw the same number of cards you returned to your deck.",,UNCOMMON,
ST4-018,ST4,018,Lucky Pearls,Starter Deck BLUE,ITEM,BLUE,BLUE,,,,U,,,<{B}{B}> You can draw up to 2 cards from your deck.,,0,0,0,ST4-018,0,<{B}{B}> You can draw up to 2 cards from your deck.,,UNCOMMON,
ST4-017,ST4,017,Emergency Lifebuoy,Starter Deck BLUE,ITEM,BLUE,BLUE,,,,U,,,<{B}> Return 1 LV.1 Cookie from your battle area to your hand.,,0,0,0,ST4-017,0,<{B}> Return 1 LV.1 Cookie from your battle area to your hand.,,UNCOMMON,
ST4-016@2,ST4,016@2,Bear Jelly Ice Cream,Legacy Pack,ITEM,BLUE,BLUE,,,,P,,<{B}{B}> Return 1 {B} Cookie whose remaining HP is 3 or more to your hand.,,,0,0,0,ST4-016,1,<{B}{B}> Return 1 {B} Cookie whose remaining HP is 3 or more to your hand.,,PROMOTION,
ST4-016@1,ST4,016@1,Bear Jelly Ice Cream,Champion‘s Legacy Pack,ITEM,BLUE,BLUE,,,,P,,<{B}{B}> Return 1 {B} Cookie whose remaining HP is 3 or more to your hand.,,,0,0,0,ST4-016,1,<{B}{B}> Return 1 {B} Cookie whose remaining HP is 3 or more to your hand.,,PROMOTION,
ST4-016,ST4,016,Bear Jelly Ice Cream,Starter Deck BLUE,ITEM,BLUE,BLUE,,,,U,,,<{B}{B}> Return 1 {B} Cookie whose remaining HP is 3 or more to your hand.,,0,0,0,ST4-016,0,<{B}{B}> Return 1 {B} Cookie whose remaining HP is 3 or more to your hand.,,UNCOMMON,
ST4-015,ST4,015,Pirate Cookie,Starter Deck BLUE,COOKIE,BLUE,BLUE,2,2,,C,,,"<{B}{B}> Deals 2 damage. Then, you can draw 1 card from your deck.",,0,0,0,ST4-015,0,"<{B}{B}> Deals 2 damage. Then, you can draw 1 card from your deck.",,COMMON,
ST4-014@1,ST4,014@1,Skating Queen Cookie,promotion card,FLIP,BLUE,BLUE,1,1,,P,,,<{B}> An Amazing Performance deals 1,Draw up to 1 card from your deck.,0,0,0,ST4-014,1,"<{B}> An Amazing Performance deals 1
Draw up to 1 card from your deck.",,PROMOTION,
ST4-014,ST4,014,Skating Queen Cookie,Starter Deck BLUE,FLIP,BLUE,BLUE,1,1,,C,,,<{B}> Deals 1 damage.,Draw up to 1 card from your deck.,0,0,0,ST4-014,0,"<{B}> Deals 1 damage.
Draw up to 1 card from your deck.",,COMMON,
ST4-013,ST4,013,Captain Caviar Cookie,Starter Deck BLUE,COOKIE,BLUE,BLUE,2,3,,SR,,"【Activate】 View the top 3 cards of your deck; you can draw 1 of them to your hand. Then, place the remaining cards at the bottom of your deck in any order.","<{B}> Deals 1 damage. Then, <discard 2 cards.> Select up to 1 of your opponent's Cookies. That Cookie receives 1 damage.",,0,0,0,ST4-013,0,"【Activate】 View the top 3 cards of your deck; you can draw 1 of them to your hand. Then, place the remaining cards at the bottom of your deck in any order.
<{B}> Deals 1 damage. Then, <discard 2 cards.> Select up to 1 of your opponent's Cookies. That Cookie receives 1 damage.",,SUPER RARE,
ST4-012,ST4,012,Werewolf Cookie,Starter Deck BLUE,COOKIE,BLUE,BLUE,3,4,,U,,"【Activate】 【Once Per Turn】 <Discard 1 card.> During this turn, this Cookie gains +1 attack damage.",<{B}{B}> Deals 2 damage.,,0,0,0,ST4-012,0,"【Activate】 【Once Per Turn】 <Discard 1 card.> During this turn, this Cookie gains +1 attack damage.
<{B}{B}> Deals 2 damage.",,UNCOMMON,
ST4-011,ST4,011,GingerBrave,Starter Deck BLUE,COOKIE,,MIX,1,2,,C,,,<{N}> Deals 1 damage.,,0,0,0,ST4-011,0,<{N}> Deals 1 damage.,,COMMON,
ST4-010,ST4,010,Squid Ink Cookie,Starter Deck BLUE,COOKIE,BLUE,BLUE,1,1,,C,,"When this Cookie faints, you can draw 1 card from your deck.",<{B}> Deals 1 damage.,,0,0,0,ST4-010,0,"When this Cookie faints, you can draw 1 card from your deck.
<{B}> Deals 1 damage.",,COMMON,
ST4-009@1,ST4,009@1,Ice Candy Cookie,promotion card,FLIP,BLUE,BLUE,2,2,,P,,,<{B}{B}> Me tired? Ha! deals 2,<Discard 1 card.> The Cookie with this card attached for HP gains +1 HP.,0,0,0,ST4-009,1,"<{B}{B}> Me tired? Ha! deals 2
<Discard 1 card.> The Cookie with this card attached for HP gains +1 HP.",,PROMOTION,
ST4-009,ST4,009,Ice Candy Cookie,Starter Deck BLUE,FLIP,BLUE,BLUE,2,2,,C,,,<{B}{B}> Deals 2 damage.,<Discard 1 card.> The Cookie with this card attached for HP gains +1 HP.,0,0,0,ST4-009,0,"<{B}{B}> Deals 2 damage.
<Discard 1 card.> The Cookie with this card attached for HP gains +1 HP.",,COMMON,
ST4-008,ST4,008,Soda Cookie,Starter Deck BLUE,COOKIE,BLUE,BLUE,2,3,,U,,【Activate】 You can draw 1 card from your deck.,<{B}> Deals 1 damage.,,0,0,0,ST4-008,0,"【Activate】 You can draw 1 card from your deck.
<{B}> Deals 1 damage.",,UNCOMMON,
ST4-007,ST4,007,Sour Belt Cookie,Starter Deck BLUE,COOKIE,BLUE,BLUE,1,3,,C,,"【Activate】 【Once Per Turn】 <{B}> If there are 6 cards or less in your hand, you can draw 1 card from your deck.",<{B}{B}> Deals 1 damage.,,0,0,0,ST4-007,0,"【Activate】 【Once Per Turn】 <{B}> If there are 6 cards or less in your hand, you can draw 1 card from your deck.
<{B}{B}> Deals 1 damage.",,COMMON,
ST4-006@1,ST4,006@1,Peppermint Cookie,promotion card,FLIP,BLUE,BLUE,1,1,,P,,,<{B}> So soothing... deals 1,<Discard 1 card.> The Cookie with this card attached for HP gains +1 HP.,0,0,0,ST4-006,1,"<{B}> So soothing... deals 1
<Discard 1 card.> The Cookie with this card attached for HP gains +1 HP.",,PROMOTION,
ST4-006,ST4,006,Peppermint Cookie,Starter Deck BLUE,FLIP,BLUE,BLUE,1,1,,C,,,<{B}> Deals 1 damage.,<Discard 1 card.> The Cookie with this card attached for HP gains +1 HP.,0,0,0,ST4-006,0,"<{B}> Deals 1 damage.
<Discard 1 card.> The Cookie with this card attached for HP gains +1 HP.",,COMMON,
ST4-005,ST4,005,GingerBright,Starter Deck BLUE,COOKIE,,MIX,2,4,,C,,,<{N}{N}> Deals 1 damage.,,0,0,0,ST4-005,0,<{N}{N}> Deals 1 damage.,,COMMON,
ST4-004,ST4,004,Lobster Cookie,Starter Deck BLUE,COOKIE,BLUE,BLUE,3,5,,SR,,【Activate】 【Once Per Turn】 <Discard 3 cards.> Set this Cookie and 1 card in your support area as active.,<{B}{B}{B}> Deals 3 damage.,,0,0,0,ST4-004,0,"【Activate】 【Once Per Turn】 <Discard 3 cards.> Set this Cookie and 1 card in your support area as active.
<{B}{B}{B}> Deals 3 damage.",,SUPER RARE,
ST4-003,ST4,003,Dr. Wasabi Cookie,Starter Deck BLUE,FLIP,BLUE,BLUE,3,3,,U,,,<{B}{B}{B}> Deals 3 damage.,<Discard 1 card.> The Cookie with this card attached for HP gains +1 HP.,0,0,0,ST4-003,0,"<{B}{B}{B}> Deals 3 damage.
<Discard 1 card.> The Cookie with this card attached for HP gains +1 HP.",,UNCOMMON,
ST4-002,ST4,002,Snow Sugar Cookie,Starter Deck BLUE,COOKIE,,MIX,1,3,,C,,,<{N}{N}> Deals 1 damage.,,0,0,0,ST4-002,0,<{N}{N}> Deals 1 damage.,,COMMON,
ST4-001,ST4,001,Candy Diver Cookie,Starter Deck BLUE,COOKIE,,MIX,2,3,,U,,,<{N}> Deals 1 damage.,,0,0,0,ST4-001,0,<{N}> Deals 1 damage.,,UNCOMMON,
ST3-022@1,ST3,022@1,Guardian Tree's Blessing,PROMOTION CARD,STAGE,GREEN,GREEN,,,,P,,"<{G}> Place in your stage area.

【Activate】 <Rest this card.> Add 1 card from your support area to your hand. Then, draw up to 1 card from your deck.",,,0,0,0,ST3-022,1,"<{G}> Place in your stage area.

【Activate】 <Rest this card.> Add 1 card from your support area to your hand. Then, draw up to 1 card from your deck.",,PROMOTION,
ST3-022,ST3,022,Guardian Tree's Blessing,Starter Deck GREEN,STAGE,GREEN,GREEN,,,,U,,,"<{G}> Place in your stage area.

【Activate】 <Rest this card.> Take 1 card from your support area to your hand. If you did, you can draw 1 card from your deck.",,0,0,0,ST3-022,0,"<{G}> Place in your stage area.

【Activate】 <Rest this card.> Take 1 card from your support area to your hand. If you did, you can draw 1 card from your deck.",,UNCOMMON,
ST3-021,ST3,021,Breath of the Flute,Starter Deck GREEN,TRAP,GREEN,GREEN,,,,U,,,"<{G}> If any of your {G} Cookies fainted during this battle, take the top card from your deck and place it in your support area as rested.",,0,0,0,ST3-021,0,"<{G}> If any of your {G} Cookies fainted during this battle, take the top card from your deck and place it in your support area as rested.",,UNCOMMON,
ST3-020@1,ST3,020@1,Divine Light Crystal,promotion card,TRAP,GREEN,GREEN,,,,P,,<{G}{G}> Select up to 1 of your Cookies. That Cookie's HP cannot reach 0 during this battle.,,,0,0,0,ST3-020,1,<{G}{G}> Select up to 1 of your Cookies. That Cookie's HP cannot reach 0 during this battle.,,PROMOTION,
ST3-020,ST3,020,Divine Light Crystal,Starter Deck GREEN,TRAP,GREEN,GREEN,,,,U,,,<{G}{G}> Select up to 1 of your Cookies. That Cookie's HP cannot reach 0 during this battle.,,0,0,0,ST3-020,0,<{G}{G}> Select up to 1 of your Cookies. That Cookie's HP cannot reach 0 during this battle.,,UNCOMMON,
ST3-019@1,ST3,019@1,Supreme Whipped Cream,promotion card,COOKIE,GREEN,GREEN,,,,P,,"<{G}> Select up to 1 of your opponent's Cookies. During this turn, that Cookie deals -3 attack damage. Then, place 1 card from your support area into the trash.",,,0,0,0,ST3-019,1,"<{G}> Select up to 1 of your opponent's Cookies. During this turn, that Cookie deals -3 attack damage. Then, place 1 card from your support area into the trash.",,PROMOTION,
ST3-019,ST3,019,Supreme Whipped Cream,Starter Deck GREEN,TRAP,GREEN,GREEN,,,,U,,,"<{G}> Select up to 1 of your opponent's Cookies. During this turn, that Cookie deals -3 attack damage. Then, place 1 card from your support area into the trash.",,0,0,0,ST3-019,0,"<{G}> Select up to 1 of your opponent's Cookies. During this turn, that Cookie deals -3 attack damage. Then, place 1 card from your support area into the trash.",,UNCOMMON,
ST3-018,ST3,018,Parsley Tea of Invigoration,Starter Deck GREEN,ITEM,GREEN,GREEN,,,,U,,,<{G}{G}> Play 1 Cookie from your trash.,,0,0,0,ST3-018,0,<{G}{G}> Play 1 Cookie from your trash.,,UNCOMMON,
ST3-017,ST3,017,Viney Vines,Starter Deck GREEN,ITEM,GREEN,GREEN,,,,U,,,"<{G}{G}> Select up to 2 of your opponent's Cookies. Those Cookies receive 1 damage each. Then, place 1 card from your support area into the trash.",,0,0,0,ST3-017,0,"<{G}{G}> Select up to 2 of your opponent's Cookies. Those Cookies receive 1 damage each. Then, place 1 card from your support area into the trash.",,UNCOMMON,
ST3-016@2,ST3,016@2,Ancient Healer's Gaze,Legacy Pack,ITEM,GREEN,GREEN,,,,P,,<{G}{G}{G}> Select 1 Cookie from your battle area that is LV.2 or lower and place it in your support area as active.,,,0,0,0,ST3-016,1,<{G}{G}{G}> Select 1 Cookie from your battle area that is LV.2 or lower and place it in your support area as active.,,PROMOTION,
ST3-016@1,ST3,016@1,Ancient Healer's Gaze,Champion‘s Legacy Pack,ITEM,GREEN,GREEN,,,,P,,<{G}{G}{G}> Select 1 Cookie from your battle area that is LV.2 or lower and place it in your support area as active.,,,0,0,0,ST3-016,1,<{G}{G}{G}> Select 1 Cookie from your battle area that is LV.2 or lower and place it in your support area as active.,,PROMOTION,
ST3-016,ST3,016,Ancient Healer's Gaze,Starter Deck GREEN,ITEM,GREEN,GREEN,,,,U,,,<{G}{G}{G}> Select 1 Cookie from your battle area that is LV.2 or lower and place it in your support area as active.,,0,0,0,ST3-016,0,<{G}{G}{G}> Select 1 Cookie from your battle area that is LV.2 or lower and place it in your support area as active.,,UNCOMMON,
ST3-015,ST3,015,Chili Pepper Cookie,Starter Deck GREEN,COOKIE,GREEN,GREEN,3,4,,U,,"【Activate】 【Once Per Turn】 <Place 1 card from your support area into the trash.> During this turn, this Cookie gains +1 attack damage.",<{G}{G}{G}> Deals 3 damage.,,0,0,0,ST3-015,0,"【Activate】 【Once Per Turn】 <Place 1 card from your support area into the trash.> During this turn, this Cookie gains +1 attack damage.
<{G}{G}{G}> Deals 3 damage.",,UNCOMMON,
ST3-014@1,ST3,014@1,Angel Cookie,promotion card,FLIP,GREEN,GREEN,1,1,,P,,,"<{G}> Be happy...! deals 1 Then, place up to 3 cards from the top of your deck into the trash.",<Discard 1 card.> The Cookie with this card attached for HP gains +1 HP.,0,0,0,ST3-014,1,"<{G}> Be happy...! deals 1 Then, place up to 3 cards from the top of your deck into the trash.
<Discard 1 card.> The Cookie with this card attached for HP gains +1 HP.",,PROMOTION,
ST3-014,ST3,014,Angel Cookie,Starter Deck GREEN,FLIP,GREEN,GREEN,1,1,,C,,,<{G}> Deals 1 damage.,<Discard 1 card.> The Cookie with this card attached for HP gains +1 HP.,0,0,0,ST3-014,0,"<{G}> Deals 1 damage.
<Discard 1 card.> The Cookie with this card attached for HP gains +1 HP.",,COMMON,
ST3-013,ST3,013,Knight Cookie,Starter Deck GREEN,COOKIE,,MIX,1,3,,C,,,<{N}{N}> Deals 1 damage.,,0,0,0,ST3-013,0,<{N}{N}> Deals 1 damage.,,COMMON,
ST3-012,ST3,012,GingerBrave,Starter Deck GREEN,COOKIE,,MIX,1,2,,C,,,<{N}> Deals 1 damage.,,0,0,0,ST3-012,0,<{N}> Deals 1 damage.,,COMMON,
ST3-011,ST3,011,Onion Cookie,Starter Deck GREEN,FLIP,GREEN,GREEN,2,2,,C,,,<{G}{G}> Deals 2 damage.,<Discard 1 card.> The Cookie with this card attached for HP gains +1 HP.,0,0,0,ST3-011,0,"<{G}{G}> Deals 2 damage.
<Discard 1 card.> The Cookie with this card attached for HP gains +1 HP.",,COMMON,
ST3-010,ST3,010,Aloe Cookie,Starter Deck GREEN,COOKIE,GREEN,GREEN,2,3,,SR,,【Activate】 <{G}{G}> Take 1 card from the top your deck and place it in your support area as active.,<{G}> Deals 1 damage.,,0,0,0,ST3-010,0,"【Activate】 <{G}{G}> Take 1 card from the top your deck and place it in your support area as active.
<{G}> Deals 1 damage.",,SUPER RARE,
ST3-009,ST3,009,Avocado Cookie,Starter Deck GREEN,COOKIE,GREEN,GREEN,2,2,,C,,"【Activate】 【Once Per Turn】 <{G}> During this turn, this Cookie gains +1 attack damage.",<{G}{G}{G}> Deals 3 damage.,,0,0,0,ST3-009,0,"【Activate】 【Once Per Turn】 <{G}> During this turn, this Cookie gains +1 attack damage.
<{G}{G}{G}> Deals 3 damage.",,COMMON,
ST3-008@1,ST3,008@1,Spinach Cookie,promotion card,FLIP,GREEN,GREEN,1,1,,P,,,<{G}> Eat veggies when hungry! deals 1,Draw up to 1 card from your deck.,0,0,0,ST3-008,1,"<{G}> Eat veggies when hungry! deals 1
Draw up to 1 card from your deck.",,PROMOTION,
ST3-008,ST3,008,Spinach Cookie,Starter Deck GREEN,FLIP,GREEN,GREEN,1,1,,C,,,<{G}> Deals 1 damage.,Draw up to 1 card from your deck.,0,0,0,ST3-008,0,"<{G}> Deals 1 damage.
Draw up to 1 card from your deck.",,COMMON,
ST3-007@1,ST3,007@1,Sparkling Cookie,promotion card,FLIP,GREEN,GREEN,3,3,,P,,,<{G}{G}{G}> This glass is on the house. deals 3,<Discard 1 card.> The Cookie with this card attached for HP gains +1 HP.,0,0,0,ST3-007,1,"<{G}{G}{G}> This glass is on the house. deals 3
<Discard 1 card.> The Cookie with this card attached for HP gains +1 HP.",,PROMOTION,
ST3-007,ST3,007,Sparkling Cookie,Starter Deck GREEN,FLIP,GREEN,GREEN,3,3,,U,,,<{G}{G}{G}> Deals 3 damage.,<Discard 1 card.> The Cookie with this card attached for HP gains +1 HP.,0,0,0,ST3-007,0,"<{G}{G}{G}> Deals 3 damage.
<Discard 1 card.> The Cookie with this card attached for HP gains +1 HP.",,UNCOMMON,
ST3-006,ST3,006,Beet Cookie,Starter Deck GREEN,COOKIE,,MIX,2,3,,U,,,<{N}> Deals 1 damage.,,0,0,0,ST3-006,0,<{N}> Deals 1 damage.,,UNCOMMON,
ST3-005,ST3,005,Blackberry Cookie,Starter Deck GREEN,COOKIE,GREEN,GREEN,2,2,,C,,【Activate】 【Once Per Turn】 <Place 1 card from your support area into the trash.> Select up to 1 of your opponent's Cookies. That Cookie receives 1 damage.,<{G}{G}> Deals 2 damage.,,0,0,0,ST3-005,0,"【Activate】 【Once Per Turn】 <Place 1 card from your support area into the trash.> Select up to 1 of your opponent's Cookies. That Cookie receives 1 damage.
<{G}{G}> Deals 2 damage.",,COMMON,
ST3-004,ST3,004,Vampire Cookie,Starter Deck GREEN,COOKIE,GREEN,GREEN MIX,3,3,,U,,"【Activate】 <{G}{G}{G}{N}> Select up to 1 of your opponent's Cookies. That Cookie receives 2 damage. Then, this Cookie gains +1 HP.",<{G}{G}{N}> Deals 3 damage.,,0,0,0,ST3-004,0,"【Activate】 <{G}{G}{G}{N}> Select up to 1 of your opponent's Cookies. That Cookie receives 2 damage. Then, this Cookie gains +1 HP.
<{G}{G}{N}> Deals 3 damage.",,UNCOMMON,
ST3-003,ST3,003,GingerBright,Starter Deck GREEN,COOKIE,,MIX,2,4,,C,,,<{N}{N}> Deals 1 damage.,,0,0,0,ST3-003,0,<{N}{N}> Deals 1 damage.,,COMMON,
ST3-002,ST3,002,Strawberry Crepe Cookie,Starter Deck GREEN,COOKIE,GREEN,GREEN,3,6,,SR,,【Activate】 【Once Per Turn】 <Place 1 card from your support area into the trash.> Select up to 1 of your opponent's Cookies. That Cookie receives 1 damage.,<{G}{G}{G}{G}> Deals 3 damage.,,0,0,0,ST3-002,0,"【Activate】 【Once Per Turn】 <Place 1 card from your support area into the trash.> Select up to 1 of your opponent's Cookies. That Cookie receives 1 damage.
<{G}{G}{G}{G}> Deals 3 damage.",,SUPER RARE,
ST3-001,ST3,001,Muscle Cookie,Starter Deck GREEN,COOKIE,GREEN,GREEN MIX,2,2,,C,,【Activate】 【Once Per Turn】 <{G}{G}> This Cookie gains +1 HP.,<{G}{N}> Deals 1 damage.,,0,0,0,ST3-001,0,"【Activate】 【Once Per Turn】 <{G}{G}> This Cookie gains +1 HP.
<{G}{N}> Deals 1 damage.",,COMMON,
ST2-021,ST2,021,Pretzel Snare,Starter Deck YELLOW,TRAP,YELLOW,YELLOW,,,,U,,,"<{Y}{Y}> If 1 of your opponent's Cookies attacks more than 4 damage, select up to 1 of your opponent's Cookies. That Cookie receives 1 damage.",,0,0,0,ST2-021,0,"<{Y}{Y}> If 1 of your opponent's Cookies attacks more than 4 damage, select up to 1 of your opponent's Cookies. That Cookie receives 1 damage.",,UNCOMMON,
ST2-020@2,ST2,020@2,Winding Key Shield,Legacy Pack,TRAP,YELLOW,YELLOW,,,,P,,"<{Y}{Y}> If your break area is LV.5 or higher, select up to 1 of your opponent's Cookies. During this turn, that Cookie deals -3 attack damage.",,,0,0,0,ST2-020,1,"<{Y}{Y}> If your break area is LV.5 or higher, select up to 1 of your opponent's Cookies. During this turn, that Cookie deals -3 attack damage.",,PROMOTION,
ST2-020@1,ST2,020@1,Winding Key Shield,Champion‘s Legacy Pack,TRAP,YELLOW,YELLOW,,,,P,,"<{Y}{Y}> If your break area is LV.5 or higher, select up to 1 of your opponent's Cookies. During this turn, that Cookie deals -3 attack damage.",,,0,0,0,ST2-020,1,"<{Y}{Y}> If your break area is LV.5 or higher, select up to 1 of your opponent's Cookies. During this turn, that Cookie deals -3 attack damage.",,PROMOTION,
ST2-020,ST2,020,Winding Key Shield,Starter Deck YELLOW,TRAP,YELLOW,YELLOW,,,,U,,,"<{Y}{Y}> If your break area is LV.5 or higher, select up to 1 of your opponent's Cookies. During this turn, that Cookie deals -3 attack damage.",,0,0,0,ST2-020,0,"<{Y}{Y}> If your break area is LV.5 or higher, select up to 1 of your opponent's Cookies. During this turn, that Cookie deals -3 attack damage.",,UNCOMMON,
ST2-019,ST2,019,Multi-Vitamin Honey Bomb,Starter Deck YELLOW,ITEM,YELLOW,YELLOW,,,,U,,,"<{Y}{Y}> If your break area is LV.6 or higher, all Cookies currently in your battle area gain +1 attack damage during this turn.",,0,0,0,ST2-019,0,"<{Y}{Y}> If your break area is LV.6 or higher, all Cookies currently in your battle area gain +1 attack damage during this turn.",,UNCOMMON,
ST2-018,ST2,018,Time Travel Ticket,Starter Deck YELLOW,ITEM,YELLOW,YELLOW,,,,U,,,"<{Y}> Draw 1 card from your deck. Then, select up to 1 of your Cookies and view all its HP cards. (You cannot switch the order of HP cards.)",,0,0,0,ST2-018,0,"<{Y}> Draw 1 card from your deck. Then, select up to 1 of your Cookies and view all its HP cards. (You cannot switch the order of HP cards.)",,UNCOMMON,
ST2-016,ST2,016,Flimsy Screwdriver,Starter Deck YELLOW,ITEM,YELLOW,YELLOW,,,,U,,,"<{Y}> Select up to 1 of your opponent's Cookies. During this turn, that Cookie's HP-attached FLIP effect cannot be activated.",,0,0,0,ST2-016,0,"<{Y}> Select up to 1 of your opponent's Cookies. During this turn, that Cookie's HP-attached FLIP effect cannot be activated.",,UNCOMMON,
ST2-015,ST2,015,Hero Cookie,Starter Deck YELLOW,COOKIE,YELLOW,YELLOW MIX,2,3,,C,,,"<{Y}{Y}{N}{N}> Deals 3 damage. Then, select up to 1 of your opponent's LV.1 Cookies. That Cookie cannot attack during the next turn.",,0,0,0,ST2-015,0,"<{Y}{Y}{N}{N}> Deals 3 damage. Then, select up to 1 of your opponent's LV.1 Cookies. That Cookie cannot attack during the next turn.",,COMMON,
ST2-014@1,ST2,014@1,Custard Cookie III,promotion card,FLIP,YELLOW,YELLOW,3,3,,P,,,"<{Y}{Y}{Y}> The Royal Procession deals 3 Then, when your turn ends, set up to 1 card from your support area as active.",<Discard 1 card.> The Cookie with this card attached for HP gains +1 HP.,0,0,0,ST2-014,1,"<{Y}{Y}{Y}> The Royal Procession deals 3 Then, when your turn ends, set up to 1 card from your support area as active.
<Discard 1 card.> The Cookie with this card attached for HP gains +1 HP.",,PROMOTION,
ST2-014,ST2,014,Custard Cookie III,Starter Deck YELLOW,FLIP,YELLOW,YELLOW,3,3,,U,,,<{Y}{Y}{Y}> Deals 3 damage.,<Discard 1 card.> The Cookie with this card attached for HP gains +1 HP.,0,0,0,ST2-014,0,"<{Y}{Y}{Y}> Deals 3 damage.
<Discard 1 card.> The Cookie with this card attached for HP gains +1 HP.",,UNCOMMON,
ST2-013,ST2,013,Cheesecake Cookie,Starter Deck YELLOW,COOKIE,,MIX,2,3,,U,,,<{N}> Deals 1 damage.,,0,0,0,ST2-013,0,<{N}> Deals 1 damage.,,UNCOMMON,
ST2-012,ST2,012,Cheerleader Cookie,Starter Deck YELLOW,FLIP,YELLOW,YELLOW,2,2,,C,,,<{Y}{Y}> Deals 2 damage.,<Discard 1 card.> The Cookie with this card attached for HP gains +1 HP.,0,0,0,ST2-012,0,"<{Y}{Y}> Deals 2 damage.
<Discard 1 card.> The Cookie with this card attached for HP gains +1 HP.",,COMMON,
ST2-011,ST2,011,Cherry Cookie,Starter Deck YELLOW,COOKIE,YELLOW,YELLOW MIX,2,3,,C,,"When this Cookie faints, select up to 1 of your opponent's Cookies. That Cookie receives 1 damage.",<{Y}{Y}{N}> Deals 2 damage.,,0,0,0,ST2-011,0,"When this Cookie faints, select up to 1 of your opponent's Cookies. That Cookie receives 1 damage.
<{Y}{Y}{N}> Deals 2 damage.",,COMMON,
ST2-010,ST2,010,Purple Yam Cookie,Starter Deck YELLOW,COOKIE,YELLOW,YELLOW MIX,3,4,,U,,"【Activate】 <{Y}> If your break area is LV.6 or higher, select up to 1 LV.1 card from your break area and place it in the trash.",<{Y}{Y}{N}{N}> Deals 4 damage.,,0,0,0,ST2-010,0,"【Activate】 <{Y}> If your break area is LV.6 or higher, select up to 1 LV.1 card from your break area and place it in the trash.
<{Y}{Y}{N}{N}> Deals 4 damage.",,UNCOMMON,
ST2-009,ST2,009,GingerBrave,Starter Deck YELLOW,COOKIE,,MIX,1,2,,C,,,<{N}> Deals 1 damage.,,0,0,0,ST2-009,0,<{N}> Deals 1 damage.,,COMMON,
ST2-008,ST2,008,Eclair Cookie,Starter Deck YELLOW,COOKIE,YELLOW,YELLOW,3,5,,SR,,【Activate】 <{Y}{Y}> Select up to 1 LV.1 card from your break area and place it in the trash.,<{Y}{Y}{Y}{Y}> Deals 4 damage.,,0,0,0,ST2-008,0,"【Activate】 <{Y}{Y}> Select up to 1 LV.1 card from your break area and place it in the trash.
<{Y}{Y}{Y}{Y}> Deals 4 damage.",,SUPER RARE,
ST2-007@1,ST2,007@1,Chestnut Cookie,promotion card,FLIP,YELLOW,YELLOW,1,1,,P,,,<{Y}> I have to deliver safely! deals 1,Draw up to 1 card from your deck.,0,0,0,ST2-007,1,"<{Y}> I have to deliver safely! deals 1
Draw up to 1 card from your deck.",,PROMOTION,
ST2-007,ST2,007,Chestnut Cookie,Starter Deck YELLOW,FLIP,YELLOW,YELLOW,1,1,,C,,,<{Y}> Deals 1 damage.,Draw up to 1 card from your deck.,0,0,0,ST2-007,0,"<{Y}> Deals 1 damage.
Draw up to 1 card from your deck.",,COMMON,
ST2-006,ST2,006,GingerBright,Starter Deck YELLOW,COOKIE,,MIX,2,4,,C,,,<{N}{N}> Deals 1 damage.,,0,0,0,ST2-006,0,<{N}{N}> Deals 1 damage.,,COMMON,
ST2-005@1,ST2,005@1,Mustard Cookie,promotion card,FLIP,YELLOW,YELLOW,1,1,,P,,,<{Y}> Freedom of taste! deals 1,<Discard 1 card.> The Cookie with this card attached for HP gains +1 HP.,0,0,0,ST2-005,1,"<{Y}> Freedom of taste! deals 1
<Discard 1 card.> The Cookie with this card attached for HP gains +1 HP.",,PROMOTION,
ST2-005,ST2,005,Mustard Cookie,Starter Deck YELLOW,FLIP,YELLOW,YELLOW,1,1,,C,,,<{Y}> Deals 1 damage.,<Discard 1 card.> The Cookie with this card attached for HP gains +1 HP.,0,0,0,ST2-005,0,"<{Y}> Deals 1 damage.
<Discard 1 card.> The Cookie with this card attached for HP gains +1 HP.",,COMMON,
ST2-004,ST2,004,Macaron Cookie,Starter Deck YELLOW,COOKIE,YELLOW,YELLOW,2,2,,U,,【Activate】 <{Y}> Select up to 1 of your other Cookies. That Cookie gains +1 HP.,<{Y}> Deals 1 damage.,,0,0,0,ST2-004,0,"【Activate】 <{Y}> Select up to 1 of your other Cookies. That Cookie gains +1 HP.
<{Y}> Deals 1 damage.",,UNCOMMON,
ST2-003@1,ST2,003@1,Wizard Cookie,promotion card,COOKIE,YELLOW,YELLOW MIX,3,3,,P,,-,"<{Y}{Y}{N}> Magic Concentration deals 3
Then, select up to 1 LV.1 Cookie from your break area. Place that Cookie in your trash.",,0,0,0,ST2-003,1,"-
<{Y}{Y}{N}> Magic Concentration deals 3
Then, select up to 1 LV.1 Cookie from your break area. Place that Cookie in your trash.",,PROMOTION,
ST2-003,ST2,003,Wizard Cookie,Starter Deck YELLOW,COOKIE,YELLOW,YELLOW MIX,3,3,,C,,,"<{Y}{Y}{N}> Deals 3 damage. Then, select up to 1 LV.1 card from your break area and place it in the trash.",,0,0,0,ST2-003,0,"<{Y}{Y}{N}> Deals 3 damage. Then, select up to 1 LV.1 card from your break area and place it in the trash.",,COMMON,
ST2-002,ST2,002,Strawberry Cookie,Starter Deck YELLOW,COOKIE,,MIX,1,3,,C,,,<{N}{N}> Deals 1 damage.,,0,0,0,ST2-002,0,<{N}{N}> Deals 1 damage.,,COMMON,
ST2-001,ST2,001,Roguefort Cookie,Starter Deck YELLOW,COOKIE,YELLOW,YELLOW MIX,3,6,,SR,,【Activate】 <{Y}> Your opponent must place 1 card from their hand into the trash.,<{Y}{Y}{Y}{N}> Deals 3 damage.,,0,0,0,ST2-001,0,"【Activate】 <{Y}> Your opponent must place 1 card from their hand into the trash.
<{Y}{Y}{Y}{N}> Deals 3 damage.",,SUPER RARE,
ST10-020,ST10,020,Wizard Archives,Glorious Moonlight,STAGE,PURPLE,PURPLE,,,,U,,"<{P}> Place in your stage area.

【Activate】 <Rest this card.> Place up to 1 {P} LV.1 Cookie from your battle area into your trash.",,,0,0,0,ST10-020,0,"<{P}> Place in your stage area.

【Activate】 <Rest this card.> Place up to 1 {P} LV.1 Cookie from your battle area into your trash.",,UNCOMMON,
ST10-019,ST10,019,Sleeping Moon,Glorious Moonlight,TRAP,PURPLE,PURPLE,,,,U,,"<{P}> Select up to 1 of your opponent's Cookies. During this turn, that Cookie deals -1 attack damage. Then, if there are 20 cards or more in your trash, that Cookie deals an additional -1 attack damage.",,,0,0,0,ST10-019,0,"<{P}> Select up to 1 of your opponent's Cookies. During this turn, that Cookie deals -1 attack damage. Then, if there are 20 cards or more in your trash, that Cookie deals an additional -1 attack damage.",,UNCOMMON,
ST10-018,ST10,018,Reunion of Star and Moon,Glorious Moonlight,TRAP,PURPLE,PURPLE,,,,U,,"<{P}{P}{P}> Select up to 1 of your opponent's Cookies. During this turn, that Cookie deals -2 attack damage. Then, return up to 1 {P} LV.3 Cookie from your trash to your hand.",,,0,0,0,ST10-018,0,"<{P}{P}{P}> Select up to 1 of your opponent's Cookies. During this turn, that Cookie deals -2 attack damage. Then, return up to 1 {P} LV.3 Cookie from your trash to your hand.",,UNCOMMON,
ST10-017,ST10,017,Inside the Clock Tower,Glorious Moonlight,TRAP,PURPLE,PURPLE,,,,U,,"<{P}{P}> Select up to 1 of your opponent's Cookies. During this turn, that Cookie deals -2 attack damage. Then, place up to 3 cards from the top of your deck into your trash.",,,0,0,0,ST10-017,0,"<{P}{P}> Select up to 1 of your opponent's Cookies. During this turn, that Cookie deals -2 attack damage. Then, place up to 3 cards from the top of your deck into your trash.",,UNCOMMON,
ST10-016,ST10,016,Delicate Glass Flower,Glorious Moonlight,ITEM,PURPLE,PURPLE,,,,U,,"<{P}> If there are 15 cards or more in your trash, select up to 1 of your opponent's Cookies. That Cookie receives 1 damage.",,,0,0,0,ST10-016,0,"<{P}> If there are 15 cards or more in your trash, select up to 1 of your opponent's Cookies. That Cookie receives 1 damage.",,UNCOMMON,
ST10-015,ST10,015,Essence of Moonlight,Glorious Moonlight,ITEM,PURPLE,PURPLE,,,,U,,"<{P}{P}> If [Moonlight Cookie] is in your battle area or your trash, place up to 1 card from the top of each of your opponent's Cookies' HP into the trash.",,,0,0,0,ST10-015,0,"<{P}{P}> If [Moonlight Cookie] is in your battle area or your trash, place up to 1 card from the top of each of your opponent's Cookies' HP into the trash.",,UNCOMMON,
ST10-014,ST10,014,Lunar Compendium,Glorious Moonlight,ITEM,PURPLE,PURPLE,,,,U,,<{P}> <Place 1 {P} LV.1 Cookie from your battle area into your trash.> Select up to 1 of your opponent's Cookies. That Cookie receives 1 damage.,,,0,0,0,ST10-014,0,<{P}> <Place 1 {P} LV.1 Cookie from your battle area into your trash.> Select up to 1 of your opponent's Cookies. That Cookie receives 1 damage.,,UNCOMMON,
ST10-013,ST10,013,Little Star,Glorious Moonlight,ITEM,PURPLE,PURPLE,,,,U,,<{P}> <Place 1 {P} LV.1 Cookie from your battle area into your trash.> Place up to 1 Cookie that is LV.2 or lower from your opponent's battle area into their trash.,,,0,0,0,ST10-013,0,<{P}> <Place 1 {P} LV.1 Cookie from your battle area into your trash.> Place up to 1 Cookie that is LV.2 or lower from your opponent's battle area into their trash.,,UNCOMMON,
ST10-012,ST10,012,Taurus Cookie,Glorious Moonlight,FLIP,PURPLE,PURPLE,3,4,,C,,,<{P}{P}{P}{P}> Bull Rush deals 4,<Discard 1 card.> The Cookie with this card attached for HP gains +1 HP.,0,0,0,ST10-012,0,"<{P}{P}{P}{P}> Bull Rush deals 4
<Discard 1 card.> The Cookie with this card attached for HP gains +1 HP.",,COMMON,
ST10-011,ST10,011,Cream Unicorn Cookie,Glorious Moonlight,COOKIE,PURPLE,PURPLE MIX,2,4,,C,,,<{N}{N}{N}> Fantastic Festival deals 3,,0,0,0,ST10-011,0,<{N}{N}{N}> Fantastic Festival deals 3,,COMMON,
ST10-010,ST10,010,Prophet Cookie,Glorious Moonlight,COOKIE,PURPLE,PURPLE MIX,1,2,,C,,,<{N}> Sparkling Prophecy deals 1,,0,0,0,ST10-010,0,<{N}> Sparkling Prophecy deals 1,,COMMON,
ST10-009,ST10,009,Space Doughnut,Glorious Moonlight,COOKIE,PURPLE,PURPLE,1,1,,C,Mysterious Doughnut,"When this Cookie is placed from your battle area into your trash, draw up to 1 card from your deck.",<{P}{P}> Doughnut Beam deals 1,,0,0,0,ST10-009,0,"When this Cookie is placed from your battle area into your trash, draw up to 1 card from your deck.
<{P}{P}> Doughnut Beam deals 1",,COMMON,
ST10-008,ST10,008,Stardust Cookie,Glorious Moonlight,COOKIE,PURPLE,PURPLE,2,4,,SR,Nebular Barrage,"【On Play】 If there are 15 cards or more in your trash, all of your opponent's Cookies receive 1 damage.","<{P}{P}{P}> Lost Meteor deals 3 Then, <place 1 {P} LV.1 Cookie from your battle area into your trash.> Deals 1 damage.",,0,0,0,ST10-008,0,"【On Play】 If there are 15 cards or more in your trash, all of your opponent's Cookies receive 1 damage.
<{P}{P}{P}> Lost Meteor deals 3 Then, <place 1 {P} LV.1 Cookie from your battle area into your trash.> Deals 1 damage.",,SUPER RARE,
ST10-007,ST10,007,Sugar Glass Cookie,Glorious Moonlight,FLIP,PURPLE,PURPLE,1,1,,C,,,<{P}{P}> Memory Organizing deals 2,<Discard 1 card.> The Cookie with this card attached for HP gains +1 HP.,0,0,0,ST10-007,0,"<{P}{P}> Memory Organizing deals 2
<Discard 1 card.> The Cookie with this card attached for HP gains +1 HP.",,COMMON,
ST10-006,ST10,006,Blueberry Pie Cookie,Glorious Moonlight,COOKIE,PURPLE,PURPLE,1,2,,C,Secret Grimoire,"【Your Turn】 When this Cookie is placed from your battle area into your trash, select up to 1 of your opponent's Cookies. That Cookie receives 1 damage.",<{P}{P}> Ancient Magic deals 2,,0,0,0,ST10-006,0,"【Your Turn】 When this Cookie is placed from your battle area into your trash, select up to 1 of your opponent's Cookies. That Cookie receives 1 damage.
<{P}{P}> Ancient Magic deals 2",,COMMON,
ST10-005,ST10,005,Dreamcatcher,Glorious Moonlight,COOKIE,PURPLE,PURPLE,1,2,,U,Starlight Gathering,"【On Play】 <Discard 1 card.> If [Moonlight Cookie] is in your battle area, select up to 1 of your opponent's Cookies. That Cookie receives 1 damage.",<{P}> Dream Gift deals 1,,0,0,0,ST10-005,0,"【On Play】 <Discard 1 card.> If [Moonlight Cookie] is in your battle area, select up to 1 of your opponent's Cookies. That Cookie receives 1 damage.
<{P}> Dream Gift deals 1",,COMMON,
ST10-004,ST10,004,Wizard Cookie,Glorious Moonlight,COOKIE,PURPLE,PURPLE MIX,1,3,,C,Magic Concentration,"【Blocker】 <{P}> (When one of your opponent's Cookies attacks, you can redirect the attack to this Cookie.)",<{P}{N}> Chain Lightning deals 1,,0,0,0,ST10-004,0,"【Blocker】 <{P}> (When one of your opponent's Cookies attacks, you can redirect the attack to this Cookie.)
<{P}{N}> Chain Lightning deals 1",,COMMON,
ST10-003,ST10,003,Poison Mushroom Cookie,Glorious Moonlight,FLIP,PURPLE,PURPLE,2,3,,C,,,<{P}{P}{P}> Shroom Fairy Wand deals 3,Draw up to 1 card from your deck.,0,0,0,ST10-003,0,"<{P}{P}{P}> Shroom Fairy Wand deals 3
Draw up to 1 card from your deck.",,COMMON,
ST10-002,ST10,002,Moonlight Cookie,Glorious Moonlight,COOKIE,PURPLE,PURPLE,3,6,,SR,Glorious Light,【On Play】 Play up to 1 {P} Cookie that is LV.2 or lower from your trash.,"<{P}{P}{P}> Moonlight Arrow deals 3 Then, <Place 1 {P} Cookie that is LV.2 or lower from your battle area into your trash.> Draw up to 2 cards from your deck and discard 1 card.",,0,0,0,ST10-002,0,"【On Play】 Play up to 1 {P} Cookie that is LV.2 or lower from your trash.
<{P}{P}{P}> Moonlight Arrow deals 3 Then, <Place 1 {P} Cookie that is LV.2 or lower from your battle area into your trash.> Draw up to 2 cards from your deck and discard 1 card.",,SUPER RARE,
ST10-001,ST10,001,Dreamweaver Cookie,Glorious Moonlight,FLIP,PURPLE,PURPLE,2,4,,C,,,<{P}{P}{P}> Shining Dream Dust deals 3,Return this Cookie to your hand.,0,0,0,ST10-001,0,"<{P}{P}{P}> Shining Dream Dust deals 3
Return this Cookie to your hand.",,COMMON,
ST1-022@1,ST1,022@1,Burning Jelly Volcano,PROMOTION CARD,STAGE,RED,RED,,,,P,,"<{R}{R}> Place in your stage area.

【Activate】 <{R}> <Rest this card.> Select up to 1 of your Cookies. During this turn, that Cookie gains +1 attack damage.",,,0,0,0,ST1-022,1,"<{R}{R}> Place in your stage area.

【Activate】 <{R}> <Rest this card.> Select up to 1 of your Cookies. During this turn, that Cookie gains +1 attack damage.",,PROMOTION,
ST1-022,ST1,022,Burning Jelly Volcano,Starter Deck RED,STAGE,RED,RED,,,,U,,,"<{R}{R}> Place in your stage area.

【Activate】 <{R}> <Rest this card.> Select 1 of your Cookies. During this turn, that Cookie gains +1 attack damage.",,0,0,0,ST1-022,0,"<{R}{R}> Place in your stage area.

【Activate】 <{R}> <Rest this card.> Select 1 of your Cookies. During this turn, that Cookie gains +1 attack damage.",,UNCOMMON,
ST1-021,ST1,021,Ouch-Inducing Star Jelly,Starter Deck RED,TRAP,RED,RED,,,,U,,,<{R}{R}> Select up to 1 of your opponent's Cookies whose remaining HP is 1. That Cookie receives 1 damage.,,0,0,0,ST1-021,0,<{R}{R}> Select up to 1 of your opponent's Cookies whose remaining HP is 1. That Cookie receives 1 damage.,,UNCOMMON,
ST1-020@2,ST1,020@2,Overhydrated Dough Swamp,Legacy Pack,TRAP,RED,RED,,,,P,,"<{R}> Select up to 1 of your opponent's Cookies. During this turn, that Cookie deals -2 attack damage.",,,0,0,0,ST1-020,1,"<{R}> Select up to 1 of your opponent's Cookies. During this turn, that Cookie deals -2 attack damage.",,PROMOTION,
ST1-020@1,ST1,020@1,Overhydrated Dough Swamp,Champion‘s Legacy Pack,TRAP,RED,RED,,,,P,,"<{R}> Select up to 1 of your opponent's Cookies. During this turn, that Cookie deals -2 attack damage.",,,0,0,0,ST1-020,1,"<{R}> Select up to 1 of your opponent's Cookies. During this turn, that Cookie deals -2 attack damage.",,PROMOTION,
ST1-020,ST1,020,Overhydrated Dough Swamp,Starter Deck RED,TRAP,RED,RED,,,,U,,,"<{R}> Select up to 1 of your opponent's Cookies. During this turn, that Cookie deals -2 attack damage.",,0,0,0,ST1-020,0,"<{R}> Select up to 1 of your opponent's Cookies. During this turn, that Cookie deals -2 attack damage.",,UNCOMMON,
ST1-019,ST1,019,Fiery Jelly Clump,Starter Deck RED,ITEM,RED,RED,,,,U,,,"<{R}> Select up to 1 of your Cookies. During this turn, that Cookie gains +1 attack damage.",,0,0,0,ST1-019,0,"<{R}> Select up to 1 of your Cookies. During this turn, that Cookie gains +1 attack damage.",,UNCOMMON,
ST1-018,ST1,018,Sugar-Coated Snail Shell,Starter Deck RED,ITEM,RED,RED,,,,U,,,"<{R}{R}{R}> Select up to 1 of your Cookies whose remaining HP is 1. During your opponent's next turn, that Cookie receives -2 attack damage.",,0,0,0,ST1-018,0,"<{R}{R}{R}> Select up to 1 of your Cookies whose remaining HP is 1. During your opponent's next turn, that Cookie receives -2 attack damage.",,UNCOMMON,
ST1-017,ST1,017,Exceptional Cake Knife,Starter Deck RED,ITEM,RED,RED,,,,U,,,"<{R}{R}> Select up to 1 of your Cookies whose remaining HP is 1 and is LV.2 or higher. During this turn, that Cookie gains +2 attack damage.",,0,0,0,ST1-017,0,"<{R}{R}> Select up to 1 of your Cookies whose remaining HP is 1 and is LV.2 or higher. During this turn, that Cookie gains +2 attack damage.",,UNCOMMON,
ST1-016,ST1,016,Icky Sticky Jelly,Starter Deck RED,ITEM,RED,RED,,,,U,,,<{R}{R}> Select up to 1 of your opponent's Cookies. That Cookie receives 1 damage.,,0,0,0,ST1-016,0,<{R}{R}> Select up to 1 of your opponent's Cookies. That Cookie receives 1 damage.,,UNCOMMON,
ST1-015,ST1,015,Pistachio Cookie,Starter Deck RED,FLIP,RED,RED,3,3,,U,,,<{R}{R}{R}> Deals 3 damage.,<Discard 1 card.> The Cookie with this card attached for HP gains +1 HP.,0,0,0,ST1-015,0,"<{R}{R}{R}> Deals 3 damage.
<Discard 1 card.> The Cookie with this card attached for HP gains +1 HP.",,UNCOMMON,
ST1-014,ST1,014,Peperoncino Cookie,Starter Deck RED,COOKIE,,MIX,3,6,,SR,,,<{N}{N}{N}> Deals 3 damage.,,0,0,0,ST1-014,0,<{N}{N}{N}> Deals 3 damage.,,SUPER RARE,
ST1-013@1,ST1,013@1,Adventurer Cookie,promotion card,FLIP,RED,RED,1,1,,P,,,<{R}> A brand-new map! deals 1,Draw up to 1 card from your deck.,0,0,0,ST1-013,1,"<{R}> A brand-new map! deals 1
Draw up to 1 card from your deck.",,PROMOTION,
ST1-013,ST1,013,Adventurer Cookie,Starter Deck RED,FLIP,RED,RED,1,1,,C,,,<{R}> Deals 1 damage.,Draw up to 1 card from your deck.,0,0,0,ST1-013,0,"<{R}> Deals 1 damage.
Draw up to 1 card from your deck.",,COMMON,
ST1-012,ST1,012,Zombie Cookie,Starter Deck RED,COOKIE,,MIX,1,3,,C,,,<{N}{N}> Deals 1 damage.,,0,0,0,ST1-012,0,<{N}{N}> Deals 1 damage.,,COMMON,
ST1-011,ST1,011,GingerBrave,Starter Deck RED,COOKIE,,MIX,1,2,,C,,,<{N}> Deals 1 damage.,,0,0,0,ST1-011,0,<{N}> Deals 1 damage.,,COMMON,
ST1-010,ST1,010,Alchemist Cookie,Starter Deck RED,COOKIE,RED,RED,1,1,,C,,【Activate】 <{R}{R}{R}> Select up to 2 of your opponent's Cookies. Those Cookies receive 1 damage each.,<{R}{N}{N}> Deals 2 damage.,,0,0,0,ST1-010,0,"【Activate】 <{R}{R}{R}> Select up to 2 of your opponent's Cookies. Those Cookies receive 1 damage each.
<{R}{N}{N}> Deals 2 damage.",,COMMON,
ST1-009,ST1,009,Espresso Cookie,Starter Deck RED,COOKIE,RED,RED,3,5,,SR,,"【Your Turn】 If your break area is LV.6 or higher, this Cookie gains +1 attack damage.",<{R}{R}{R}> Deals 3 damage.,,0,0,0,ST1-009,0,"【Your Turn】 If your break area is LV.6 or higher, this Cookie gains +1 attack damage.
<{R}{R}{R}> Deals 3 damage.",,SUPER RARE,
ST1-008,ST1,008,Cherry Blossom Cookie,Starter Deck RED,COOKIE,RED,RED,3,1,,U,,【Activate】 【Once Per Turn】 <{R}{R}> <Rest this card.> Select up to 2 of your opponent's Cookies. Those Cookies receive 1 damage each.,<{R}> Deals 1 damage.,,0,0,0,ST1-008,0,"【Activate】 【Once Per Turn】 <{R}{R}> <Rest this card.> Select up to 2 of your opponent's Cookies. Those Cookies receive 1 damage each.
<{R}> Deals 1 damage.",,UNCOMMON,
ST1-007,ST1,007,Mint Choco Cookie,Starter Deck RED,COOKIE,RED,RED,3,3,,C,,"【Activate】 <{R}> Select up to 1 of your other Cookies. During this turn, that Cookie gains +1 attack damage.",<{R}{R}> Deals 2 damage.,,0,0,0,ST1-007,0,"【Activate】 <{R}> Select up to 1 of your other Cookies. During this turn, that Cookie gains +1 attack damage.
<{R}{R}> Deals 2 damage.",,COMMON,
ST1-006,ST1,006,GingerBright,Starter Deck RED,COOKIE,,MIX,2,4,,C,,,<{N}{N}> Deals 1 damage.,,0,0,0,ST1-006,0,<{N}{N}> Deals 1 damage.,,COMMON,
ST1-005,ST1,005,Leek Cookie,Starter Deck RED,COOKIE,,MIX,2,3,,U,,,<{N}> Deals 1 damage.,,0,0,0,ST1-005,0,<{N}> Deals 1 damage.,,UNCOMMON,
ST1-004@1,ST1,004@1,Carrot Cookie,promotion card,FLIP,RED,RED,1,1,,P,,,<{R}> This field is my domain! deals 1,<Discard 1 card.> The Cookie with this card attached for HP gains +1 HP.,0,0,0,ST1-004,1,"<{R}> This field is my domain! deals 1
<Discard 1 card.> The Cookie with this card attached for HP gains +1 HP.",,PROMOTION,
ST1-004,ST1,004,Carrot Cookie,Starter Deck RED,FLIP,RED,RED,1,1,,C,,,<{R}> Deals 1 damage.,<Discard 1 card.> The Cookie with this card attached for HP gains +1 HP.,0,0,0,ST1-004,0,"<{R}> Deals 1 damage.
<Discard 1 card.> The Cookie with this card attached for HP gains +1 HP.",,COMMON,
ST1-003,ST1,003,Dino-Sour Cookie,Starter Deck RED,COOKIE,RED,RED,2,1,,U,,【Activate】 【Once Per Turn】 <{R}{R}{N}{N}> Select up to 2 of your opponent's Cookies. Those Cookies receive 2 damage each.,<{R}{R}{N}> Deals 2 damage.,,0,0,0,ST1-003,0,"【Activate】 【Once Per Turn】 <{R}{R}{N}{N}> Select up to 2 of your opponent's Cookies. Those Cookies receive 2 damage each.
<{R}{R}{N}> Deals 2 damage.",,UNCOMMON,
ST1-002,ST1,002,Ninja Cookie,Starter Deck RED,COOKIE,RED,RED,2,2,,C,,"【Activate】 <{R}> If your break area is LV.6 or higher, select up to 1 of your opponent's Cookies. That Cookie receives 1 damage.",<{R}{R}> Deals 2 damage.,,0,0,0,ST1-002,0,"【Activate】 <{R}> If your break area is LV.6 or higher, select up to 1 of your opponent's Cookies. That Cookie receives 1 damage.
<{R}{R}> Deals 2 damage.",,COMMON,
ST1-001@1,ST1,001@1,Princess Cookie,promotion card,FLIP,RED,RED,2,2,,P,,,<{R}{R}> I demand adventure! deals 2,<Discard 1 card.> The Cookie with this card attached for HP gains +1 HP.,0,0,0,ST1-001,1,"<{R}{R}> I demand adventure! deals 2
<Discard 1 card.> The Cookie with this card attached for HP gains +1 HP.",,PROMOTION,
ST1-001,ST1,001,Princess Cookie,Starter Deck RED,FLIP,RED,RED,2,2,,C,,,<{R}{R}> Deals 2 damage.,<Discard 1 card.> The Cookie with this card attached for HP gains +1 HP.,0,0,0,ST1-001,0,"<{R}{R}> Deals 2 damage.
<Discard 1 card.> The Cookie with this card attached for HP gains +1 HP.",,COMMON,
P-162,P,162,Candy Apple Cookie,Ancient Scriptures Promotion Pack,FLIP,BLACK,BLACK,1,1,,P,,,<{K}{K}> The Feast of Corruption deals 2,<Discard 1 card.> The Cookie with this card attached for HP gains +1 HP.,0,0,0,P-162,0,"<{K}{K}> The Feast of Corruption deals 2
<Discard 1 card.> The Cookie with this card attached for HP gains +1 HP.",,PROMOTION,
P-161,P,161,Candy Apple Cookie,Ancient Scriptures Promotion Pack,FLIP,PURPLE,PURPLE,1,1,,P,,,<{P}{P}> The Feast of Corruption deals 2,<Discard 1 card.> The Cookie with this card attached for HP gains +1 HP.,0,0,0,P-161,0,"<{P}{P}> The Feast of Corruption deals 2
<Discard 1 card.> The Cookie with this card attached for HP gains +1 HP.",,PROMOTION,
P-160,P,160,Candy Apple Cookie,Ancient Scriptures Promotion Pack,FLIP,BLUE,BLUE,1,1,,P,,,<{B}{B}> The Feast of Corruption deals 2,<Discard 1 card.> The Cookie with this card attached for HP gains +1 HP.,0,0,0,P-160,0,"<{B}{B}> The Feast of Corruption deals 2
<Discard 1 card.> The Cookie with this card attached for HP gains +1 HP.",,PROMOTION,
P-159,P,159,Candy Apple Cookie,Ancient Scriptures Promotion Pack,FLIP,GREEN,GREEN,1,1,,P,,,<{G}{G}> The Feast of Corruption deals 2,<Discard 1 card.> The Cookie with this card attached for HP gains +1 HP.,0,0,0,P-159,0,"<{G}{G}> The Feast of Corruption deals 2
<Discard 1 card.> The Cookie with this card attached for HP gains +1 HP.",,PROMOTION,
P-158,P,158,Candy Apple Cookie,Ancient Scriptures Promotion Pack,FLIP,YELLOW,YELLOW,1,1,,P,,,<{Y}{Y}> The Feast of Corruption deals 2,<Discard 1 card.> The Cookie with this card attached for HP gains +1 HP.,0,0,0,P-158,0,"<{Y}{Y}> The Feast of Corruption deals 2
<Discard 1 card.> The Cookie with this card attached for HP gains +1 HP.",,PROMOTION,
P-157,P,157,Candy Apple Cookie,Ancient Scriptures Promotion Pack,FLIP,RED,RED,1,1,,P,,,<{R}{R}> The Feast of Corruption deals 2,<Discard 1 card.> The Cookie with this card attached for HP gains +1 HP.,0,0,0,P-157,0,"<{R}{R}> The Feast of Corruption deals 2
<Discard 1 card.> The Cookie with this card attached for HP gains +1 HP.",,PROMOTION,
P-156,P,156,Black Sapphire Cookie,Ancient Scriptures Promotion Pack,FLIP,BLACK,BLACK,1,1,,P,,,<{K}{K}> The Black Blight deals 2,Draw up to 1 card from your deck.,0,0,0,P-156,0,"<{K}{K}> The Black Blight deals 2
Draw up to 1 card from your deck.",,PROMOTION,
P-155,P,155,Black Sapphire Cookie,Ancient Scriptures Promotion Pack,FLIP,PURPLE,PURPLE,1,1,,P,,,<{P}{P}> The Black Blight deals 2,Draw up to 1 card from your deck.,0,0,0,P-155,0,"<{P}{P}> The Black Blight deals 2
Draw up to 1 card from your deck.",,PROMOTION,
P-154,P,154,Black Sapphire Cookie,Ancient Scriptures Promotion Pack,FLIP,BLUE,BLUE,1,1,,P,,,<{B}{B}> The Black Blight deals 2,Draw up to 1 card from your deck.,0,0,0,P-154,0,"<{B}{B}> The Black Blight deals 2
Draw up to 1 card from your deck.",,PROMOTION,
P-153,P,153,Black Sapphire Cookie,Ancient Scriptures Promotion Pack,FLIP,GREEN,GREEN,1,1,,P,,,<{G}{G}> The Black Blight deals 2,Draw up to 1 card from your deck.,0,0,0,P-153,0,"<{G}{G}> The Black Blight deals 2
Draw up to 1 card from your deck.",,PROMOTION,
P-152,P,152,Black Sapphire Cookie,Ancient Scriptures Promotion Pack,FLIP,YELLOW,YELLOW,1,1,,P,,,<{Y}{Y}> The Black Blight deals 2,Draw up to 1 card from your deck.,0,0,0,P-152,0,"<{Y}{Y}> The Black Blight deals 2
Draw up to 1 card from your deck.",,PROMOTION,
P-151,P,151,Black Sapphire Cookie,Ancient Scriptures Promotion Pack,FLIP,RED,RED,1,1,,P,,,<{R}{R}> The Black Blight deals 2,Draw up to 1 card from your deck.,0,0,0,P-151,0,"<{R}{R}> The Black Blight deals 2
Draw up to 1 card from your deck.",,PROMOTION,
P-149@2,P,149@2,Eternal Sugar Cookie,2026 Summer Champion Cup,COOKIE,YELLOW,YELLOW,3,3,BEAST,P,,,"<{Y}{Y}> Oh, it's a happy ending~ deals 1",,0,0,0,P-149,1,"<{Y}{Y}> Oh, it's a happy ending~ deals 1",,PROMOTION,
P-149@1,P,149@1,Eternal Sugar Cookie,2026 Summer Champion Cup,COOKIE,YELLOW,YELLOW,3,3,BEAST,P,,,"<{Y}{Y}> Oh, it's a happy ending~ deals 1",,0,0,0,P-149,1,"<{Y}{Y}> Oh, it's a happy ending~ deals 1",,PROMOTION,
P-149,P,149,Eternal Sugar Cookie,2026 Summer Champion Cup,COOKIE,YELLOW,YELLOW,3,3,BEAST,P,,,"<{Y}{Y}> Oh, it's a happy ending~ deals 1",,0,0,0,P-149,0,"<{Y}{Y}> Oh, it's a happy ending~ deals 1",,PROMOTION,
P-147,P,147,Licorice Cookie,promotion-card,COOKIE,BLACK,BLACK,2,4,,P,Reaper in White,"【Special Play】 Place 1 {K} LV.1 Cookie from your battle area into your trash.
【On Play】 If there are 4 cards or more in your opponent's hand, your opponent places 1 card from their hand into their trash.",<{K}{K}{K}> White Revenants deals 3,,0,0,0,P-147,0,"【Special Play】 Place 1 {K} LV.1 Cookie from your battle area into your trash.
【On Play】 If there are 4 cards or more in your opponent's hand, your opponent places 1 card from their hand into their trash.
<{K}{K}{K}> White Revenants deals 3",,PROMOTION,
P-146,P,146,Wizard Cookie,promotion-card,COOKIE,PURPLE,PURPLE,2,2,,P,Moonlight Wizard,【On Play】 <{P}> Play up to 1 LV.1 Cookie from your trash.,<{P}{P}> Moonlight Magic deals 2,,0,0,0,P-146,0,"【On Play】 <{P}> Play up to 1 LV.1 Cookie from your trash.
<{P}{P}> Moonlight Magic deals 2",,PROMOTION,
P-145,P,145,Hydrangea Cookie,promotion-card,COOKIE,PURPLE,PURPLE,1,3,,P,Starlight Garden,"When your turn ends, <{P}> place 3 cards from the top of your deck into your trash.",<{P}{P}> Fresh Hydrangea Fragrance deals 1,,0,0,0,P-145,0,"When your turn ends, <{P}> place 3 cards from the top of your deck into your trash.
<{P}{P}> Fresh Hydrangea Fragrance deals 1",,PROMOTION,
P-144,P,144,Elderberry Cookie,promotion-card,COOKIE,BLUE,BLUE,2,3,,P,Constellation Reading,【On Play】 <{B}> Draw up to 2 cards from your deck.,<{B}{B}> Observation Success! deals 2,,0,0,0,P-144,0,"【On Play】 <{B}> Draw up to 2 cards from your deck.
<{B}{B}> Observation Success! deals 2",,PROMOTION,
P-143,P,143,Iris Cookie,promotion-card,COOKIE,BLUE,BLUE,3,5,,P,Descending Petals,【On Play】 <{B}> <Return up to 1 Cookie that is LV.2 or lower from your battle area to your hand.> Draw up to 2 cards from your deck.,"<{B}{B}{B}> Blooming Waves deals 3
Then, <discard 1 card.> Deals 1 damage.",,0,0,0,P-143,0,"【On Play】 <{B}> <Return up to 1 Cookie that is LV.2 or lower from your battle area to your hand.> Draw up to 2 cards from your deck.
<{B}{B}{B}> Blooming Waves deals 3
Then, <discard 1 card.> Deals 1 damage.",,PROMOTION,
P-142,P,142,Cream Puff Cookie,promotion-card,COOKIE,GREEN,GREEN,2,4,,P,,,"<{G}{G}> Star Candy Magic deals 2
Then, if there are less cards in your support area than your opponent's support area, select up to 1 of your Cookies that has 3 or less HP remaining. That Cookie gains +1 HP.",,0,0,0,P-142,0,"<{G}{G}> Star Candy Magic deals 2
Then, if there are less cards in your support area than your opponent's support area, select up to 1 of your Cookies that has 3 or less HP remaining. That Cookie gains +1 HP.",,PROMOTION,
P-141,P,141,Taurus Cookie,promotion-card,COOKIE,GREEN,GREEN,2,5,,P,Labyrinth Proctor,"【Activate】 【Once Per Turn】 <Return 1 {G} card from your support area to your hand.> Select up to 1 of your Cookies. During this turn, that Cookie gains +1 attack damage.",<{G}{G}{G}> Sacred Hammer deals 2,,0,0,0,P-141,0,"【Activate】 【Once Per Turn】 <Return 1 {G} card from your support area to your hand.> Select up to 1 of your Cookies. During this turn, that Cookie gains +1 attack damage.
<{G}{G}{G}> Sacred Hammer deals 2",,PROMOTION,
P-140,P,140,Butter Pretzel Cookie,promotion-card,COOKIE,YELLOW,YELLOW,3,5,,P,Universe on a Canvas,【Activate】 【Once Per Turn】 <Discard 1 card.> Select up to 1 of your LV.3 Cookies that has 5 or less HP remaining. That Cookie gains +1 HP.,<{Y}{Y}{Y}> Paint the World! deals 3,,0,0,0,P-140,0,"【Activate】 【Once Per Turn】 <Discard 1 card.> Select up to 1 of your LV.3 Cookies that has 5 or less HP remaining. That Cookie gains +1 HP.
<{Y}{Y}{Y}> Paint the World! deals 3",,PROMOTION,
P-139,P,139,Zombie Cookie,promotion-card,COOKIE,YELLOW,YELLOW,1,2,,P,Starlight Zombie Revival,"【On Play】 If there is a LV.3 Cookie in your break area, this Cookie gains +1 HP.",<{Y}{Y}> Sugar Bones deals 2,,0,0,0,P-139,0,"【On Play】 If there is a LV.3 Cookie in your break area, this Cookie gains +1 HP.
<{Y}{Y}> Sugar Bones deals 2",,PROMOTION,
P-138,P,138,Marshmallow Bunny Cookie,promotion-card,COOKIE,RED,RED,1,2,,P,Starlight Marshmallow,"【On Play】 During this turn, if your opponent's Cookie fainted, select up to 1 of your Cookies. That Cookie gains +1 HP.",<{R}> Double Jump! deals 1,,0,0,0,P-138,0,"【On Play】 During this turn, if your opponent's Cookie fainted, select up to 1 of your Cookies. That Cookie gains +1 HP.
<{R}> Double Jump! deals 1",,PROMOTION,
P-137,P,137,Astronaut Cookie,promotion-card,COOKIE,RED,RED,2,4,,P,Fun Space Trip,"【Activate】 【Once Per Turn】 During this turn, if your opponent's Cookie fainted, select up to 1 of your Cookies. During this turn, that Cookie gains +1 attack damage.",<{R}{R}{R}> Space Flight deals 3,,0,0,0,P-137,0,"【Activate】 【Once Per Turn】 During this turn, if your opponent's Cookie fainted, select up to 1 of your Cookies. During this turn, that Cookie gains +1 attack damage.
<{R}{R}{R}> Space Flight deals 3",,PROMOTION,
P-136,P,136,Dark Choco Cookie,promotion-card,COOKIE,PURPLE,PURPLE,1,2,,P,Return of the Prince,"When this Cookie faints, <discard 1 card.> Return up to 1 {P} LV.3 Cookie from your trash to your hand.",<{P}{P}> Protect the Kingdom! deals 2,,0,0,0,P-136,0,"When this Cookie faints, <discard 1 card.> Return up to 1 {P} LV.3 Cookie from your trash to your hand.
<{P}{P}> Protect the Kingdom! deals 2",,PROMOTION,
P-135,P,135,Black Forest Cookie,promotion-card,COOKIE,PURPLE,PURPLE,2,4,,P,Bridal Training,【Activate】 【Once Per Turn】 Place 2 cards from the top of your deck into your trash.,"<{P}{P}{P}> Prayers to Them deals 3 
Then, <place 3 cards from the top of your deck into your trash.> Draw 1 card from your deck and discard 1 card.",,0,0,0,P-135,0,"【Activate】 【Once Per Turn】 Place 2 cards from the top of your deck into your trash.
<{P}{P}{P}> Prayers to Them deals 3 
Then, <place 3 cards from the top of your deck into your trash.> Draw 1 card from your deck and discard 1 card.",,PROMOTION,
P-134,P,134,Blackberry Cookie,promotion-card,COOKIE,BLUE,BLUE,2,4,,P,,,"<{B}{B}{B}> Chilly Lecture deals 3 Then, if there are 7 cards or more in your hand, deals 1 damage.",,0,0,0,P-134,0,"<{B}{B}{B}> Chilly Lecture deals 3 Then, if there are 7 cards or more in your hand, deals 1 damage.",,PROMOTION,
P-133,P,133,Cream Soda Cookie,promotion-card,COOKIE,BLUE,BLUE,3,5,,P,Dessert With Love,【Activate】 【Once Per Turn】 Return up to 1 {B} LV.1 Cookie from your battle area to your hand.,<{B}{B}{B}> Sweet Chocolate Gift deals 3,,0,0,0,P-133,0,"【Activate】 【Once Per Turn】 Return up to 1 {B} LV.1 Cookie from your battle area to your hand.
<{B}{B}{B}> Sweet Chocolate Gift deals 3",,PROMOTION,
P-132,P,132,Matcha Cookie,promotion-card,COOKIE,GREEN,GREEN,2,3,,P,Absent-minded Maid,【Activate】 <{G}{G}{G}> Place this card in your support area as rested.,<{G}{G}> Dusty Cleaning deals 2,,0,0,0,P-132,0,"【Activate】 <{G}{G}{G}> Place this card in your support area as rested.
<{G}{G}> Dusty Cleaning deals 2",,PROMOTION,
P-131,P,131,Spinach Cookie,promotion-card,COOKIE,GREEN,GREEN,1,2,,P,Wish-Granting Veggies,"【Activate】 【Once Per Turn】 If there are 7 {G} cards or more in your support area, set this Cookie as active.",<{G}{G}> Veggies For Everyone deals 2,,0,0,0,P-131,0,"【Activate】 【Once Per Turn】 If there are 7 {G} cards or more in your support area, set this Cookie as active.
<{G}{G}> Veggies For Everyone deals 2",,PROMOTION,
P-130,P,130,Financier Cookie,promotion-card,COOKIE,YELLOW,YELLOW,1,2,,P,,,"<{Y}{Y}> Bride's Escort deals 2 If this Cookie has 3 or more HP remaining, select up to 1 of your opponent's Cookies. That Cookie receives 1 damage.",,0,0,0,P-130,0,"<{Y}{Y}> Bride's Escort deals 2 If this Cookie has 3 or more HP remaining, select up to 1 of your opponent's Cookies. That Cookie receives 1 damage.",,PROMOTION,
P-129,P,129,Wedding Cake Cookie,promotion-card,COOKIE,YELLOW,YELLOW,2,4,,P,Best Wedding Planner,"【Activate】 【Once Per Turn】 If this Cookie's remaining HP is 5 or less and, during this turn, HP has been added to your Cookie, this Cookie gains +1 HP.","<{Y}{Y}{Y}> Happy Wedding Prep deals 3 Then, <place 2 cards from the top of this Cookie's HP into the trash.> Deals 1 damage.",,0,0,0,P-129,0,"【Activate】 【Once Per Turn】 If this Cookie's remaining HP is 5 or less and, during this turn, HP has been added to your Cookie, this Cookie gains +1 HP.
<{Y}{Y}{Y}> Happy Wedding Prep deals 3 Then, <place 2 cards from the top of this Cookie's HP into the trash.> Deals 1 damage.",,PROMOTION,
P-128,P,128,Butter Roll Cookie,promotion-card,COOKIE,RED,RED,1,1,,P,Suspicious Cookie Research,"【Activate】 【Once Per Turn】 During this turn, if your opponent's Cookie fainted, draw up to 1 card from your deck.",<{R}> Whisk Spiral deals 1,,0,0,0,P-128,0,"【Activate】 【Once Per Turn】 During this turn, if your opponent's Cookie fainted, draw up to 1 card from your deck.
<{R}> Whisk Spiral deals 1",,PROMOTION,
P-127,P,127,Schwarzwälder,promotion-card,COOKIE,RED,RED MIX,2,5,,P,,,"<{R}{R}{R}> Big Bouquet Bash deals 2 
Then, <place 2 cards from the top of your LV.2 or higher Cookie's HP into the trash.> Deals 2 damage.",,0,0,0,P-127,0,"<{R}{R}{R}> Big Bouquet Bash deals 2 
Then, <place 2 cards from the top of your LV.2 or higher Cookie's HP into the trash.> Deals 2 damage.",,PROMOTION,
P-125,P,125,0th & Broadway: Avenue of Deceit,promotion card,STAGE,BLUE,BLUE,,,,P,,"\""<{B}{B}> Place in your stage area.

【Activate】 <{B}> <Rest this card.> Draw up to 1 card from your deck.\""",,,0,0,0,P-125,0,"\""<{B}{B}> Place in your stage area.

【Activate】 <{B}> <Rest this card.> Draw up to 1 card from your deck.\""",,PROMOTION,
P-124,P,124,Milky Way Cookie,promotion card,COOKIE,PURPLE,PURPLE,2,4,,P,Sweet Stardust,【On Play】 <Discard 1 card.> Return up to 1 {P} Cookie from your trash to your hand.,<{P}{P}{P}><Dreamland Train Trip<deals 3,,0,0,0,P-124,0,"【On Play】 <Discard 1 card.> Return up to 1 {P} Cookie from your trash to your hand.
<{P}{P}{P}><Dreamland Train Trip<deals 3",,PROMOTION,
P-123,P,123,Sorbet Shark Cookie,promotion card,COOKIE,BLUE,BLUE,2,4,,P,,,<{B}{B}{B}><Wave Splitter<deals 3,,0,0,0,P-123,0,<{B}{B}{B}><Wave Splitter<deals 3,,PROMOTION,
P-121,P,121,Currant Cream Cookie,PROMOTION CARD,COOKIE,PURPLE,PURPLE,1,2,ARENA,P,Fashion Stage Prep,"【Activate】 If there are 7 {P} 【Arena】 cards or more in your trash, <place this Cookie in your trash.> Select up to 1 of your opponent's Cookies. That Cookie receives 1 damage.",<{P}{P}><Punk Spirit<deals 1,,0,0,0,P-121,0,"【Activate】 If there are 7 {P} 【Arena】 cards or more in your trash, <place this Cookie in your trash.> Select up to 1 of your opponent's Cookies. That Cookie receives 1 damage.
<{P}{P}><Punk Spirit<deals 1",,PROMOTION,
P-120,P,120,Chocolate Bonbon Cookie,PROMOTION CARD,COOKIE,PURPLE,PURPLE,3,6,ARENA,P,Perfect Design,【On Play】 Place up to 1 {P} Cookie that is LV.2 or lower from your battle area into your trash.,"<{P}{P}{P}> <Delicate Stitching<deals 3
 Then, return up to 1 {P} 【Arena】 card from your trash to your hand.",,0,0,0,P-120,0,"【On Play】 Place up to 1 {P} Cookie that is LV.2 or lower from your battle area into your trash.
<{P}{P}{P}> <Delicate Stitching<deals 3
 Then, return up to 1 {P} 【Arena】 card from your trash to your hand.",,PROMOTION,
P-119,P,119,Cotton Candy Cookie,PROMOTION CARD,COOKIE,PURPLE,PURPLE,2,4,ARENA,P,Lovely Runway,【Activate】 【Once Per Turn】 <Return 5 【Arena】 cards from your trash that do not have FLIP to your deck and shuffle it.> Select up to 1 of your opponent's Cookies. That Cookie receives 1 damage.,<{P}{P}{P}><Confession<deals 2,,0,0,0,P-119,0,"【Activate】 【Once Per Turn】 <Return 5 【Arena】 cards from your trash that do not have FLIP to your deck and shuffle it.> Select up to 1 of your opponent's Cookies. That Cookie receives 1 damage.
<{P}{P}{P}><Confession<deals 2",,PROMOTION,
P-118,P,118,Strawberry Stick Cookie,PROMOTION CARD,FLIP,PURPLE,PURPLE,2,3,ARENA,P,,,<{P}{P}{P}><Sweet Music Punch<deals 3,<Discard 1 card.> The Cookie with this card attached for HP gains +1 HP.,0,0,0,P-118,0,"<{P}{P}{P}><Sweet Music Punch<deals 3
<Discard 1 card.> The Cookie with this card attached for HP gains +1 HP.",,PROMOTION,
P-117,P,117,Earl Grey Cookie,PROMOTION CARD,COOKIE,BLUE,BLUE,2,3,ARENA,P,,,"<{B}{B}> 
<Romantic Runway<deals 2 
Then, <place 1 other {B} 【Arena】 Cookie that is LV.2 or lower from your battle area on the bottom of your deck.> This Cookie gains +1 HP.",,0,0,0,P-117,0,"<{B}{B}> 
<Romantic Runway<deals 2 
Then, <place 1 other {B} 【Arena】 Cookie that is LV.2 or lower from your battle area on the bottom of your deck.> This Cookie gains +1 HP.",,PROMOTION,
P-116,P,116,Mustard Cookie,PROMOTION CARD,COOKIE,BLUE,BLUE,1,2,ARENA,P,Undercover Rebel Uniform,"【On Play】 <Reveal 2 【Arena】 cards from your hand.> If there are 5 cards or less in your hand, draw up to 2 cards from your deck.",<{B}><Graffiti Freedom<deals 1,,0,0,0,P-116,0,"【On Play】 <Reveal 2 【Arena】 cards from your hand.> If there are 5 cards or less in your hand, draw up to 2 cards from your deck.
<{B}><Graffiti Freedom<deals 1",,PROMOTION,
P-115,P,115,Truffle Cookie,PROMOTION CARD,COOKIE,GREEN,GREEN MIX,1,3,ARENA,P,Art Display,"【Activate】 If there are 3 {G} cards or more in your support area, <place this Cookie in your trash.> Draw 1 card from your deck and play up to 1 【Arena】 Cookie from your support area.",<{G}{N}><Collecting<deals 1,,0,0,0,P-115,0,"【Activate】 If there are 3 {G} cards or more in your support area, <place this Cookie in your trash.> Draw 1 card from your deck and play up to 1 【Arena】 Cookie from your support area.
<{G}{N}><Collecting<deals 1",,PROMOTION,
P-114,P,114,Shine Muscat Cookie,PROMOTION CARD,COOKIE,GREEN,GREEN,2,4,ARENA,P,Icon of the Age,"When this Cookie is played from your support area, place up to 1 card from the top of your deck into your support area as rested and select up to 1 of your opponent's Cookies. That Cookie receives 1 damage.",<{G}{G}{G}><Sparkling Acting<deals 2,,0,0,0,P-114,0,"When this Cookie is played from your support area, place up to 1 card from the top of your deck into your support area as rested and select up to 1 of your opponent's Cookies. That Cookie receives 1 damage.
<{G}{G}{G}><Sparkling Acting<deals 2",,PROMOTION,
P-113,P,113,Green Tea Mousse Cookie,PROMOTION CARD,FLIP,GREEN,GREEN,2,3,ARENA,P,,,<{G}{G}{G}><Mousse Shield<deals 3,<Discard 1 card.> The Cookie with this card attached for HP gains +1 HP.,0,0,0,P-113,0,"<{G}{G}{G}><Mousse Shield<deals 3
<Discard 1 card.> The Cookie with this card attached for HP gains +1 HP.",,PROMOTION,
P-112,P,112,Adventurer Cookie,PROMOTION CARD,FLIP,YELLOW,YELLOW,2,3,ARENA,P,,,<{Y}{Y}{Y}><New Exploration<deals 3,<Discard 1 card.> The Cookie with this card attached for HP gains +1 HP.,0,0,0,P-112,0,"<{Y}{Y}{Y}><New Exploration<deals 3
<Discard 1 card.> The Cookie with this card attached for HP gains +1 HP.",,PROMOTION,
P-111,P,111,GingerBrave,promotion card,COOKIE,YELLOW,YELLOW MIX,1,2,ARENA,P,,,"<{Y}{N}>
<Brave Fashionista<deals 2 
Then, <place 1 【Arena】 Cookie from your hand into your break area.> Draw up to 2 cards from your deck and select up to 1 of your opponent's Cookies. That Cookie receives 1 damage.",,0,0,0,P-111,0,"<{Y}{N}>
<Brave Fashionista<deals 2 
Then, <place 1 【Arena】 Cookie from your hand into your break area.> Draw up to 2 cards from your deck and select up to 1 of your opponent's Cookies. That Cookie receives 1 damage.",,PROMOTION,
P-110,P,110,Sour Belt Cookie,promotion card,COOKIE,YELLOW,YELLOW,1,2,ARENA,P,Shining Catwalk,"【Activate】 【Once Per Turn】 If there are 4 【Arena】 Cookies or more in your break area or if, during this turn, an 【Arena】 Cookie has been placed in your break area, during this turn, this Cookie gains +2 attack damage.",<{Y}{Y}><Finishing Pose<deals 2,,0,0,0,P-110,0,"【Activate】 【Once Per Turn】 If there are 4 【Arena】 Cookies or more in your break area or if, during this turn, an 【Arena】 Cookie has been placed in your break area, during this turn, this Cookie gains +2 attack damage.
<{Y}{Y}><Finishing Pose<deals 2",,PROMOTION,
P-109,P,109,Dino-Sour Cookie,promotion card,COOKIE,YELLOW,YELLOW MIX,2,4,ARENA,P,Luxurious Family,"【Activate】 【Once Per Turn】 <{Y}> If there are 4 【Arena】 Cookies or more in your break area or if, during this turn, an 【Arena】 Cookie has been placed in your break area, all of your opponent's Cookies receive 1 damage.",<{Y}{Y}{N}><Cool Sprint<deals 3,,0,0,0,P-109,0,"【Activate】 【Once Per Turn】 <{Y}> If there are 4 【Arena】 Cookies or more in your break area or if, during this turn, an 【Arena】 Cookie has been placed in your break area, all of your opponent's Cookies receive 1 damage.
<{Y}{Y}{N}><Cool Sprint<deals 3",,PROMOTION,
P-108,P,108,Pastel Meringue Cookie,promotion card,COOKIE,RED,RED,1,2,ARENA,P,Fancy Ribbon,"When this Cookie faints, <discard 1 {R} 【Arena】 card from your hand.> Select up to 1 of your opponent's Cookies. That Cookie receives 2 damage.",<{R}><A Designer's Touch<deals 1,,0,0,0,P-108,0,"When this Cookie faints, <discard 1 {R} 【Arena】 card from your hand.> Select up to 1 of your opponent's Cookies. That Cookie receives 2 damage.
<{R}><A Designer's Touch<deals 1",,PROMOTION,
P-107,P,107,Parfait Cookie,promotion card,FLIP,RED,RED,2,3,ARENA,P,,,<{R}{R}{R}><Sweet Serenade<deals 3,<Discard 1 card.> The Cookie with this card attached for HP gains +1 HP.,0,0,0,P-107,0,"<{R}{R}{R}><Sweet Serenade<deals 3
<Discard 1 card.> The Cookie with this card attached for HP gains +1 HP.",,PROMOTION,
P-106,P,106,Shining Glitter Cookie,promotion card,COOKIE,RED,RED MIX,1,2,ARENA,P,Superstar Airport Attire,"【Activate】 【Once Per Turn】 During this turn, if your 【Arena】 Cookie has dealt effect damage, during this turn, this Cookie gains +1 attack damage.",<{R}{N}><Spectacular Performance<deals 2,,0,0,0,P-106,0,"【Activate】 【Once Per Turn】 During this turn, if your 【Arena】 Cookie has dealt effect damage, during this turn, this Cookie gains +1 attack damage.
<{R}{N}><Spectacular Performance<deals 2",,PROMOTION,
P-105@1,P,105@1,Pudding à la Mode Cookie,promotion card,COOKIE,BLUE,BLUE,2,4,ARENA,P,Optimal Sweetness,"【Activate】 【Once Per Turn】 <Discard 1 【Arena】 card from your hand.> During this turn, this Cookie gains +2 attack damage.","<{B}{B}{B}><Plasma Cannon<deals 2 
Then, draw 2 cards from your deck and place 1 card from your hand on the top or bottom of your deck.",,0,0,0,P-105,1,"【Activate】 【Once Per Turn】 <Discard 1 【Arena】 card from your hand.> During this turn, this Cookie gains +2 attack damage.
<{B}{B}{B}><Plasma Cannon<deals 2 
Then, draw 2 cards from your deck and place 1 card from your hand on the top or bottom of your deck.",,PROMOTION,
P-105,P,105,Bubbles Cookie,PROMOTION CARD,COOKIE,BLUE,BLUE,2,4,,P,,"【Activate】 【Once Per Turn】 <Discard 1 【Arena】 card from your hand.> During this turn, this Cookie gains +2 attack damage.","<{B}{B}{B}> Cheer Up! deals 2
Then, draw 2 cards from your deck and place 1 card from your hand on the top or bottom of your deck.",,0,0,0,P-105,0,"【Activate】 【Once Per Turn】 <Discard 1 【Arena】 card from your hand.> During this turn, this Cookie gains +2 attack damage.
<{B}{B}{B}> Cheer Up! deals 2
Then, draw 2 cards from your deck and place 1 card from your hand on the top or bottom of your deck.",,PROMOTION,
P-104@1,P,104@1,Green Tea Mousse Cookie,promotion card,COOKIE,GREEN,GREEN,2,4,ARENA,P,Gonna block that!,"When this Cookie is played from the support area, place up to 1 LV.2 or lower Cookie other than [P-104] from your battle area in your support area as rested.","<{G}{G}{G}><Mousse Shield Bash<deals 3 
Then, <return 1 card from your support area to your hand.> Deals 1 damage.",,0,0,0,P-104,1,"When this Cookie is played from the support area, place up to 1 LV.2 or lower Cookie other than [P-104] from your battle area in your support area as rested.
<{G}{G}{G}><Mousse Shield Bash<deals 3 
Then, <return 1 card from your support area to your hand.> Deals 1 damage.",,PROMOTION,
P-104,P,104,Buttercup Cookie,PROMOTION CARD,COOKIE,GREEN,GREEN,2,4,,P,,"When this Cookie is played from the support area, place up to 1 LV.2 or lower Cookie other than [Buttercup Cookie] from your battle area in your support area as rested.","<{G}{G}{G}> Hot Strike! deals 3
Then, <return 1 card from your support area to your hand.> Deals 1 damage.",,0,0,0,P-104,0,"When this Cookie is played from the support area, place up to 1 LV.2 or lower Cookie other than [Buttercup Cookie] from your battle area in your support area as rested.
<{G}{G}{G}> Hot Strike! deals 3
Then, <return 1 card from your support area to your hand.> Deals 1 damage.",,PROMOTION,
P-103@1,P,103@1,Choco Drizzle Cookie,promotion card,COOKIE,RED,RED MIX,2,4,ARENA,P,Choco Penumbra,【On Play】 <{R}> Select up to 1 of your opponent's Cookies. That Cookie receives 1 damage.,"<{R}{R}{N}><Drizzle Strike<deals 3
 Then, select up to 1 of your other 【Arena】 Cookies. During this turn, the attack cost of that Cookie is reduced by 1 {R}.",,0,0,0,P-103,1,"【On Play】 <{R}> Select up to 1 of your opponent's Cookies. That Cookie receives 1 damage.
<{R}{R}{N}><Drizzle Strike<deals 3
 Then, select up to 1 of your other 【Arena】 Cookies. During this turn, the attack cost of that Cookie is reduced by 1 {R}.",,PROMOTION,
P-103,P,103,Blossom Cookie,PROMOTION CARD,COOKIE,RED,RED MIX,2,4,,P,,【On Play】 <{R}> Select up to 1 of your opponent's Cookies. That Cookie receives 1 damage.,"<{R}{R}{N}> The Perfect Plan deals 3
Then, select up to 1 of your other 【Arena】 Cookies. During this turn, the attack cost of that Cookie is reduced by 1 {R}.",,0,0,0,P-103,0,"【On Play】 <{R}> Select up to 1 of your opponent's Cookies. That Cookie receives 1 damage.
<{R}{R}{N}> The Perfect Plan deals 3
Then, select up to 1 of your other 【Arena】 Cookies. During this turn, the attack cost of that Cookie is reduced by 1 {R}.",,PROMOTION,
P-102,P,102,Pancake Cookie,promotion card,COOKIE,PURPLE,PURPLE,1,2,,P,Just one Acorn Jelly!,"【On Play】 If there are 15 cards or more in both players' trash, select up to 1 of your opponent's Cookies. That Cookie receives 1 damage.",<{P}> Adorable Threat deals 1,,0,0,0,P-102,0,"【On Play】 If there are 15 cards or more in both players' trash, select up to 1 of your opponent's Cookies. That Cookie receives 1 damage.
<{P}> Adorable Threat deals 1",,PROMOTION,
P-101,P,101,Pond Dino Cookie,promotion card,COOKIE,BLUE,BLUE,1,2,,P,,,"<{B}{B}> Fun Jelly Discovered! deals 2 Then, if there are 5 cards or less in your hand, draw up to 2 cards and place 1 card from your hand on the top of your deck.",,0,0,0,P-101,0,"<{B}{B}> Fun Jelly Discovered! deals 2 Then, if there are 5 cards or less in your hand, draw up to 2 cards and place 1 card from your hand on the top of your deck.",,PROMOTION,
P-100,P,100,Icicle Yeti Cookie,promotion card,FLIP,BLUE,BLUE,1,1,,P,,,<{B}> Bear Jelly Icicles deals 1 <Discard 1 card.> The Cookie with this card attached for HP gains +1 HP.,,0,0,0,P-100,0,<{B}> Bear Jelly Icicles deals 1 <Discard 1 card.> The Cookie with this card attached for HP gains +1 HP.,,PROMOTION,
P-099,P,099,Bell Pepper Cookie,promotion card,FLIP,GREEN,GREEN,1,1,,P,,,<{G}> Alien Pup Secret Agent deals 1 Draw up to 1 card from your deck.,,0,0,0,P-099,0,<{G}> Alien Pup Secret Agent deals 1 Draw up to 1 card from your deck.,,PROMOTION,
P-098,P,098,Space Doughnut,promotion card,COOKIE,GREEN,GREEN,1,2,,P,Extra Toppings,"【Activate】 【Once Per Turn】 During this turn, if 2 or more cards in your support area were placed in your trash, this Cookie gains +1 HP.",<{G}{G}> Sandwich Beam deals 2,,0,0,0,P-098,0,"【Activate】 【Once Per Turn】 During this turn, if 2 or more cards in your support area were placed in your trash, this Cookie gains +1 HP.
<{G}{G}> Sandwich Beam deals 2",,PROMOTION,
P-097,P,097,Cream Ferret Cookie,promotion card,COOKIE,YELLOW,YELLOW,1,2,,P,Fluffy Bear Jelly Transformation,"When this Cookie faints, <discard 1 Cookie that has FLIP from your hand.> Draw up to 2 cards from your deck.",<{Y}{Y}> Bear Jelly Magic deals 2,,0,0,0,P-097,0,"When this Cookie faints, <discard 1 Cookie that has FLIP from your hand.> Draw up to 2 cards from your deck.
<{Y}{Y}> Bear Jelly Magic deals 2",,PROMOTION,
P-096,P,096,Snapdragon Cookie,promotion card,COOKIE,RED,RED,1,1,,P,Pink Bear Jelly Shot,"【On Play】 During this turn, if 2 or more of your Cookies fainted, select up to 1 of your opponent's Cookies. That Cookie receives 1 damage.",<{R}{R}> Power Word Babble deals 2,,0,0,0,P-096,0,"【On Play】 During this turn, if 2 or more of your Cookies fainted, select up to 1 of your opponent's Cookies. That Cookie receives 1 damage.
<{R}{R}> Power Word Babble deals 2",,PROMOTION,
P-095,P,095,Tiger Lily Cookie,promotion card,COOKIE,GREEN,GREEN,2,4,,P,Wild Gaze,"【Activate】 【Once Per Turn】 If this Cookie's remaining HP is 4 or less and, during this turn, an Item card was activated, this Cookie gains +1 HP.",<{G}{G}{G}> Wind-cutting Spear deals 3,,0,0,0,P-095,0,"【Activate】 【Once Per Turn】 If this Cookie's remaining HP is 4 or less and, during this turn, an Item card was activated, this Cookie gains +1 HP.
<{G}{G}{G}> Wind-cutting Spear deals 3",,PROMOTION,
P-094,P,094,Lemon Cookie,promotion card,COOKIE,YELLOW,YELLOW,1,2,,P,,,"<{Y}{Y}> Lemon Spark deals 2 
Then, <can be used as {Y}.> If your break area is LV.3 or lower, select up to 1 of your opponent's Cookies. That Cookie receives 1 damage.",,0,0,0,P-094,0,"<{Y}{Y}> Lemon Spark deals 2 
Then, <can be used as {Y}.> If your break area is LV.3 or lower, select up to 1 of your opponent's Cookies. That Cookie receives 1 damage.",,UNCOMMON,
P-093,P,093,White Peach Cookie,promotion card,COOKIE,RED,RED,2,4,,P,Peach Blossom Petals,"【Activate】 【Once Per Turn】 During this turn, if this Cookie's HP was reduced, select up to 1 of your opponent's Cookies. That Cookie receives 1 damage.",<{R}{R}{R}> Dagger Throw deals 3,,0,0,0,P-093,0,"【Activate】 【Once Per Turn】 During this turn, if this Cookie's HP was reduced, select up to 1 of your opponent's Cookies. That Cookie receives 1 damage.
<{R}{R}{R}> Dagger Throw deals 3",,PROMOTION,
P-092,P,092,Pudding à la Mode Cookie,PROMOTION CARD,FLIP,BLUE,BLUE,2,3,ARENA,P,,,"<{B}{B}{B}> 
<Sweet Blast!<deals 3",<Discard 1 card.> The Cookie with this card attached for HP gains +1 HP.,0,0,0,P-092,0,"<{B}{B}{B}> 
<Sweet Blast!<deals 3
<Discard 1 card.> The Cookie with this card attached for HP gains +1 HP.",,PROMOTION,
P-089,P,089,GingerBrave,PROMOTION CARD,COOKIE,GREEN,GREEN MIX,2,5,,P,,,<{G}{G}{N}{N}> Camping Together! deals 3,,0,0,0,P-089,0,<{G}{G}{N}{N}> Camping Together! deals 3,,PROMOTION,
P-087@2,P,087@2,Cream Puff Cookie,promotion-card,COOKIE,PURPLE,PURPLE,3,3,,P,,,<{P}{P}> Best Driver deals 1,,0,0,0,P-087,1,<{P}{P}> Best Driver deals 1,,PROMOTION,
P-087@1,P,087@1,Cream Puff Cookie,promotion-card,COOKIE,PURPLE,PURPLE,3,3,,P,,,<{P}{P}> Best Driver deals 1,,0,0,0,P-087,1,<{P}{P}> Best Driver deals 1,,PROMOTION,
P-087,P,087,Cream Puff Cookie,promotion-card,COOKIE,PURPLE,PURPLE,3,3,,P,,,<{P}{P}> Best Driver deals 1,,0,0,0,P-087,0,<{P}{P}> Best Driver deals 1,,PROMOTION,
P-086,P,086,Black & White Cake Hound,PROMOTION CARD,COOKIE,PURPLE,PURPLE MIX,1,1,,P,Hungry Howl,"【Your Turn】 When this Cookie faints, <place this Cookie from the break area into the trash.> If there are 6 cards or more in your opponent's hand, your opponent discards 1 card.",<{P}{N}> Grrr... deals 1,,0,0,0,P-086,0,"【Your Turn】 When this Cookie faints, <place this Cookie from the break area into the trash.> If there are 6 cards or more in your opponent's hand, your opponent discards 1 card.
<{P}{N}> Grrr... deals 1",,PROMOTION,
P-085,P,085,Tropical Pop Cake Hound,PROMOTION CARD,FLIP,BLUE,BLUE,1,1,,P,,,<{B}> Woof! Woof! deals 1,Draw up to 1 card from your deck.,0,0,0,P-085,0,"<{B}> Woof! Woof! deals 1
Draw up to 1 card from your deck.",,PROMOTION,
P-084,P,084,Magic Lettering Pens,PROMOTION CARD,ITEM,GREEN,GREEN,,,,P,,"During this turn, if your Cookie fainted, this card's activation cost becomes {N}.
<{G}> <Rest 1 Cookie in your battle area.> Select up to 1 of your opponent's Cookies. That Cookie receives 1 damage.",,,0,0,0,P-084,0,"During this turn, if your Cookie fainted, this card's activation cost becomes {N}.
<{G}> <Rest 1 Cookie in your battle area.> Select up to 1 of your opponent's Cookies. That Cookie receives 1 damage.",,PROMOTION,
P-083,P,083,Dumpling Cake Hound,PROMOTION CARD,COOKIE,GREEN,GREEN MIX,1,1,,P,Assorted Dumplings,"【Your Turn】 When this Cookie faints, <place this Cookie from the break area into the trash.> If there are 7 cards or more in your opponent's support area, rest up to 1 card in your opponent's support area.",<{G}{N}> Arf! ARF! deals 1,,0,0,0,P-083,0,"【Your Turn】 When this Cookie faints, <place this Cookie from the break area into the trash.> If there are 7 cards or more in your opponent's support area, rest up to 1 card in your opponent's support area.
<{G}{N}> Arf! ARF! deals 1",,PROMOTION,
P-082,P,082,Sugar Gnome Cake Shop,PROMOTION CARD,TRAP,YELLOW,YELLOW MIX,,,,P,,<{Y}{N}> or <place 1 Cookie with 1 HP that does not have FLIP from your trash into your break area.> Select 1 Cookie from each player. Those Cookies gain +2 HP.,,,0,0,0,P-082,0,<{Y}{N}> or <place 1 Cookie with 1 HP that does not have FLIP from your trash into your break area.> Select 1 Cookie from each player. Those Cookies gain +2 HP.,,PROMOTION,
P-081,P,081,Fettuccine Cake Hound,PROMOTION CARD,FLIP,YELLOW,YELLOW,1,1,,P,,,<{Y}> Arf! deals 1,<Discard 1 card.> The Cookie with this card attached for HP gains +1 HP.,0,0,0,P-081,0,"<{Y}> Arf! deals 1
<Discard 1 card.> The Cookie with this card attached for HP gains +1 HP.",,PROMOTION,
P-080,P,080,Tiny Cake Hound,PROMOTION CARD,COOKIE,RED,RED MIX,1,1,,P,High Tension,"【Your Turn】 When this Cookie faints, <place this Cookie from the break area into the trash.> Select up to 1 of your LV.1 Cookies. During this turn, that Cookie gains +1 attack damage.",<{R}{N}> Cake Ruckus deals 1,,0,0,0,P-080,0,"【Your Turn】 When this Cookie faints, <place this Cookie from the break area into the trash.> Select up to 1 of your LV.1 Cookies. During this turn, that Cookie gains +1 attack damage.
<{R}{N}> Cake Ruckus deals 1",,PROMOTION,
P-079,P,079,Strawberry Shortcake Cookie,PROMOTION CARD,COOKIE,RED,RED,1,3,,P,,,"<{R}{R}> Sweet Crush deals 1
Then, <place 1 card from the top of your other Cookie's HP into the trash.> Select up to 1 of your opponent's Cookies. That Cookie receives 1 damage.",,0,0,0,P-079,0,"<{R}{R}> Sweet Crush deals 1
Then, <place 1 card from the top of your other Cookie's HP into the trash.> Select up to 1 of your opponent's Cookies. That Cookie receives 1 damage.",,PROMOTION,
P-078@2,P,078@2,Black Pearl Cookie,PROMOTION CARD,COOKIE,BLUE,BLUE,3,3,,P,,,<{B}{B}> Sovereign of the Abyss 1,,0,0,0,P-078,1,<{B}{B}> Sovereign of the Abyss 1,,PROMOTION,
P-078@1,P,078@1,Black Pearl Cookie,PROMOTION CARD,COOKIE,BLUE,BLUE,3,3,,P,,,<{B}{B}> Sovereign of the Abyss 1,,0,0,0,P-078,1,<{B}{B}> Sovereign of the Abyss 1,,PROMOTION,
P-078,P,078,Black Pearl Cookie,PROMOTION CARD,COOKIE,BLUE,BLUE,3,3,,P,,,<{B}{B}> Sovereign of the Abyss 1,,0,0,0,P-078,0,<{B}{B}> Sovereign of the Abyss 1,,PROMOTION,
P-077,P,077,Eternal Sugar Cookie,promotion card,FLIP,RED,RED,2,2,,P,,,<{R}{R}> Cookies are such lovely creatures! deals 2,<Discard 1 card.> The Cookie with this card attached for HP gains +1 HP.,0,0,0,P-077,0,"<{R}{R}> Cookies are such lovely creatures! deals 2
<Discard 1 card.> The Cookie with this card attached for HP gains +1 HP.",,PROMOTION,
P-076,P,076,GingerBrave,promotion card,COOKIE,BLUE,BLUE,1,2,,P,,,<{N}{N}> The adventure starts now! deals 2,,0,0,0,P-076,0,<{N}{N}> The adventure starts now! deals 2,,PROMOTION,
P-075,P,075,Red Bean Cookie,promotion card,COOKIE,PURPLE,PURPLE MIX,3,5,,P,,,"<{P}{P}{N}{N}> The cold is no match for me! deals 4 Then, if there are 15 cards or more in your trash, draw up to 1 card from your deck.",,0,0,0,P-075,0,"<{P}{P}{N}{N}> The cold is no match for me! deals 4 Then, if there are 15 cards or more in your trash, draw up to 1 card from your deck.",,PROMOTION,
P-074,P,074,Sugar Globe Cookie,promotion card,COOKIE,BLUE,BLUE,1,2,,P,Happiness is nearby,【Activate】 【Once Per Turn】 <Discard 2 【Arena】 cards.> Draw up to 2 cards from your deck.,<{B}{B}> Aurora Spin deals 2,,0,0,0,P-074,0,"【Activate】 【Once Per Turn】 <Discard 2 【Arena】 cards.> Draw up to 2 cards from your deck.
<{B}{B}> Aurora Spin deals 2",,PROMOTION,
P-073,P,073,Snow Crystal Cookie,promotion card,COOKIE,BLUE,BLUE,2,3,,P,,,"<{B}{B}> Frost Arrow deals 2 Then, <discard 1 card.> Select up to 1 of your 【Arena】 Cookies. During this turn, that Cookie gains +1 attack damage.",,0,0,0,P-073,0,"<{B}{B}> Frost Arrow deals 2 Then, <discard 1 card.> Select up to 1 of your 【Arena】 Cookies. During this turn, that Cookie gains +1 attack damage.",,PROMOTION,
P-072,P,072,Rosemary Cookie,promotion card,COOKIE,GREEN,GREEN,2,2,,P,Delicate Gardening,【On Play】 <{G}{G}> Place 1 card from the top of your deck into your support area as active.,<{G}{G}> Syrup Droplet deals 2,,0,0,0,P-072,0,"【On Play】 <{G}{G}> Place 1 card from the top of your deck into your support area as active.
<{G}{G}> Syrup Droplet deals 2",,PROMOTION,
P-071,P,071,Sauna Egg Cookie,promotion card,COOKIE,YELLOW,YELLOW,1,3,,P,Bathhouse Cleaning,【Activate】 【Once Per Turn】 <{Y}> <Place 1 Cookie from your hand into your break area.> Draw up to 2 cards from your deck.,<{Y}{N}> Final Sweep deals 1,,0,0,0,P-071,0,"【Activate】 【Once Per Turn】 <{Y}> <Place 1 Cookie from your hand into your break area.> Draw up to 2 cards from your deck.
<{Y}{N}> Final Sweep deals 1",,PROMOTION,
P-070,P,070,Radish Cookie,promotion card,COOKIE,RED,RED,1,3,,P,DIY With Passion,【Activate】 【Once Per Turn】 <Place 2 cards from the top of this Cookie's HP into the trash.> Select up to 1 of your opponent's LV.1 Cookies. That Cookie receives 1 damage.,<{R}{N}> Equipment Repairs deals 1,,0,0,0,P-070,0,"【Activate】 【Once Per Turn】 <Place 2 cards from the top of this Cookie's HP into the trash.> Select up to 1 of your opponent's LV.1 Cookies. That Cookie receives 1 damage.
<{R}{N}> Equipment Repairs deals 1",,PROMOTION,
P-069,P,069,Popping Candy Cookie,PROMOTION CARD,FLIP,PURPLE,PURPLE,1,2,,P,Ending Pose,"When this Cookie is played from the trash, select up to 1 of your opponent's LV.1 Cookies. Rest that Cookie.","<{P}> I love you, my sweet fans! deals 1","<{P}> I love you, my sweet fans!",0,0,0,P-069,0,"When this Cookie is played from the trash, select up to 1 of your opponent's LV.1 Cookies. Rest that Cookie.
<{P}> I love you, my sweet fans! deals 1
<{P}> I love you, my sweet fans!",,PROMOTION,
P-068,P,068,Starfruit Cookie,PROMOTION CARD,FLIP,BLUE,BLUE,2,3,,P,,,"<{B}{B}> O Stars deals 2 Then, if there are 5 cards or less in your hand, draw up to 2 cards from your deck.",<{B}{B}> O Stars,0,0,0,P-068,0,"<{B}{B}> O Stars deals 2 Then, if there are 5 cards or less in your hand, draw up to 2 cards from your deck.
<{B}{B}> O Stars",,PROMOTION,
P-067,P,067,Sour Belt Cookie,PROMOTION CARD,FLIP,GREEN,GREEN,1,3,,P,Hipster,"If your support area has 2 or more cards less than your opponent's support area, this Cookie gains +1 attack damage.",<{G}{G}> Fashionable Fit deals 1,<{G}{G}> Fashionable Fit,0,0,0,P-067,0,"If your support area has 2 or more cards less than your opponent's support area, this Cookie gains +1 attack damage.
<{G}{G}> Fashionable Fit deals 1
<{G}{G}> Fashionable Fit",,PROMOTION,
P-066,P,066,Butter Squid Cookie,PROMOTION CARD,FLIP,YELLOW,YELLOW,2,3,,P,Genius Director,"【On Play】 If your break area is LV.5 or above, this Cookie gains +1 HP.",<{Y}> Again! From the top! deals 1,<{Y}> Again! From the top!,0,0,0,P-066,0,"【On Play】 If your break area is LV.5 or above, this Cookie gains +1 HP.
<{Y}> Again! From the top! deals 1
<{Y}> Again! From the top!",,PROMOTION,
P-065,P,065,Pizza Cookie,PROMOTION CARD,FLIP,RED,RED,3,5,,P,On The House,"If another [Pizza Cookie] is in your battle area, this Cookie gains +1 attack damage.",<{R}{R}{R}> Pizza's here! deals 3,<{R}{R}{R}> Pizza's here!,0,0,0,P-065,0,"If another [Pizza Cookie] is in your battle area, this Cookie gains +1 attack damage.
<{R}{R}{R}> Pizza's here! deals 3
<{R}{R}{R}> Pizza's here!",,PROMOTION,
P-064,P,064,Croissant Cookie,PROMOTION CARD,FLIP,RED,RED,1,3,,P,,,"<{R}{R}> Special Sodagun deals 1 Then, if this Cookie's remaining HP is 1, select up to 1 of your opponent's Cookies that is LV.2 or lower. That Cookie receives 1 damage.",<{R}{R}> Special Sodagun,0,0,0,P-064,0,"<{R}{R}> Special Sodagun deals 1 Then, if this Cookie's remaining HP is 1, select up to 1 of your opponent's Cookies that is LV.2 or lower. That Cookie receives 1 damage.
<{R}{R}> Special Sodagun",,PROMOTION,
P-063,P,063,Shadow Milk Cookie,PROMOTION CARD,FLIP,BLUE,BLUE,3,3,,P,PROMOTION CARD,,<{B}{B}{B}> Time to perish deals 3,Draw up to 1 card from your deck.,0,0,0,P-063,0,"<{B}{B}{B}> Time to perish deals 3
Draw up to 1 card from your deck.",,PROMOTION,
P-061,P,061,Angel Cookie,PROMOTION CARD,FLIP,PURPLE,PURPLE,1,2,,P,,,"<{P}{P}> Blessed Power deals 1 Then, <return 2 non-Cookie cards from your trash to your deck and shuffle it.> Place this Cookie in the trash.",<{P}{P}> Blessed Power,0,0,0,P-061,0,"<{P}{P}> Blessed Power deals 1 Then, <return 2 non-Cookie cards from your trash to your deck and shuffle it.> Place this Cookie in the trash.
<{P}{P}> Blessed Power",,PROMOTION,
P-060,P,060,Rockstar Cookie,PROMOTION CARD,FLIP,BLUE,BLUE,2,1,,P,Legend of Rock,【Activate】 【Once Per Turn】 <Discard 2 cards.> Set this Cookie as active.,<{B}{B}> Rock stars rule the world! deals 2,<{B}{B}> Rock stars rule the world!,0,0,0,P-060,0,"【Activate】 【Once Per Turn】 <Discard 2 cards.> Set this Cookie as active.
<{B}{B}> Rock stars rule the world! deals 2
<{B}{B}> Rock stars rule the world!",,PROMOTION,
P-059,P,059,Chamomile Cookie,PROMOTION CARD,FLIP,GREEN,GREEN,1,2,,P,Tea Time,"When your turn ends, if there are 2 active cards or more in your support area, draw up to 1 card from your deck.",<{G}{G}> Floating Flower deals 2,<{G}{G}> Floating Flower,0,0,0,P-059,0,"When your turn ends, if there are 2 active cards or more in your support area, draw up to 1 card from your deck.
<{G}{G}> Floating Flower deals 2
<{G}{G}> Floating Flower",,PROMOTION,
P-058,P,058,Ninja Cookie,PROMOTION CARD,FLIP,GREEN,GREEN,2,2,,P,Mid-air Step,"When your turn ends, <place 2 cards from your support area into the trash.> Place 2 cards from the top of your deck into the support area as active.",<{G}{G}> Swift Strike deals 1,<{G}{G}> Swift Strike,0,0,0,P-058,0,"When your turn ends, <place 2 cards from your support area into the trash.> Place 2 cards from the top of your deck into the support area as active.
<{G}{G}> Swift Strike deals 1
<{G}{G}> Swift Strike",,PROMOTION,
P-057,P,057,Wizard Cookie,PROMOTION CARD,FLIP,YELLOW,YELLOW,2,2,,P,Incredible Incantation,"【On Play】 If there are 2 or more LV.3 Cookies in your break area, this Cookie gains +2 HP.",<{Y}{Y}> The Essence of Magic deals 2,<{Y}{Y}> The Essence of Magic,0,0,0,P-057,0,"【On Play】 If there are 2 or more LV.3 Cookies in your break area, this Cookie gains +2 HP.
<{Y}{Y}> The Essence of Magic deals 2
<{Y}{Y}> The Essence of Magic",,PROMOTION,
P-056,P,056,Rye Cookie,PROMOTION CARD,FLIP,RED,RED,1,3,,P,Final Showdown,【Activate】 【Once Per Turn】 <{R}> <Place 1 card from the top of this Cookie's HP into the trash.> Select up to 1 of your opponent's Cookies that has 1 HP remaining. Make that Cookie faint.,"<{R}{R}> Outta my way, ya softies! deals 1","<{R}{R}> Outta my way, ya softies!",0,0,0,P-056,0,"【Activate】 【Once Per Turn】 <{R}> <Place 1 card from the top of this Cookie's HP into the trash.> Select up to 1 of your opponent's Cookies that has 1 HP remaining. Make that Cookie faint.
<{R}{R}> Outta my way, ya softies! deals 1
<{R}{R}> Outta my way, ya softies!",,PROMOTION,
P-055,P,055,Witchberry Cookie,PROMOTION CARD,COOKIE,PURPLE,PURPLE,2,4,,P,Feline Ruckus,"【Activate】 If your opponent has 15 cards or more in their trash, select up to 1 of your opponent's LV.1 Cookies. That Cookie receives 2 damage.",<{P}{P}{P}> Witchberry Magic deals 3,,0,0,0,P-055,0,"【Activate】 If your opponent has 15 cards or more in their trash, select up to 1 of your opponent's LV.1 Cookies. That Cookie receives 2 damage.
<{P}{P}{P}> Witchberry Magic deals 3",,PROMOTION,
P-054,P,054,Blue Slushy Cookie,PROMOTION CARD,COOKIE,BLUE,BLUE,2,4,,P,Dessert Guardian,"【Activate】 If there are 5 cards or less in your hand and there is a LV.1 Cookie in your opponent's battle area, you can draw up to 2 cards from your deck.",<{B}{B}{B}> Blue Slushy Arrows deals 3,,0,0,0,P-054,0,"【Activate】 If there are 5 cards or less in your hand and there is a LV.1 Cookie in your opponent's battle area, you can draw up to 2 cards from your deck.
<{B}{B}{B}> Blue Slushy Arrows deals 3",,PROMOTION,
P-053,P,053,Herb Cookie,PROMOTION CARD,COOKIE,GREEN,GREEN,3,5,,P,,,"<{G}{G}{G}{G}> Sunny Garden deals 4
During this battle, if your opponent's LV.1 Cookie faints, you can draw up to 1 card from the top of your deck and place it in your support area as rested.",,0,0,0,P-053,0,"<{G}{G}{G}{G}> Sunny Garden deals 4
During this battle, if your opponent's LV.1 Cookie faints, you can draw up to 1 card from the top of your deck and place it in your support area as rested.",,PROMOTION,
P-052,P,052,Lemon Zest Cookie,PROMOTION CARD,COOKIE,YELLOW,YELLOW,2,4,,P,Discharge,"When this Cookie faints and your break area is LV.5 or higher, select up to 1 of your opponent's LV.1 Cookies. Make that Cookie faint.",<{Y}{Y}{Y}> Zap Arrow deals 3,,0,0,0,P-052,0,"When this Cookie faints and your break area is LV.5 or higher, select up to 1 of your opponent's LV.1 Cookies. Make that Cookie faint.
<{Y}{Y}{Y}> Zap Arrow deals 3",,PROMOTION,
P-051,P,051,Strawberry Crepe Cookie,PROMOTION CARD,COOKIE,RED,RED,3,5,,P,Magichanical Engineering,"【Activate】 【Once Per Turn】 <R> If your break area is LV.2 or higher, select up to 1 of your opponent's LV.1 Cookies. That Cookie receives 2 damage.",<{R}{R}{R}{R}> I'll smash you all! deals 4,,0,0,0,P-051,0,"【Activate】 【Once Per Turn】 <R> If your break area is LV.2 or higher, select up to 1 of your opponent's LV.1 Cookies. That Cookie receives 2 damage.
<{R}{R}{R}{R}> I'll smash you all! deals 4",,PROMOTION,
P-050@1,P,050@1,Cream Ferret Cookie,PROMOTION CARD,COOKIE,RED,RED,1,3,,P,Creamcraft,"【Activate】 【Once Per Turn】 <Place 1 card from the top of this Cookie's HP into the trash.> During this turn, this Cookie gains +1 attack damage.","<{R}{R}> My hugs are warm and fluffy! deals 1 
Then, <can be used as {R}.> <Discard 1 card.> Select up to 1 of your opponent's Cookies. That Cookie receives 1 damage.",,0,0,0,P-050,1,"【Activate】 【Once Per Turn】 <Place 1 card from the top of this Cookie's HP into the trash.> During this turn, this Cookie gains +1 attack damage.
<{R}{R}> My hugs are warm and fluffy! deals 1 
Then, <can be used as {R}.> <Discard 1 card.> Select up to 1 of your opponent's Cookies. That Cookie receives 1 damage.",,PROMOTION,
P-049,P,049,Herb Cookie,promotion card,COOKIE,PURPLE,PURPLE,1,2,,P,,,<{N}{N}> It's a beautiful night! deals 2,,0,0,0,P-049,0,<{N}{N}> It's a beautiful night! deals 2,,PROMOTION,
P-048,P,048,Sparkling Cookie,promotion card,COOKIE,YELLOW,YELLOW,2,4,,P,,,<{N}{N}{N}> Refined Indulgence deals 3,,0,0,0,P-048,0,<{N}{N}{N}> Refined Indulgence deals 3,,PROMOTION,
P-047,P,047,GingerBrave,promotion card,FLIP,RED,RED,3,3,,P,,,<{R}{R}{R}> Brave Emperor deals 3,,0,0,0,P-047,0,<{R}{R}{R}> Brave Emperor deals 3,,PROMOTION,
P-046,P,046,Pumpkin Pie Cookie,PROMOTION CARD,COOKIE,PURPLE,PURPLE,2,4,,P,"Pompon, Help!",【Activate】 <{P}{P}> Place the top 1 HP card of each of your opponent's Cookies into the trash.,<{P}{P}{P}> You made Pompon MAD! deals 3,,0,0,0,P-046,0,"【Activate】 <{P}{P}> Place the top 1 HP card of each of your opponent's Cookies into the trash.
<{P}{P}{P}> You made Pompon MAD! deals 3",,PROMOTION,
P-045,P,045,Macaron Cookie,PROMOTION CARD,COOKIE,BLUE,BLUE,1,3,,P,Macaron Parade,【Activate】 <Place 1 card from your hand at the bottom of your deck.> Draw up to 1 card from your deck.,<{B}{B}> Let's go! Ba-da-dum! deals 1,,0,0,0,P-045,0,"【Activate】 <Place 1 card from your hand at the bottom of your deck.> Draw up to 1 card from your deck.
<{B}{B}> Let's go! Ba-da-dum! deals 1",,PROMOTION,
P-044,P,044,Almond Cookie,PROMOTION CARD,COOKIE,GREEN,GREEN,2,3,,P,Almond Handcuffs,【Activate】 Select up to 1 LV.1 Cookie from your opponent's battle area. Place that Cookie into your opponent's support area as rested.,<{G}{G}> You're under arrest! deals 2,,0,0,0,P-044,0,"【Activate】 Select up to 1 LV.1 Cookie from your opponent's battle area. Place that Cookie into your opponent's support area as rested.
<{G}{G}> You're under arrest! deals 2",,PROMOTION,
P-043,P,043,Cotton Cookie,PROMOTION CARD,COOKIE,YELLOW,YELLOW,2,2,,P,A Warm Light,【Activate】 Select up to 1 {Y} LV.3 Cookie in your battle area. That Cookie gains +1 HP.,<{Y}{Y}> I'll light the way! deals 2,,0,0,0,P-043,0,"【Activate】 Select up to 1 {Y} LV.3 Cookie in your battle area. That Cookie gains +1 HP.
<{Y}{Y}> I'll light the way! deals 2",,PROMOTION,
P-042,P,042,Twizzly Gummy Cookie,PROMOTION CARD,COOKIE,RED,RED,1,3,,P,Twizzly Beam,"【Activate】 【Once Per Turn】 If this Cookie's remaining HP is 1, set this Cookie as active.",<{R}{R}> Who's up next?! deals 1,,0,0,0,P-042,0,"【Activate】 【Once Per Turn】 If this Cookie's remaining HP is 1, set this Cookie as active.
<{R}{R}> Who's up next?! deals 1",,PROMOTION,
P-041,P,041,Birthday Cake Cookie,PROMOTION CARD,COOKIE,RED,RED,1,1,,P,Let's Plan a Party!,"【Activate】 If today is your birthday, receive a happy birthday congratulation from your opponent.","<{R}{R}> Happy birthday! deals 1
Then, if today is your birthday, during this turn, this Cookie gains +1 attack damage.",,0,0,0,P-041,0,"【Activate】 If today is your birthday, receive a happy birthday congratulation from your opponent.
<{R}{R}> Happy birthday! deals 1
Then, if today is your birthday, during this turn, this Cookie gains +1 attack damage.",,PROMOTION,
P-040@1,P,040@1,Milky Way Cookie,promotion card,FLIP,PURPLE,PURPLE,3,3,,P,,,<{P}{P}{P}> All aboard! deals 3,<Discard 1 card.> The Cookie with this card attached for HP gains +1 HP.,0,0,0,P-040,1,"<{P}{P}{P}> All aboard! deals 3
<Discard 1 card.> The Cookie with this card attached for HP gains +1 HP.",,PROMOTION,
P-036@1,P,036@1,GingerBrave,promotion card,TRAP,RED,RED,3,5,,P,Yummers!,【On Play】 All Cookies receive 1 damage.,<{R}{R}{R}> The Secret to Courage deals 3,,0,0,0,P-036,1,"【On Play】 All Cookies receive 1 damage.
<{R}{R}{R}> The Secret to Courage deals 3",,PROMOTION,
P-032,P,032,Hall of Ancient Heroes,PROMOTION CARD,STAGE,PURPLE,RED YELLOW GREEN BLUE PURPLE MIX,,,,P,,<{R}{Y}{G}{B}{P}> Place in your stage area.,"【Activate】 <{N}{N}> <Rest this card.> Select up to 1 of your [Ancient] Cookies in your battle area. During this turn, that Cookie's attack costs are all changed to {N}.",,0,0,0,P-032,0,"<{R}{Y}{G}{B}{P}> Place in your stage area.
【Activate】 <{N}{N}> <Rest this card.> Select up to 1 of your [Ancient] Cookies in your battle area. During this turn, that Cookie's attack costs are all changed to {N}.",,PROMOTION,
P-031@1,P,031@1,The Heir's Betrayal,Kingdom Battle,TRAP,PURPLE,PURPLE,,,,P,,"<{P}{P}> If there are 15 cards or more in your trash, select up to 1 of your opponent's LV.3 Cookies. During this turn, that Cookie deals -1 attack damage. Then, place up to 1 of that Cookie's top HP card in the trash.",,,0,0,0,P-031,1,"<{P}{P}> If there are 15 cards or more in your trash, select up to 1 of your opponent's LV.3 Cookies. During this turn, that Cookie deals -1 attack damage. Then, place up to 1 of that Cookie's top HP card in the trash.",,PROMOTION,
P-031,P,031,The Heir's Betrayal,PROMOTION CARD,TRAP,PURPLE,PURPLE,,,,P,,,"<{P}{P}> If there are 15 cards or more in your trash, select up to 1 of your opponent's LV.3 Cookies. During this turn, that Cookie deals -1 attack damage. Then, place up to 1 of that Cookie's top HP card in the trash.",,0,0,0,P-031,0,"<{P}{P}> If there are 15 cards or more in your trash, select up to 1 of your opponent's LV.3 Cookies. During this turn, that Cookie deals -1 attack damage. Then, place up to 1 of that Cookie's top HP card in the trash.",,PROMOTION,
P-030,P,030,Sherbet Cookie,PROMOTION CARD,COOKIE,BLUE,BLUE MIX,3,5,,P,Piercing Blizzard,【Your Turn】 【Activate】 <Discard 2 cards.> Deals 1 damage to all of your opponent's Cookies.,"<{B}{N}> Frost shards, away! deals 3
Then <discard 1 card.> Select up to 1 of your opponent's Cookies. That Cookie receives 1 damage.",,0,0,0,P-030,0,"【Your Turn】 【Activate】 <Discard 2 cards.> Deals 1 damage to all of your opponent's Cookies.
<{B}{N}> Frost shards, away! deals 3
Then <discard 1 card.> Select up to 1 of your opponent's Cookies. That Cookie receives 1 damage.",,PROMOTION,
P-029,P,029,Ritual of Life,PROMOTION CARD,TRAP,GREEN,GREEN,,,,P,,,"<{G}{G}> If your Cookie faints during this battle, play 1 {G} Cookie from your trash.",,0,0,0,P-029,0,"<{G}{G}> If your Cookie faints during this battle, play 1 {G} Cookie from your trash.",,PROMOTION,
P-028,P,028,Golden Cheese Warehouse,PROMOTION CARD,STAGE,YELLOW,YELLOW,,,,P,,<{Y}{Y}> Place in your stage area.,【Activate】 <{Y}> <Rest this card.> <Place 1 {Y} LV.2 or higher Cookie from your hand into your break area.> Return up to 1 {Y} LV.1 Cookie from your break area to your hand.,,0,0,0,P-028,0,"<{Y}{Y}> Place in your stage area.
【Activate】 <{Y}> <Rest this card.> <Place 1 {Y} LV.2 or higher Cookie from your hand into your break area.> Return up to 1 {Y} LV.1 Cookie from your break area to your hand.",,PROMOTION,
P-027,P,027,Marzipan Cookie 4,PROMOTION CARD,FLIP,YELLOW,YELLOW,3,3,,P,Protect. Protect.,"If you have 2 different kinds of [Marzipan Cookie] cards in your battle area and 4 different kinds of [Marzipan Cookie] cards in your support area, this Cookie gains x2 attack damage.",<{Y}{Y}{Y}> Containment Protocol deals 3,Draw up to 1 card from your deck.,0,0,0,P-027,0,"If you have 2 different kinds of [Marzipan Cookie] cards in your battle area and 4 different kinds of [Marzipan Cookie] cards in your support area, this Cookie gains x2 attack damage.
<{Y}{Y}{Y}> Containment Protocol deals 3
Draw up to 1 card from your deck.",,PROMOTION,
P-026,P,026,Marzipan Cookie 3,PROMOTION CARD,FLIP,YELLOW,YELLOW,3,3,,P,Protect. Protect.,"If you have 2 different kinds of [Marzipan Cookie] cards in your battle area and 4 different kinds of [Marzipan Cookie] cards in your support area, this Cookie gains x2 attack damage.",<{Y}{Y}{Y}> Containment Protocol deals 3,Draw up to 1 card from your deck.,0,0,0,P-026,0,"If you have 2 different kinds of [Marzipan Cookie] cards in your battle area and 4 different kinds of [Marzipan Cookie] cards in your support area, this Cookie gains x2 attack damage.
<{Y}{Y}{Y}> Containment Protocol deals 3
Draw up to 1 card from your deck.",,PROMOTION,
P-025,P,025,Marzipan Cookie 2,PROMOTION CARD,FLIP,YELLOW,YELLOW,3,3,,P,Protect. Protect.,"If you have 2 different kinds of [Marzipan Cookie] cards in your battle area and 4 different kinds of [Marzipan Cookie] cards in your support area, this Cookie gains x2 attack damage.",<{Y}{Y}{Y}> Containment Protocol deals 3,Draw up to 1 card from your deck.,0,0,0,P-025,0,"If you have 2 different kinds of [Marzipan Cookie] cards in your battle area and 4 different kinds of [Marzipan Cookie] cards in your support area, this Cookie gains x2 attack damage.
<{Y}{Y}{Y}> Containment Protocol deals 3
Draw up to 1 card from your deck.",,PROMOTION,
P-024,P,024,Caramel Choux Cookie,PROMOTION CARD,FLIP,RED,RED,2,2,,P,,,,<Discard 1 card.> The Cookie with this card attached for HP gains +1 HP.,0,0,0,P-024,0,<Discard 1 card.> The Cookie with this card attached for HP gains +1 HP.,,PROMOTION,
P-022,P,022,Milky Way Cookie,PROMOTION CARD,FLIP,GREEN,GREEN,3,3,,P,,,<{G}{G}{G}> Deals 3 damage.,Draw up to 1 card from your deck.,0,0,0,P-022,0,"<{G}{G}{G}> Deals 3 damage.
Draw up to 1 card from your deck.",,PROMOTION,
P-019,P,019,Hero Cookie,PROMOTION CARD,COOKIE,PURPLE,PURPLE,2,3,,P,,,"<{P}> Deals 1 damage. Then, select up to 3 Cookies from your trash that do not have FLIP, return them to your deck, and shuffle it.",,0,0,0,P-019,0,"<{P}> Deals 1 damage. Then, select up to 3 Cookies from your trash that do not have FLIP, return them to your deck, and shuffle it.",,PROMOTION,
P-018,P,018,Mustard Cookie,PROMOTION CARD,COOKIE,BLUE,BLUE,3,4,,P,,【Your Turn】 【Activate】 <Discard 1 card.> Deals 1 damage to all Cookies other than this Cookie.,<{B}{B}> Deals 2 damage.,,0,0,0,P-018,0,"【Your Turn】 【Activate】 <Discard 1 card.> Deals 1 damage to all Cookies other than this Cookie.
<{B}{B}> Deals 2 damage.",,PROMOTION,
P-017,P,017,Purple Yam Cookie,PROMOTION CARD,COOKIE,GREEN,GREEN,1,3,,P,,"【Your Turn】 【Once Per Turn】 If a card from your support area is placed in your trash, <can be used as {G}.> Take 1 card from the top of your deck and place it in your support area as rested.",<{G}{G}> Deals 1 damage.,,0,0,0,P-017,0,"【Your Turn】 【Once Per Turn】 If a card from your support area is placed in your trash, <can be used as {G}.> Take 1 card from the top of your deck and place it in your support area as rested.
<{G}{G}> Deals 1 damage.",,PROMOTION,
P-016,P,016,Gumball Cookie,PROMOTION CARD,COOKIE,YELLOW,YELLOW,2,2,,P,,"【Activate】 <{Y}> Choose 1 {Y} LV.2 Cookie from your trash and place them in your break area. Then, select up to 2 {Y} LV.1 Cookies from your break area and place them in your trash.",<{Y}{Y}> Deals 2 damage.,,0,0,0,P-016,0,"【Activate】 <{Y}> Choose 1 {Y} LV.2 Cookie from your trash and place them in your break area. Then, select up to 2 {Y} LV.1 Cookies from your break area and place them in your trash.
<{Y}{Y}> Deals 2 damage.",,PROMOTION,
P-015,P,015,Muscle Cookie,PROMOTION CARD,COOKIE,RED,RED,2,5,,P,,,"<{R}{R}{R}> Deals 3 damage. Then, <can be used as {R}.> Choose 1 of your opponent's Cookies. That Cookie receives 1 damage. Then, select up to 1 of your Cookies and place 2 of their HP attached cards in your trash.",,0,0,0,P-015,0,"<{R}{R}{R}> Deals 3 damage. Then, <can be used as {R}.> Choose 1 of your opponent's Cookies. That Cookie receives 1 damage. Then, select up to 1 of your Cookies and place 2 of their HP attached cards in your trash.",,PROMOTION,
P-014,P,014,GingerBright,PROMOTION CARD,COOKIE,PURPLE,PURPLE,1,3,,P,,"{mt) If there are 3 cards or less in your hand, this Cookie gains +1 attack damage.",<{P}{P}> Deals 1 damage.,,0,0,0,P-014,0,"{mt) If there are 3 cards or less in your hand, this Cookie gains +1 attack damage.
<{P}{P}> Deals 1 damage.",,PROMOTION,
P-013,P,013,GingerBright,PROMOTION CARD,COOKIE,BLUE,BLUE,1,3,,P,,"{mt) If there are 3 cards or less in your hand, this Cookie gains +1 attack damage.",<{B}{B}> Deals 1 damage.,,0,0,0,P-013,0,"{mt) If there are 3 cards or less in your hand, this Cookie gains +1 attack damage.
<{B}{B}> Deals 1 damage.",,PROMOTION,
P-012@1,P,012@1,Mischievous Ladybug,promotion-card,ITEM,GREEN,GREEN,,,,P,,"<{G}{G}{G}> Select up to 1 of your opponent's Cookies. That Cookie receives 1 damage. Then, place this card in your support area as rested.",,,0,0,0,P-012,1,"<{G}{G}{G}> Select up to 1 of your opponent's Cookies. That Cookie receives 1 damage. Then, place this card in your support area as rested.",,PROMOTION,
P-012,P,012,Mischievous Ladybug,PROMOTION CARD,ITEM,GREEN,GREEN,,,,P,,,"<{G}{G}{G}> Select up to 1 of your opponent's Cookies. That Cookie receives 1 damage. Then, place this card in your support area as rested.",,0,0,0,P-012,0,"<{G}{G}{G}> Select up to 1 of your opponent's Cookies. That Cookie receives 1 damage. Then, place this card in your support area as rested.",,PROMOTION,
P-011,P,011,Strawberry Cookie,PROMOTION CARD,COOKIE,GREEN,GREEN,2,2,,P,,"If this Cookie has fainted, take 1 card from your support area to your hand. Then, place 1 card from your hand in your support area as rested.",<{G}{G}> Deals 2 damage.,,0,0,0,P-011,0,"If this Cookie has fainted, take 1 card from your support area to your hand. Then, place 1 card from your hand in your support area as rested.
<{G}{G}> Deals 2 damage.",,PROMOTION,
P-010,P,010,Adventurer Cookie,PROMOTION CARD,COOKIE,YELLOW,YELLOW,2,4,,P,,【Activate】 Select up to 1 of your opponent's LV.1 Cookies. That Cookie cannot attack until the start of the next turn.,<{Y}{Y}> Deals 1 damage.,,0,0,0,P-010,0,"【Activate】 Select up to 1 of your opponent's LV.1 Cookies. That Cookie cannot attack until the start of the next turn.
<{Y}{Y}> Deals 1 damage.",,PROMOTION,
P-009,P,009,Stardust Cookie,PROMOTION CARD,COOKIE,YELLOW,YELLOW,3,6,,P,,,"<{Y}{Y}{Y}> Deals 2 damage. Then, if your break area LV. is higher than your opponent's, select up to 1 of your opponent's Cookies. That Cookie receives 1 damage.",,0,0,0,P-009,0,"<{Y}{Y}{Y}> Deals 2 damage. Then, if your break area LV. is higher than your opponent's, select up to 1 of your opponent's Cookies. That Cookie receives 1 damage.",,PROMOTION,
P-008,P,008,Macaron Hammer,PROMOTION CARD,ITEM,RED,RED,,,,P,,,<{R}> Select up to 1 of your opponent's Cookies whose remaining HP is 4 or more. That Cookie receives 1 damage.,,0,0,0,P-008,0,<{R}> Select up to 1 of your opponent's Cookies whose remaining HP is 4 or more. That Cookie receives 1 damage.,,PROMOTION,
P-007,P,007,Chestnut Cookie,PROMOTION CARD,COOKIE,RED,RED,2,1,,P,,【Activate】 Select up to 1 of your opponent's Cookies. That Cookie receives 1 damage.,<{R}> Deals 1 damage.,,0,0,0,P-007,0,"【Activate】 Select up to 1 of your opponent's Cookies. That Cookie receives 1 damage.
<{R}> Deals 1 damage.",,PROMOTION,
P-003,P,003,GingerBright,PROMOTION CARD,COOKIE,GREEN,GREEN,1,3,,P,,"{mt) If there are 3 cards or less in your hand, this Cookie gains +1 attack damage.",<{G}{G}> Deals 1 damage.,,0,0,0,P-003,0,"{mt) If there are 3 cards or less in your hand, this Cookie gains +1 attack damage.
<{G}{G}> Deals 1 damage.",,PROMOTION,
P-002,P,002,GingerBright,PROMOTION CARD,COOKIE,YELLOW,YELLOW,1,3,,P,,"{mt) If there are 3 cards or less in your hand, this Cookie gains +1 attack damage.",<{Y}{Y}> Deals 1 damage.,,0,0,0,P-002,0,"{mt) If there are 3 cards or less in your hand, this Cookie gains +1 attack damage.
<{Y}{Y}> Deals 1 damage.",,PROMOTION,
P-001,P,001,GingerBright,PROMOTION CARD,COOKIE,RED,RED,1,3,,P,,"【Your Turn】 If there are 3 cards or less in your hand, this Cookie gains +1 attack damage.",<{R}{R}> Deals 1 damage.,,0,0,0,P-001,0,"【Your Turn】 If there are 3 cards or less in your hand, this Cookie gains +1 attack damage.
<{R}{R}> Deals 1 damage.",,PROMOTION,
BS9-118,BS9,118,Endless Game of Chess,BOOSTER PACK [A Game of Truth and Deceit],STAGE,PURPLE,PURPLE,,,,U,,"<{P}> Place in your stage area.

Both players can use the effect below.
【Activate】 【Once Per Turn】 <Discard 1 card.> Select up to 1 of your opponent's Cookies. Place 1 card from the top of that Cookie's HP into your opponent's trash.",,,0,0,0,BS9-118,0,"<{P}> Place in your stage area.

Both players can use the effect below.
【Activate】 【Once Per Turn】 <Discard 1 card.> Select up to 1 of your opponent's Cookies. Place 1 card from the top of that Cookie's HP into your opponent's trash.",,UNCOMMON,
BS9-117,BS9,117,Truth Stained With Lies,BOOSTER PACK [A Game of Truth and Deceit],TRAP,PURPLE,PURPLE,,,,U,,"<{P}{P}> Select up to 1 of your opponent's Cookies. During this turn, that Cookie deals -2 attack damage. Then, if there are 20 cards or more in your opponent's trash, that Cookie deals an additional -1 attack damage.",,,0,0,0,BS9-117,0,"<{P}{P}> Select up to 1 of your opponent's Cookies. During this turn, that Cookie deals -2 attack damage. Then, if there are 20 cards or more in your opponent's trash, that Cookie deals an additional -1 attack damage.",,UNCOMMON,
BS9-116,BS9,116,Light of False Truths,BOOSTER PACK [A Game of Truth and Deceit],TRAP,PURPLE,PURPLE,,,,U,,"<{P}> If there are 15 cards or more in your opponent's trash, your opponent selects 1 of their Cookies. Place 1 card from the top of that Cookie's HP into your opponent's trash.",,,0,0,0,BS9-116,0,"<{P}> If there are 15 cards or more in your opponent's trash, your opponent selects 1 of their Cookies. Place 1 card from the top of that Cookie's HP into your opponent's trash.",,UNCOMMON,
BS9-115,BS9,115,Wolf in Sheep's Clothing,BOOSTER PACK [A Game of Truth and Deceit],ITEM,PURPLE,PURPLE,,,,U,,"<{P}> Draw up to 1 card from your deck. Then, if there are 15 cards or less in your opponent's trash, place 3 cards from the top of your opponent's deck into your opponent's trash.",,,0,0,0,BS9-115,0,"<{P}> Draw up to 1 card from your deck. Then, if there are 15 cards or less in your opponent's trash, place 3 cards from the top of your opponent's deck into your opponent's trash.",,UNCOMMON,
BS9-114,BS9,114,Flipped Coin,BOOSTER PACK [A Game of Truth and Deceit],ITEM,PURPLE,PURPLE,,,,U,,"<{P}> Apply the effect below based on the number of cards in your trash.
・ 14 cards or less: Place 5 cards from the top of your deck into your trash.
・ 15 cards or more: Place 3 cards from the top of your opponent's deck into your opponent's trash.",,,0,0,0,BS9-114,0,"<{P}> Apply the effect below based on the number of cards in your trash.
・ 14 cards or less: Place 5 cards from the top of your deck into your trash.
・ 15 cards or more: Place 3 cards from the top of your opponent's deck into your opponent's trash.",,UNCOMMON,
BS9-113@2,BS9,113@2,Prune Juice Cookie,promotion card,FLIP,PURPLE,PURPLE,2,3,,P,,,<{P}{P}> Potion Making deals 2,"If there are 15 cards or more in your trash, <discard 1 card.> Return up to 1 Cookie from your trash to your hand.",0,0,0,BS9-113,1,"<{P}{P}> Potion Making deals 2
If there are 15 cards or more in your trash, <discard 1 card.> Return up to 1 Cookie from your trash to your hand.",,PROMOTION,
BS9-113@1,BS9,113@1,Prune Juice Cookie,BOOSTER PACK [A Game of Truth and Deceit],FLIP,PURPLE,PURPLE,2,3,,C,,,<{P}{P}> Potion Making deals 2,"If there are 15 cards or more in your trash, <discard 1 card.> Return up to 1 Cookie from your trash to your hand.",0,0,0,BS9-113,1,"<{P}{P}> Potion Making deals 2
If there are 15 cards or more in your trash, <discard 1 card.> Return up to 1 Cookie from your trash to your hand.",,COMMON,
BS9-113,BS9,113,Prune Juice Cookie,BOOSTER PACK [A Game of Truth and Deceit],FLIP,PURPLE,PURPLE,2,3,,C,,,<{P}{P}> Potion Making deals 2,"If there are 15 cards or more in your trash, <discard 1 card.> Return up to 1 Cookie from your trash to your hand.",0,0,0,BS9-113,0,"<{P}{P}> Potion Making deals 2
If there are 15 cards or more in your trash, <discard 1 card.> Return up to 1 Cookie from your trash to your hand.",,COMMON,
BS9-112@1,BS9,112@1,Pumpkin Pie Cookie,BOOSTER PACK [A Game of Truth and Deceit],COOKIE,PURPLE,PURPLE,1,3,,U,Rich Pumpkin Dress,"If there are 15 cards or more in your trash, this Cookie gains +1 attack damage.",<{P}{P}> Creepy Shadows deals 1,,0,0,0,BS9-112,1,"If there are 15 cards or more in your trash, this Cookie gains +1 attack damage.
<{P}{P}> Creepy Shadows deals 1",,UNCOMMON,
BS9-112,BS9,112,Pumpkin Pie Cookie,BOOSTER PACK [A Game of Truth and Deceit],COOKIE,PURPLE,PURPLE,1,3,,U,Rich Pumpkin Dress,"If there are 15 cards or more in your trash, this Cookie gains +1 attack damage.",<{P}{P}> Creepy Shadows deals 1,,0,0,0,BS9-112,0,"If there are 15 cards or more in your trash, this Cookie gains +1 attack damage.
<{P}{P}> Creepy Shadows deals 1",,UNCOMMON,
BS9-111,BS9,111,Everything Pie Cookie,BOOSTER PACK [A Game of Truth and Deceit],COOKIE,PURPLE,PURPLE,2,3,,U,Special Ingredients,"If this Cookie is in your battle area, your opponent must place 2 Cookies in their break area when refreshing.",<{P}{P}{P}> Dough Twister deals 2,,0,0,0,BS9-111,0,"If this Cookie is in your battle area, your opponent must place 2 Cookies in their break area when refreshing.
<{P}{P}{P}> Dough Twister deals 2",,UNCOMMON,
BS9-110@1,BS9,110@1,Crunchy Chip Cookie,BOOSTER PACK [A Game of Truth and Deceit],FLIP,PURPLE,PURPLE,3,3,,C,,,<{P}{P}{P}> Commander's Power deals 3,<Discard 1 card.> The Cookie with this card attached for HP gains +1 HP.,0,0,0,BS9-110,1,"<{P}{P}{P}> Commander's Power deals 3
<Discard 1 card.> The Cookie with this card attached for HP gains +1 HP.",,COMMON,
BS9-110,BS9,110,Crunchy Chip Cookie,BOOSTER PACK [A Game of Truth and Deceit],FLIP,PURPLE,PURPLE,3,3,,C,,,<{P}{P}{P}> Commander's Power deals 3,<Discard 1 card.> The Cookie with this card attached for HP gains +1 HP.,0,0,0,BS9-110,0,"<{P}{P}{P}> Commander's Power deals 3
<Discard 1 card.> The Cookie with this card attached for HP gains +1 HP.",,COMMON,
BS9-109,BS9,109,Candy Corn Cookie,BOOSTER PACK [A Game of Truth and Deceit],COOKIE,PURPLE,PURPLE,3,5,,C,,,<{P}{P}{N}{N}> Candy Cone Firecracker deals 4,,0,0,0,BS9-109,0,<{P}{P}{N}{N}> Candy Cone Firecracker deals 4,,COMMON,
BS9-108,BS9,108,Chess Piece GingerBrave,BOOSTER PACK [A Game of Truth and Deceit],COOKIE,PURPLE,PURPLE,1,2,,C,Pawn's Advance,"When this Cookie is placed from your hand into your trash by the effect of your [Shadow Milk Cookie], select up to 1 of your opponent's Cookies. Place 1 card from the top of that Cookie's HP into your opponent's trash.",<{P}{P}> I don't want to crumble! deals 2,,0,0,0,BS9-108,0,"When this Cookie is placed from your hand into your trash by the effect of your [Shadow Milk Cookie], select up to 1 of your opponent's Cookies. Place 1 card from the top of that Cookie's HP into your opponent's trash.
<{P}{P}> I don't want to crumble! deals 2",,COMMON,
BS9-107,BS9,107,Chess Piece Wizard Cookie,BOOSTER PACK [A Game of Truth and Deceit],COOKIE,PURPLE,PURPLE,1,2,,C,Bishop's Move,"When this Cookie is placed from your hand into your trash by the effect of your [Shadow Milk Cookie], select up to 1 of your {P} Cookies. That Cookie gains +1 HP.",<{P}{P}> The pawns stopped again deals 2,,0,0,0,BS9-107,0,"When this Cookie is placed from your hand into your trash by the effect of your [Shadow Milk Cookie], select up to 1 of your {P} Cookies. That Cookie gains +1 HP.
<{P}{P}> The pawns stopped again deals 2",,COMMON,
BS9-106,BS9,106,Chess Piece Strawberry Cookie,BOOSTER PACK [A Game of Truth and Deceit],COOKIE,PURPLE,PURPLE,1,2,,C,Queen's Gambit,"When this Cookie is placed from your hand into your trash by the effect of your [Shadow Milk Cookie], draw up to 2 cards from your deck.",<{P}{P}> Not much left... deals 2,,0,0,0,BS9-106,0,"When this Cookie is placed from your hand into your trash by the effect of your [Shadow Milk Cookie], draw up to 2 cards from your deck.
<{P}{P}> Not much left... deals 2",,COMMON,
BS9-105,BS9,105,Young Shepherd Cookie,BOOSTER PACK [A Game of Truth and Deceit],COOKIE,PURPLE,PURPLE MIX,2,4,,C,,,<{N}{N}> Funny Lie deals 1,,0,0,0,BS9-105,0,<{N}{N}> Funny Lie deals 1,,COMMON,
BS9-104@1,BS9,104@1,Prophet Cookie,BOOSTER PACK [A Game of Truth and Deceit],FLIP,PURPLE,PURPLE,3,3,,C,,,<{P}{P}{P}> Seven Prophecies deals 3,Draw up to 1 card from your deck.,0,0,0,BS9-104,1,"<{P}{P}{P}> Seven Prophecies deals 3
Draw up to 1 card from your deck.",,COMMON,
BS9-104,BS9,104,Prophet Cookie,BOOSTER PACK [A Game of Truth and Deceit],FLIP,PURPLE,PURPLE,3,3,,C,,,<{P}{P}{P}> Seven Prophecies deals 3,Draw up to 1 card from your deck.,0,0,0,BS9-104,0,"<{P}{P}{P}> Seven Prophecies deals 3
Draw up to 1 card from your deck.",,COMMON,
BS9-103,BS9,103,Baby Cream Sheep,BOOSTER PACK [A Game of Truth and Deceit],COOKIE,PURPLE,PURPLE MIX,1,2,,C,,,<{N}{N}> Baa! deals 2,,0,0,0,BS9-103,0,<{N}{N}> Baa! deals 2,,COMMON,
BS9-102@1,BS9,102@1,Shadow Milk Cookie,BOOSTER PACK [A Game of Truth and Deceit],COOKIE,PURPLE,PURPLE,3,6,BEAST,SUR,Spectacular Finale,"【EXTRA】 Can be played if there are 20 cards or more in each player's trash.

【Activate】 【Once Per Turn】 <Discard 1 {P} card from your hand.> If there are 4 cards or more in your opponent's hand, your opponent places 1 card from their hand into their trash.","<{P}{P}> False Persona deals 2 
Then, if there are 20 cards or more in your opponent's trash, deals 1 damage.",,0,0,0,BS9-102,1,"【EXTRA】 Can be played if there are 20 cards or more in each player's trash.

【Activate】 【Once Per Turn】 <Discard 1 {P} card from your hand.> If there are 4 cards or more in your opponent's hand, your opponent places 1 card from their hand into their trash.
<{P}{P}> False Persona deals 2 
Then, if there are 20 cards or more in your opponent's trash, deals 1 damage.",,SECRET ULTRA RARE,
BS9-102,BS9,102,Shadow Milk Cookie,BOOSTER PACK [A Game of Truth and Deceit],COOKIE,PURPLE,PURPLE,3,6,BEAST,UR,Spectacular Finale,"【EXTRA】 Can be played if there are 20 cards or more in each player's trash.

【Activate】 【Once Per Turn】 <Discard 1 {P} card from your hand.> If there are 4 cards or more in your opponent's hand, your opponent places 1 card from their hand into their trash.","<{P}{P}> False Persona deals 2 
Then, if there are 20 cards or more in your opponent's trash, deals 1 damage.",,0,0,0,BS9-102,0,"【EXTRA】 Can be played if there are 20 cards or more in each player's trash.

【Activate】 【Once Per Turn】 <Discard 1 {P} card from your hand.> If there are 4 cards or more in your opponent's hand, your opponent places 1 card from their hand into their trash.
<{P}{P}> False Persona deals 2 
Then, if there are 20 cards or more in your opponent's trash, deals 1 damage.",,ULTLA RARE,
BS9-101@1,BS9,101@1,Blueberry Pie Cookie,BOOSTER PACK [A Game of Truth and Deceit],COOKIE,PURPLE,PURPLE,1,2,,SEC,Grimoire Sorting,"【Activate】 <{P}> <Place this Cookie in your trash.> View 3 cards from the top of your deck, reveal up to 1 {P} card from the viewed cards, and add it to your hand. Then, place the remaining cards in your trash.",<{P}{P}> Magic Circle deals 1,,0,0,0,BS9-101,1,"【Activate】 <{P}> <Place this Cookie in your trash.> View 3 cards from the top of your deck, reveal up to 1 {P} card from the viewed cards, and add it to your hand. Then, place the remaining cards in your trash.
<{P}{P}> Magic Circle deals 1",,SECRET,
BS9-101,BS9,101,Blueberry Pie Cookie,BOOSTER PACK [A Game of Truth and Deceit],COOKIE,PURPLE,PURPLE,1,2,,R,Grimoire Sorting,"【Activate】 <{P}> <Place this Cookie in your trash.> View 3 cards from the top of your deck, reveal up to 1 {P} card from the viewed cards, and add it to your hand. Then, place the remaining cards in your trash.",<{P}{P}> Magic Circle deals 1,,0,0,0,BS9-101,0,"【Activate】 <{P}> <Place this Cookie in your trash.> View 3 cards from the top of your deck, reveal up to 1 {P} card from the viewed cards, and add it to your hand. Then, place the remaining cards in your trash.
<{P}{P}> Magic Circle deals 1",,RARE,
BS9-100@2,BS9,100@2,Black Sapphire Cookie,promotion card,COOKIE,PURPLE,PURPLE,2,4,,P,Stage Broadcast,【On Play】 <Place 5 cards from the top of your deck into your trash.> Place 5 cards from the top of your opponent's deck into your opponent's trash.,"<{P}{P}{P}> Showtime! deals 3 Then, both players place 3 cards from the top of their decks into their trash.",,0,0,0,BS9-100,1,"【On Play】 <Place 5 cards from the top of your deck into your trash.> Place 5 cards from the top of your opponent's deck into your opponent's trash.
<{P}{P}{P}> Showtime! deals 3 Then, both players place 3 cards from the top of their decks into their trash.",,PROMOTION,
BS9-100@1,BS9,100@1,Black Sapphire Cookie,BOOSTER PACK [A Game of Truth and Deceit],COOKIE,PURPLE,PURPLE,2,4,,SSR,Stage Broadcast,【On Play】 <Place 5 cards from the top of your deck into your trash.> Place 5 cards from the top of your opponent's deck into your opponent's trash.,"<{P}{P}{P}> Showtime! deals 3 
Then, both players place 3 cards from the top of their decks into their trash.",,0,0,0,BS9-100,1,"【On Play】 <Place 5 cards from the top of your deck into your trash.> Place 5 cards from the top of your opponent's deck into your opponent's trash.
<{P}{P}{P}> Showtime! deals 3 
Then, both players place 3 cards from the top of their decks into their trash.",,SECRET SUPER RARE,
BS9-100,BS9,100,Black Sapphire Cookie,BOOSTER PACK [A Game of Truth and Deceit],COOKIE,PURPLE,PURPLE,2,4,,SR,Stage Broadcast,【On Play】 <Place 5 cards from the top of your deck into your trash.> Place 5 cards from the top of your opponent's deck into your opponent's trash.,"<{P}{P}{P}> Showtime! deals 3 
Then, both players place 3 cards from the top of their decks into their trash.",,0,0,0,BS9-100,0,"【On Play】 <Place 5 cards from the top of your deck into your trash.> Place 5 cards from the top of your opponent's deck into your opponent's trash.
<{P}{P}{P}> Showtime! deals 3 
Then, both players place 3 cards from the top of their decks into their trash.",,SUPER RARE,
BS9-099@1,BS9,099@1,Wizard Cookie,BOOSTER PACK [A Game of Truth and Deceit],COOKIE,PURPLE,PURPLE,2,3,,U,Enhanced Spells,"【Activate】 【Once Per Turn】 <{P}> <Place 5 cards from the top of your deck into your trash.> During this turn, this Cookie gains +1 attack damage.",<{P}{P}{P}> Lightning Magic deals 3,,0,0,0,BS9-099,1,"【Activate】 【Once Per Turn】 <{P}> <Place 5 cards from the top of your deck into your trash.> During this turn, this Cookie gains +1 attack damage.
<{P}{P}{P}> Lightning Magic deals 3",,UNCOMMON,
BS9-099,BS9,099,Wizard Cookie,BOOSTER PACK [A Game of Truth and Deceit],COOKIE,PURPLE,PURPLE,2,3,,U,Enhanced Spells,"【Activate】 【Once Per Turn】 <{P}> <Place 5 cards from the top of your deck into your trash.> During this turn, this Cookie gains +1 attack damage.",<{P}{P}{P}> Lightning Magic deals 3,,0,0,0,BS9-099,0,"【Activate】 【Once Per Turn】 <{P}> <Place 5 cards from the top of your deck into your trash.> During this turn, this Cookie gains +1 attack damage.
<{P}{P}{P}> Lightning Magic deals 3",,UNCOMMON,
BS9-098@2,BS9,098@2,Latte Cookie,BOOSTER PACK [A Game of Truth and Deceit],COOKIE,PURPLE,PURPLE,1,3,,SEC,Class Dismissed!,"【Activate】 If there are 3 {P} cards or more in your support area, <place this Cookie in your trash.> Place 3 cards from the top of your opponent's deck into your opponent's trash.",<{P}{P}{P}> Magic Coffee Circle deals 2,,0,0,0,BS9-098,1,"【Activate】 If there are 3 {P} cards or more in your support area, <place this Cookie in your trash.> Place 3 cards from the top of your opponent's deck into your opponent's trash.
<{P}{P}{P}> Magic Coffee Circle deals 2",,SECRET,
BS9-098@1,BS9,098@1,Latte Cookie,BOOSTER PACK [A Game of Truth and Deceit],COOKIE,PURPLE,PURPLE,1,3,,R,Class Dismissed!,"【Activate】 If there are 3 {P} cards or more in your support area, <place this Cookie in your trash.> Place 3 cards from the top of your opponent's deck into your opponent's trash.",<{P}{P}{P}> Magic Coffee Circle deals 2,,0,0,0,BS9-098,1,"【Activate】 If there are 3 {P} cards or more in your support area, <place this Cookie in your trash.> Place 3 cards from the top of your opponent's deck into your opponent's trash.
<{P}{P}{P}> Magic Coffee Circle deals 2",,SECRET,
BS9-098,BS9,098,Latte Cookie,BOOSTER PACK [A Game of Truth and Deceit],COOKIE,PURPLE,PURPLE,1,3,,R,Class Dismissed!,"【Activate】 If there are 3 {P} cards or more in your support area, <place this Cookie in your trash.> Place 3 cards from the top of your opponent's deck into your opponent's trash.",<{P}{P}{P}> Magic Coffee Circle deals 2,,0,0,0,BS9-098,0,"【Activate】 If there are 3 {P} cards or more in your support area, <place this Cookie in your trash.> Place 3 cards from the top of your opponent's deck into your opponent's trash.
<{P}{P}{P}> Magic Coffee Circle deals 2",,RARE,
BS9-097@1,BS9,097@1,Dark Cacao Cookie,BOOSTER PACK [A Game of Truth and Deceit],COOKIE,PURPLE,PURPLE MIX,2,4,ANCIENT,SSR,Blade of Apathy,"【Activate】 【Once Per Turn】 <{N}> <Discard 1 card.> If there is another 【Ancient】 Cookie in your battle area, select up to 1 of your opponent's Cookies. Place 1 card from the top of that Cookie's HP into your opponent's trash.","<{P}{N}{N}> Twilight Strike deals 3
 Then, if there are 20 cards or more in your opponent's trash, deals 1 damage.",,0,0,0,BS9-097,1,"【Activate】 【Once Per Turn】 <{N}> <Discard 1 card.> If there is another 【Ancient】 Cookie in your battle area, select up to 1 of your opponent's Cookies. Place 1 card from the top of that Cookie's HP into your opponent's trash.
<{P}{N}{N}> Twilight Strike deals 3
 Then, if there are 20 cards or more in your opponent's trash, deals 1 damage.",,SECRET SUPER RARE,
BS9-097,BS9,097,Dark Cacao Cookie,BOOSTER PACK [A Game of Truth and Deceit],COOKIE,PURPLE,PURPLE MIX,2,4,ANCIENT,SR,Blade of Apathy,"【Activate】 【Once Per Turn】 <{N}> <Discard 1 card.> If there is another 【Ancient】 Cookie in your battle area, select up to 1 of your opponent's Cookies. Place 1 card from the top of that Cookie's HP into your opponent's trash.","<{P}{N}{N}> Twilight Strike deals 3
 Then, if there are 20 cards or more in your opponent's trash, deals 1 damage.",,0,0,0,BS9-097,0,"【Activate】 【Once Per Turn】 <{N}> <Discard 1 card.> If there is another 【Ancient】 Cookie in your battle area, select up to 1 of your opponent's Cookies. Place 1 card from the top of that Cookie's HP into your opponent's trash.
<{P}{N}{N}> Twilight Strike deals 3
 Then, if there are 20 cards or more in your opponent's trash, deals 1 damage.",,SUPER RARE,
BS9-096,BS9,096,Nosy Wizard,BOOSTER PACK [A Game of Truth and Deceit],COOKIE,PURPLE,PURPLE,1,3,,C,Deception,"If this Cookie is in your battle area, you do not need to place Cookies in your break area when refreshing.",<{P}{P}> Incitement Magic deals 1,,0,0,0,BS9-096,0,"If this Cookie is in your battle area, you do not need to place Cookies in your break area when refreshing.
<{P}{P}> Incitement Magic deals 1",,COMMON,
BS9-095,BS9,095,Spire of Deceit,BOOSTER PACK [A Game of Truth and Deceit],STAGE,BLUE,BLUE,,,,U,,"<{B}> Place in your stage area.

When your [Shadow Milk Cookie] attacks, if there are 5 cards or less in your hand, draw up to 1 card from your deck.",,,0,0,0,BS9-095,0,"<{B}> Place in your stage area.

When your [Shadow Milk Cookie] attacks, if there are 5 cards or less in your hand, draw up to 1 card from your deck.",,UNCOMMON,
BS9-094,BS9,094,Shadow Milk Cookie's Tarot Card,BOOSTER PACK [A Game of Truth and Deceit],TRAP,BLUE,BLUE,,,,U,,"<{B}> Reveal 1 card from the top of your deck and apply the effect below based on that card's type.
・ Cookie: During this turn, all of your opponent's Cookies deal -1 attack damage.
・ Non-Cookie: Draw up to 1 card from your deck.",,,0,0,0,BS9-094,0,"<{B}> Reveal 1 card from the top of your deck and apply the effect below based on that card's type.
・ Cookie: During this turn, all of your opponent's Cookies deal -1 attack damage.
・ Non-Cookie: Draw up to 1 card from your deck.",,UNCOMMON,
BS9-093,BS9,093,Reversed Prophecy,BOOSTER PACK [A Game of Truth and Deceit],TRAP,BLUE,BLUE,,,,U,,"<{B}{B}> Select up to 1 of your opponent's Cookies. During this turn, that Cookie deals -2 attack damage. Then, if there are 5 cards or less in your hand, draw up to 2 cards from your deck and place 1 card from your hand on the top of your deck.",,,0,0,0,BS9-093,0,"<{B}{B}> Select up to 1 of your opponent's Cookies. During this turn, that Cookie deals -2 attack damage. Then, if there are 5 cards or less in your hand, draw up to 2 cards from your deck and place 1 card from your hand on the top of your deck.",,UNCOMMON,
BS9-092@1,BS9,092@1,Soul Jam: Light of Deceit,BOOSTER PACK [A Game of Truth and Deceit],ITEM,BLUE,BLUE,,,,SSR,,"<{B}{N}> <Discard 2 cards.> Select up to 1 of your opponent's Cookies. That Cookie receives 2 damage. Then, you can 【Equip】 this card to your [Shadow Milk Cookie]. If there are 5 cards or less in your hand, during your turn, that Cookie receives -3 damage.",,,0,0,0,BS9-092,1,"<{B}{N}> <Discard 2 cards.> Select up to 1 of your opponent's Cookies. That Cookie receives 2 damage. Then, you can 【Equip】 this card to your [Shadow Milk Cookie]. If there are 5 cards or less in your hand, during your turn, that Cookie receives -3 damage.",,SECRET SUPER RARE,
BS9-092,BS9,092,Soul Jam: Light of Deceit,BOOSTER PACK [A Game of Truth and Deceit],ITEM,BLUE,BLUE,,,,SR,,"<{B}{N}> <Discard 2 cards.> Select up to 1 of your opponent's Cookies. That Cookie receives 2 damage. Then, you can 【Equip】 this card to your [Shadow Milk Cookie]. If there are 5 cards or less in your hand, during your turn, that Cookie receives -3 damage.",,,0,0,0,BS9-092,0,"<{B}{N}> <Discard 2 cards.> Select up to 1 of your opponent's Cookies. That Cookie receives 2 damage. Then, you can 【Equip】 this card to your [Shadow Milk Cookie]. If there are 5 cards or less in your hand, during your turn, that Cookie receives -3 damage.",,SUPER RARE,
BS9-091,BS9,091,Light of Deceit,BOOSTER PACK [A Game of Truth and Deceit],ITEM,BLUE,BLUE,,,,U,,<{B}{B}> <Reveal 1 [Shadow Milk Cookie] from your hand.> Return 1 {B} Cookie that is LV.2 or lower from your battle area to your hand and play 1 [Shadow Milk Cookie] from your hand.,,,0,0,0,BS9-091,0,<{B}{B}> <Reveal 1 [Shadow Milk Cookie] from your hand.> Return 1 {B} Cookie that is LV.2 or lower from your battle area to your hand and play 1 [Shadow Milk Cookie] from your hand.,,UNCOMMON,
BS9-090,BS9,090,Storybook of Lies,BOOSTER PACK [A Game of Truth and Deceit],ITEM,BLUE,BLUE,,,,U,,<{B}> View 3 cards from the top of your deck and place them on the top of the deck in any order.,,,0,0,0,BS9-090,0,<{B}> View 3 cards from the top of your deck and place them on the top of the deck in any order.,,UNCOMMON,
BS9-089@1,BS9,089@1,Pure Vanilla Cookie,BOOSTER PACK [A Game of Truth and Deceit],COOKIE,BLUE,BLUE,2,4,ANCIENT,SEC,Blessing of Light,"【Activate】 【Once Per Turn】 <{B}> Reveal 1 card from the top of your deck. If that card is a {B} LV.2 Cookie, all of your opponent's Cookies receive 1 damage.","<{B}{B}{B}> Trust your instinct deals 3 
Then, <place 1 LV.1 Cookie from your battle area on the bottom of your deck.> This Cookie gains +1 HP.",,0,0,0,BS9-089,1,"【Activate】 【Once Per Turn】 <{B}> Reveal 1 card from the top of your deck. If that card is a {B} LV.2 Cookie, all of your opponent's Cookies receive 1 damage.
<{B}{B}{B}> Trust your instinct deals 3 
Then, <place 1 LV.1 Cookie from your battle area on the bottom of your deck.> This Cookie gains +1 HP.",,SECRET,
BS9-089,BS9,089,Pure Vanilla Cookie,BOOSTER PACK [A Game of Truth and Deceit],COOKIE,BLUE,BLUE,2,4,ANCIENT,R,Blessing of Light,"【Activate】 【Once Per Turn】 <{B}> Reveal 1 card from the top of your deck. If that card is a {B} LV.2 Cookie, all of your opponent's Cookies receive 1 damage.","<{B}{B}{B}> Trust your instinct deals 3 
Then, <place 1 LV.1 Cookie from your battle area on the bottom of your deck.> This Cookie gains +1 HP.",,0,0,0,BS9-089,0,"【Activate】 【Once Per Turn】 <{B}> Reveal 1 card from the top of your deck. If that card is a {B} LV.2 Cookie, all of your opponent's Cookies receive 1 damage.
<{B}{B}{B}> Trust your instinct deals 3 
Then, <place 1 LV.1 Cookie from your battle area on the bottom of your deck.> This Cookie gains +1 HP.",,RARE,
BS9-088@2,BS9,088@2,Pure Vanilla Cookie,BOOSTER PACK [A Game of Truth and Deceit],COOKIE,BLUE,BLUE,3,0,ANCIENT,EXR,Warmth of Compassion,"【EXTRA】 During this turn, if a Cookie was placed from your battle area on the bottom of your deck, you can 【Awaken】 [Pure Vanilla Cookie].

【On Play】 Reveal 1 card from the top of your deck. If that card is a {B} LV.2 Cookie, this Cookie gains +2 HP, and draw up to 2 cards from your deck.","<{B}{B}{B}> Love & Peace deals 4 
Then, <can be used as {B}.> Select up to 1 of your Cookies. That Cookie gains +1 HP.",,0,0,1,BS9-088,1,"【EXTRA】 During this turn, if a Cookie was placed from your battle area on the bottom of your deck, you can 【Awaken】 [Pure Vanilla Cookie].

【On Play】 Reveal 1 card from the top of your deck. If that card is a {B} LV.2 Cookie, this Cookie gains +2 HP, and draw up to 2 cards from your deck.
<{B}{B}{B}> Love & Peace deals 4 
Then, <can be used as {B}.> Select up to 1 of your Cookies. That Cookie gains +1 HP.",,EXTRA RARE,
BS9-088@1,BS9,088@1,Pure Vanilla Cookie,BOOSTER PACK [A Game of Truth and Deceit],COOKIE,BLUE,BLUE,3,0,ANCIENT,SUR,Warmth of Compassion,"【EXTRA】 During this turn, if a Cookie was placed from your battle area on the bottom of your deck, you can 【Awaken】 [Pure Vanilla Cookie].

【On Play】 Reveal 1 card from the top of your deck. If that card is a {B} LV.2 Cookie, this Cookie gains +2 HP, and draw up to 2 cards from your deck.","<{B}{B}{B}> Love & Peace deals 4 
Then, <can be used as {B}.> Select up to 1 of your Cookies. That Cookie gains +1 HP.",,0,0,0,BS9-088,1,"【EXTRA】 During this turn, if a Cookie was placed from your battle area on the bottom of your deck, you can 【Awaken】 [Pure Vanilla Cookie].

【On Play】 Reveal 1 card from the top of your deck. If that card is a {B} LV.2 Cookie, this Cookie gains +2 HP, and draw up to 2 cards from your deck.
<{B}{B}{B}> Love & Peace deals 4 
Then, <can be used as {B}.> Select up to 1 of your Cookies. That Cookie gains +1 HP.",,SECRET ULTRA RARE,
BS9-088,BS9,088,Pure Vanilla Cookie,BOOSTER PACK [A Game of Truth and Deceit],COOKIE,BLUE,BLUE,3,0,ANCIENT,UR,Warmth of Compassion,"【EXTRA】 During this turn, if a Cookie was placed from your battle area on the bottom of your deck, you can 【Awaken】 [Pure Vanilla Cookie].

【On Play】 Reveal 1 card from the top of your deck. If that card is a {B} LV.2 Cookie, this Cookie gains +2 HP, and draw up to 2 cards from your deck.","<{B}{B}{B}> Love & Peace deals 4 
Then, <can be used as {B}.> Select up to 1 of your Cookies. That Cookie gains +1 HP.",,0,0,0,BS9-088,0,"【EXTRA】 During this turn, if a Cookie was placed from your battle area on the bottom of your deck, you can 【Awaken】 [Pure Vanilla Cookie].

【On Play】 Reveal 1 card from the top of your deck. If that card is a {B} LV.2 Cookie, this Cookie gains +2 HP, and draw up to 2 cards from your deck.
<{B}{B}{B}> Love & Peace deals 4 
Then, <can be used as {B}.> Select up to 1 of your Cookies. That Cookie gains +1 HP.",,ULTLA RARE,
BS9-087,BS9,087,Popcorn Cookie,BOOSTER PACK [A Game of Truth and Deceit],COOKIE,BLUE,BLUE,1,2,,U,Freshly Popped Popcorn,【Activate】 <{B}> <Place this Cookie on the bottom of your deck.> Select up to 1 of your {B} Cookies with 2 or less HP remaining. That Cookie gains +1 HP.,<{B}{B}> Popcorn Party deals 1,,0,0,0,BS9-087,0,"【Activate】 <{B}> <Place this Cookie on the bottom of your deck.> Select up to 1 of your {B} Cookies with 2 or less HP remaining. That Cookie gains +1 HP.
<{B}{B}> Popcorn Party deals 1",,UNCOMMON,
BS9-086@1,BS9,086@1,Towerkeeper Cookie,BOOSTER PACK [A Game of Truth and Deceit],COOKIE,BLUE,BLUE,1,2,,SEC,Suspicious Behavior,【Activate】 【Once Per Turn】 Draw 1 card from your deck and place 1 card from your hand on the top of your deck.,<{B}{B}> Strange Riddle deals 2,,0,0,0,BS9-086,1,"【Activate】 【Once Per Turn】 Draw 1 card from your deck and place 1 card from your hand on the top of your deck.
<{B}{B}> Strange Riddle deals 2",,SECRET,
BS9-086,BS9,086,Towerkeeper Cookie,BOOSTER PACK [A Game of Truth and Deceit],COOKIE,BLUE,BLUE,1,2,,R,Suspicious Behavior,【Activate】 【Once Per Turn】 Draw 1 card from your deck and place 1 card from your hand on the top of your deck.,<{B}{B}> Strange Riddle deals 2,,0,0,0,BS9-086,0,"【Activate】 【Once Per Turn】 Draw 1 card from your deck and place 1 card from your hand on the top of your deck.
<{B}{B}> Strange Riddle deals 2",,RARE,
BS9-085@1,BS9,085@1,Captain Caviar Cookie,BOOSTER PACK [A Game of Truth and Deceit],FLIP,BLUE,BLUE,2,3,,C,,,<{B}{B}> Shark Torpedo Blast deals 2,Draw 2 cards from your deck and place 2 cards from your hand on the top or bottom of your deck in any order.,0,0,0,BS9-085,1,"<{B}{B}> Shark Torpedo Blast deals 2
Draw 2 cards from your deck and place 2 cards from your hand on the top or bottom of your deck in any order.",,COMMON,
BS9-085,BS9,085,Captain Caviar Cookie,BOOSTER PACK [A Game of Truth and Deceit],FLIP,BLUE,BLUE,2,3,,C,,,<{B}{B}> Shark Torpedo Blast deals 2,Draw 2 cards from your deck and place 2 cards from your hand on the top or bottom of your deck in any order.,0,0,0,BS9-085,0,"<{B}{B}> Shark Torpedo Blast deals 2
Draw 2 cards from your deck and place 2 cards from your hand on the top or bottom of your deck in any order.",,COMMON,
BS9-084@2,BS9,084@2,Capsaicin Cookie,BOOSTER PACK [A Game of Truth and Deceit],FLIP,BLUE,BLUE,1,1,,C,,,<{B}> Dark Lord's Power deals 1,<Discard 1 card.> The Cookie with this card attached for HP gains +1 HP.,0,0,0,BS9-084,1,"<{B}> Dark Lord's Power deals 1
<Discard 1 card.> The Cookie with this card attached for HP gains +1 HP.",,COMMON,
BS9-084@1,BS9,084@1,Capsaicin Cookie,BOOSTER PACK [A Game of Truth and Deceit],FLIP,BLUE,BLUE,1,1,,C,,,<{B}> Dark Lord's Power deals 1,<Discard 1 card.> The Cookie with this card attached for HP gains +1 HP.,0,0,0,BS9-084,1,"<{B}> Dark Lord's Power deals 1
<Discard 1 card.> The Cookie with this card attached for HP gains +1 HP.",,COMMON,
BS9-084,BS9,084,Capsaicin Cookie,BOOSTER PACK [A Game of Truth and Deceit],FLIP,BLUE,BLUE,1,1,,C,,,<{B}> Dark Lord's Power deals 1,<Discard 1 card.> The Cookie with this card attached for HP gains +1 HP.,0,0,0,BS9-084,0,"<{B}> Dark Lord's Power deals 1
<Discard 1 card.> The Cookie with this card attached for HP gains +1 HP.",,COMMON,
BS9-083,BS9,083,Choco Cup Cookie,BOOSTER PACK [A Game of Truth and Deceit],COOKIE,BLUE,BLUE,3,5,,C,Audition Judge,"【Activate】 【Once Per Turn】 During this turn, if a Cookie from your battle area was placed on the top or bottom of your deck, draw up to 1 card from your deck.",<{B}{B}{B}> Ringmaster's Presence deals 3,,0,0,0,BS9-083,0,"【Activate】 【Once Per Turn】 During this turn, if a Cookie from your battle area was placed on the top or bottom of your deck, draw up to 1 card from your deck.
<{B}{B}{B}> Ringmaster's Presence deals 3",,COMMON,
BS9-082,BS9,082,Animatronic of Deceit,BOOSTER PACK [A Game of Truth and Deceit],COOKIE,BLUE,BLUE MIX,1,2,,C,Understudy,"If [Shadow Milk Cookie] is in your battle area, your opponent's Cookies can only attack this Cookie.",<{B}{N}> Paper Dagger Throw deals 2,,0,0,0,BS9-082,0,"If [Shadow Milk Cookie] is in your battle area, your opponent's Cookies can only attack this Cookie.
<{B}{N}> Paper Dagger Throw deals 2",,COMMON,
BS9-081,BS9,081,Grapefruit Cookie,BOOSTER PACK [A Game of Truth and Deceit],COOKIE,BLUE,BLUE,2,1,,U,Phenomenal Stuntmaster,【Activate】 Place this Cookie on the top of your deck.,<{B}{B}> Dizzying Acrobatics deals 1,,0,0,0,BS9-081,0,"【Activate】 Place this Cookie on the top of your deck.
<{B}{B}> Dizzying Acrobatics deals 1",,UNCOMMON,
BS9-080,BS9,080,Cinnamon Cookie,BOOSTER PACK [A Game of Truth and Deceit],COOKIE,BLUE,BLUE MIX,1,3,,U,Sleight of Hand,"【Activate】 If there are 3 {B} cards or more in your support area, <place this Cookie on the bottom of your deck.> View 1 card from the top of your deck and place it on the top or bottom of your deck.",<{B}{N}> Tropical Magic deals 1,,0,0,0,BS9-080,0,"【Activate】 If there are 3 {B} cards or more in your support area, <place this Cookie on the bottom of your deck.> View 1 card from the top of your deck and place it on the top or bottom of your deck.
<{B}{N}> Tropical Magic deals 1",,UNCOMMON,
BS9-079@3,BS9,079@3,Shadow Milk Cookie,promotion-card,COOKIE,BLUE,BLUE,3,5,BEAST,P,,,"<{B}{B}{N}> Ahh, welcome, welcome! deals 3",,0,0,0,BS9-079,1,"<{B}{B}{N}> Ahh, welcome, welcome! deals 3",,PROMOTION,
BS9-079@2,BS9,079@2,Shadow Milk Cookie,promotion card,COOKIE,BLUE,BLUE,3,5,BEAST,P,,,"<{B}{B}{N}> Ahh, welcome, welcome! deals 3 Then, reveal up to 1 [Shadow Milk Cookie] from your Extra Deck. Activate that Cookie's attack effect.",,0,0,0,BS9-079,1,"<{B}{B}{N}> Ahh, welcome, welcome! deals 3 Then, reveal up to 1 [Shadow Milk Cookie] from your Extra Deck. Activate that Cookie's attack effect.",,PROMOTION,
BS9-079@1,BS9,079@1,Shadow Milk Cookie,BOOSTER PACK [A Game of Truth and Deceit],COOKIE,BLUE,BLUE MIX,3,5,BEAST,SUR,,,"<{B}{B}{N}> Ahh, welcome, welcome! deals 3
 Then, reveal up to 1 [Shadow Milk Cookie] from your Extra Deck. Activate that Cookie's attack effect.",,0,0,0,BS9-079,1,"<{B}{B}{N}> Ahh, welcome, welcome! deals 3
 Then, reveal up to 1 [Shadow Milk Cookie] from your Extra Deck. Activate that Cookie's attack effect.",,SECRET ULTRA RARE,
BS9-079,BS9,079,Shadow Milk Cookie,BOOSTER PACK [A Game of Truth and Deceit],COOKIE,BLUE,BLUE MIX,3,5,BEAST,UR,,,"<{B}{B}{N}> Ahh, welcome, welcome! deals 3
 Then, reveal up to 1 [Shadow Milk Cookie] from your Extra Deck. Activate that Cookie's attack effect.",,0,0,0,BS9-079,0,"<{B}{B}{N}> Ahh, welcome, welcome! deals 3
 Then, reveal up to 1 [Shadow Milk Cookie] from your Extra Deck. Activate that Cookie's attack effect.",,ULTLA RARE,
BS9-078@1,BS9,078@1,White Lily Cookie,BOOSTER PACK [A Game of Truth and Deceit],COOKIE,BLUE,BLUE MIX,2,5,ANCIENT,SSR,Fragrance of Midnight Lilies,"【Activate】 【Once Per Turn】 <{N}> If there is another 【Ancient】 Cookie in your battle area, select up to 1 of your opponent's LV.1 Cookies. Place that Cookie on the bottom of their deck.","<{B}{N}{N}> Lily Bud deals 2 
Then, if there are 5 cards or less in your hand, draw up to 2 card from your deck.",,0,0,0,BS9-078,1,"【Activate】 【Once Per Turn】 <{N}> If there is another 【Ancient】 Cookie in your battle area, select up to 1 of your opponent's LV.1 Cookies. Place that Cookie on the bottom of their deck.
<{B}{N}{N}> Lily Bud deals 2 
Then, if there are 5 cards or less in your hand, draw up to 2 card from your deck.",,SECRET SUPER RARE,
BS9-078,BS9,078,White Lily Cookie,BOOSTER PACK [A Game of Truth and Deceit],COOKIE,BLUE,BLUE MIX,2,5,ANCIENT,SR,Fragrance of Midnight Lilies,"【Activate】 【Once Per Turn】 <{N}> If there is another 【Ancient】 Cookie in your battle area, select up to 1 of your opponent's LV.1 Cookies. Place that Cookie on the bottom of their deck.","<{B}{N}{N}> Lily Bud deals 2 
Then, if there are 5 cards or less in your hand, draw up to 2 card from your deck.",,0,0,0,BS9-078,0,"【Activate】 【Once Per Turn】 <{N}> If there is another 【Ancient】 Cookie in your battle area, select up to 1 of your opponent's LV.1 Cookies. Place that Cookie on the bottom of their deck.
<{B}{N}{N}> Lily Bud deals 2 
Then, if there are 5 cards or less in your hand, draw up to 2 card from your deck.",,SUPER RARE,
BS9-077@2,BS9,077@2,Black Raisin Cookie,promotion card,COOKIE,BLUE,BLUE,2,3,,P,Reconnaissance Time,【On Play】 Draw 1 card from your deck and place 1 card from your hand on the top of your deck.,"<{B}> Shadow Watcher deals 1
Then, place this Cookie on the top or bottom of your deck.",,0,0,0,BS9-077,1,"【On Play】 Draw 1 card from your deck and place 1 card from your hand on the top of your deck.
<{B}> Shadow Watcher deals 1
Then, place this Cookie on the top or bottom of your deck.",,PROMOTION,
BS9-077@1,BS9,077@1,Black Raisin Cookie,BOOSTER PACK [A Game of Truth and Deceit],COOKIE,BLUE,BLUE,2,3,,SSR,Reconnaissance Time,【On Play】 Draw 1 card from your deck and place 1 card from your hand on the top of your deck.,"<{B}> Shadow Watcher deals 1 
Then, place this Cookie on the top or bottom of your deck.",,0,0,0,BS9-077,1,"【On Play】 Draw 1 card from your deck and place 1 card from your hand on the top of your deck.
<{B}> Shadow Watcher deals 1 
Then, place this Cookie on the top or bottom of your deck.",,SUPER RARE,
BS9-077,BS9,077,Black Raisin Cookie,BOOSTER PACK [A Game of Truth and Deceit],COOKIE,BLUE,BLUE,2,3,,SR,Reconnaissance Time,【On Play】 Draw 1 card from your deck and place 1 card from your hand on the top of your deck.,"<{B}> Shadow Watcher deals 1 
Then, place this Cookie on the top or bottom of your deck.",,0,0,0,BS9-077,0,"【On Play】 Draw 1 card from your deck and place 1 card from your hand on the top of your deck.
<{B}> Shadow Watcher deals 1 
Then, place this Cookie on the top or bottom of your deck.",,SUPER RARE,
BS9-076,BS9,076,Banana Cookie,BOOSTER PACK [A Game of Truth and Deceit],COOKIE,BLUE,BLUE,1,2,,C,,,"<{B}{B}> Hula Hoop Performance deals 2 
Then, if there are 2 cards or less in your hand, you can place this Cookie on the bottom of your deck.",,0,0,0,BS9-076,0,"<{B}{B}> Hula Hoop Performance deals 2 
Then, if there are 2 cards or less in your hand, you can place this Cookie on the bottom of your deck.",,COMMON,
BS9-075,BS9,075,Ice Juggler Cookie,BOOSTER PACK [A Game of Truth and Deceit],COOKIE,BLUE,BLUE,3,5,,C,,,"<{B}{B}{B}> Yellow Scoop Trick deals 3
 Then, place up to 1 LV.2 or lower Cookie from your battle area on the top or bottom of your deck.",,0,0,0,BS9-075,0,"<{B}{B}{B}> Yellow Scoop Trick deals 3
 Then, place up to 1 LV.2 or lower Cookie from your battle area on the top or bottom of your deck.",,COMMON,
BS9-074,BS9,074,Clown Faerie Cookie 3,BOOSTER PACK [A Game of Truth and Deceit],COOKIE,BLUE,BLUE MIX,3,5,,C,,,<{B}{B}{N}{N}> False Magic deals 4,,0,0,0,BS9-074,0,<{B}{B}{N}{N}> False Magic deals 4,,COMMON,
BS9-073,BS9,073,Clown Faerie Cookie 2,BOOSTER PACK [A Game of Truth and Deceit],COOKIE,BLUE,BLUE MIX,2,4,,C,,,<{N}{N}{N}> False Blessing deals 3,,0,0,0,BS9-073,0,<{N}{N}{N}> False Blessing deals 3,,COMMON,
BS9-072,BS9,072,Clown Faerie Cookie 1,BOOSTER PACK [A Game of Truth and Deceit],COOKIE,BLUE,BLUE MIX,1,2,,C,,,<{N}{N}> False Prayer deals 2,,0,0,0,BS9-072,0,<{N}{N}> False Prayer deals 2,,COMMON,
BS9-071@1,BS9,071@1,Candy Diver Cookie,BOOSTER PACK [A Game of Truth and Deceit],FLIP,BLUE,BLUE,1,1,,C,,,<{B}> ◎■●※▲◎●!!! deals 1,Draw up to 1 card from your deck.,0,0,0,BS9-071,1,"<{B}> ◎■●※▲◎●!!! deals 1
Draw up to 1 card from your deck.",,COMMON,
BS9-071,BS9,071,Candy Diver Cookie,BOOSTER PACK [A Game of Truth and Deceit],FLIP,BLUE,BLUE,1,1,,C,,,<{B}> ◎■●※▲◎●!!! deals 1,Draw up to 1 card from your deck.,0,0,0,BS9-071,0,"<{B}> ◎■●※▲◎●!!! deals 1
Draw up to 1 card from your deck.",,COMMON,
BS9-070,BS9,070,Puppet Theater Stage,BOOSTER PACK [A Game of Truth and Deceit],STAGE,GREEN,GREEN,,,,U,,"<{G}> Place in your stage area.

【Activate】 <{G}> <Rest this card.> If the number of cards in your support area is the same or less than your opponent's support area and if, during this turn, 2 cards or more have been placed from your support area into your trash, place up to 1 card from the top of your deck in your support area as active.",,,0,0,0,BS9-070,0,"<{G}> Place in your stage area.

【Activate】 <{G}> <Rest this card.> If the number of cards in your support area is the same or less than your opponent's support area and if, during this turn, 2 cards or more have been placed from your support area into your trash, place up to 1 card from the top of your deck in your support area as active.",,UNCOMMON,
BS9-069,BS9,069,Broken Seal,BOOSTER PACK [A Game of Truth and Deceit],TRAP,GREEN,GREEN,,,,U,,"<{G}{G}> Select up to 1 of your opponent's Cookies. During this turn, that Cookie deals -2 attack damage. Then, if there are 5 cards or more in your opponent's support area, set up to 1 card from your support area as active.",,,0,0,0,BS9-069,0,"<{G}{G}> Select up to 1 of your opponent's Cookies. During this turn, that Cookie deals -2 attack damage. Then, if there are 5 cards or more in your opponent's support area, set up to 1 card from your support area as active.",,UNCOMMON,
BS9-068,BS9,068,Radiant Light of Protection,BOOSTER PACK [A Game of Truth and Deceit],TRAP,GREEN,GREEN,,,,U,,"<{G}> If there are less cards in your support area than your opponent's support area, during this turn, your opponent's Cookies deal -1 attack damage.",,,0,0,0,BS9-068,0,"<{G}> If there are less cards in your support area than your opponent's support area, during this turn, your opponent's Cookies deal -1 attack damage.",,UNCOMMON,
BS9-067,BS9,067,Concealer of Truth,BOOSTER PACK [A Game of Truth and Deceit],ITEM,GREEN,GREEN,,,,U,,<{G}> <Place 1 card from your support area into your trash.> Draw up to 2 cards from your deck.,,,0,0,0,BS9-067,0,<{G}> <Place 1 card from your support area into your trash.> Draw up to 2 cards from your deck.,,UNCOMMON,
BS9-066,BS9,066,Meat Jelly,BOOSTER PACK [A Game of Truth and Deceit],ITEM,GREEN,GREEN,,,,U,,<{G}> <Place 1 card from your support area into your trash.> Select up to 1 of your Cookies. That Cookie gains +1 HP.,,,0,0,0,BS9-066,0,<{G}> <Place 1 card from your support area into your trash.> Select up to 1 of your Cookies. That Cookie gains +1 HP.,,UNCOMMON,
BS9-065@1,BS9,065@1,Pure Vanilla Cookie,BOOSTER PACK [A Game of Truth and Deceit],COOKIE,GREEN,GREEN MIX,2,4,ANCIENT,SSR,Sweet Dream,"【Activate】 【Once Per Turn】 If there is another 【Ancient】 Cookie in your battle area, set up to 1 card from your support area as active.","<{G}{N}{N}> Scent of Lilies deals 3 
Then, <place 2 cards from your support area into your trash.> Select up to 1 of your Cookies. That Cookie gains +1 HP.",,0,0,0,BS9-065,1,"【Activate】 【Once Per Turn】 If there is another 【Ancient】 Cookie in your battle area, set up to 1 card from your support area as active.
<{G}{N}{N}> Scent of Lilies deals 3 
Then, <place 2 cards from your support area into your trash.> Select up to 1 of your Cookies. That Cookie gains +1 HP.",,SECRET SUPER RARE,
BS9-065,BS9,065,Pure Vanilla Cookie,BOOSTER PACK [A Game of Truth and Deceit],COOKIE,GREEN,GREEN MIX,2,4,ANCIENT,SR,Sweet Dream,"【Activate】 【Once Per Turn】 If there is another 【Ancient】 Cookie in your battle area, set up to 1 card from your support area as active.","<{G}{N}{N}> Scent of Lilies deals 3 
Then, <place 2 cards from your support area into your trash.> Select up to 1 of your Cookies. That Cookie gains +1 HP.",,0,0,0,BS9-065,0,"【Activate】 【Once Per Turn】 If there is another 【Ancient】 Cookie in your battle area, set up to 1 card from your support area as active.
<{G}{N}{N}> Scent of Lilies deals 3 
Then, <place 2 cards from your support area into your trash.> Select up to 1 of your Cookies. That Cookie gains +1 HP.",,SUPER RARE,
BS9-064,BS9,064,Clover Cookie,BOOSTER PACK [A Game of Truth and Deceit],COOKIE,GREEN,GREEN,3,4,,C,Ballad of Fortune,"When this Cookie faints, your opponent places 1 card from their support area into their trash.",<{G}{G}{G}> Cheerful Performance deals 2,,0,0,0,BS9-064,0,"When this Cookie faints, your opponent places 1 card from their support area into their trash.
<{G}{G}{G}> Cheerful Performance deals 2",,COMMON,
BS9-063@1,BS9,063@1,Cookiemals,BOOSTER PACK [A Game of Truth and Deceit],COOKIE,GREEN,GREEN MIX,1,3,,SEC,Roll!,"【Activate】 During this turn, if 2 cards or more were placed from your support area into your trash, <place this Cookie in your trash.> Draw up to 2 cards from your deck and discard 1 card.",<{G}{N}> Body Slam deals 1,,0,0,0,BS9-063,1,"【Activate】 During this turn, if 2 cards or more were placed from your support area into your trash, <place this Cookie in your trash.> Draw up to 2 cards from your deck and discard 1 card.
<{G}{N}> Body Slam deals 1",,SECRET,
BS9-063,BS9,063,Cookiemals,BOOSTER PACK [A Game of Truth and Deceit],COOKIE,GREEN,GREEN MIX,1,3,,R,Roll!,"【Activate】 During this turn, if 2 cards or more were placed from your support area into your trash, <place this Cookie in your trash.> Draw up to 2 cards from your deck and discard 1 card.",<{G}{N}> Body Slam deals 1,,0,0,0,BS9-063,0,"【Activate】 During this turn, if 2 cards or more were placed from your support area into your trash, <place this Cookie in your trash.> Draw up to 2 cards from your deck and discard 1 card.
<{G}{N}> Body Slam deals 1",,RARE,
BS9-062,BS9,062,Carameleon Cookie,BOOSTER PACK [A Game of Truth and Deceit],COOKIE,GREEN,GREEN,1,3,,C,,,"<{G}{G}> Surprise Transformation deals 3
 Then, place 2 cards from your support area into your trash.",,0,0,0,BS9-062,0,"<{G}{G}> Surprise Transformation deals 3
 Then, place 2 cards from your support area into your trash.",,COMMON,
BS9-061,BS9,061,Silverbell Cookie,BOOSTER PACK [A Game of Truth and Deceit],COOKIE,GREEN,GREEN MIX,1,3,,U,Pure Heart,"【Activate】 【Once Per Turn】 During this turn, if 2 cards or more were placed from your support area into your trash, place up to 1 card from the top of your deck in your support area as rested.",<{G}{N}> Gleeful Chime deals 1,,0,0,0,BS9-061,0,"【Activate】 【Once Per Turn】 During this turn, if 2 cards or more were placed from your support area into your trash, place up to 1 card from the top of your deck in your support area as rested.
<{G}{N}> Gleeful Chime deals 1",,UNCOMMON,
BS9-060@2,BS9,060@2,Elder Faerie Cookie,BOOSTER PACK [A Game of Truth and Deceit],COOKIE,GREEN,GREEN,2,5,,SEC,Guardian's Valor,【Activate】 【Once Per Turn】 <Place 2 cards from your support area into your trash.> Set up to 2 cards from your support area as active.,"<{G}{G}{G}{G}> Noble Power deals 3
 Then, if there are 6 cards or more in your opponent's support area, select up to 1 of your opponent's Cookies. That Cookie receives 1 damage.",,0,0,0,BS9-060,1,"【Activate】 【Once Per Turn】 <Place 2 cards from your support area into your trash.> Set up to 2 cards from your support area as active.
<{G}{G}{G}{G}> Noble Power deals 3
 Then, if there are 6 cards or more in your opponent's support area, select up to 1 of your opponent's Cookies. That Cookie receives 1 damage.",,SECRET,
BS9-060@1,BS9,060@1,Elder Faerie Cookie,BOOSTER PACK [A Game of Truth and Deceit],COOKIE,GREEN,GREEN,2,5,,R,Guardian's Valor,【Activate】 【Once Per Turn】 <Place 2 cards from your support area into your trash.> Set up to 2 cards from your support area as active.,"<{G}{G}{G}{G}> Noble Power deals 3
 Then, if there are 6 cards or more in your opponent's support area, select up to 1 of your opponent's Cookies. That Cookie receives 1 damage.",,0,0,0,BS9-060,1,"【Activate】 【Once Per Turn】 <Place 2 cards from your support area into your trash.> Set up to 2 cards from your support area as active.
<{G}{G}{G}{G}> Noble Power deals 3
 Then, if there are 6 cards or more in your opponent's support area, select up to 1 of your opponent's Cookies. That Cookie receives 1 damage.",,RARE,
BS9-060,BS9,060,Elder Faerie Cookie,BOOSTER PACK [A Game of Truth and Deceit],COOKIE,GREEN,GREEN,2,5,,R,Guardian's Valor,【Activate】 【Once Per Turn】 <Place 2 cards from your support area into your trash.> Set up to 2 cards from your support area as active.,"<{G}{G}{G}{G}> Noble Power deals 3
 Then, if there are 6 cards or more in your opponent's support area, select up to 1 of your opponent's Cookies. That Cookie receives 1 damage.",,0,0,0,BS9-060,0,"【Activate】 【Once Per Turn】 <Place 2 cards from your support area into your trash.> Set up to 2 cards from your support area as active.
<{G}{G}{G}{G}> Noble Power deals 3
 Then, if there are 6 cards or more in your opponent's support area, select up to 1 of your opponent's Cookies. That Cookie receives 1 damage.",,RARE,
BS9-059,BS9,059,Fairy Cookie,BOOSTER PACK [A Game of Truth and Deceit],COOKIE,GREEN,GREEN,1,2,,U,,,"<{G}{G}> Cozy Barrier deals 2 
Then, <place this Cookie and 2 cards from your support area into your trash.> Draw up to 2 cards from your deck.",,0,0,0,BS9-059,0,"<{G}{G}> Cozy Barrier deals 2 
Then, <place this Cookie and 2 cards from your support area into your trash.> Draw up to 2 cards from your deck.",,UNCOMMON,
BS9-058,BS9,058,Faerie Cookie 3,BOOSTER PACK [A Game of Truth and Deceit],COOKIE,GREEN,GREEN MIX,3,5,,C,,,<{G}{G}{N}{N}> Faerie Magic deals 4,,0,0,0,BS9-058,0,<{G}{G}{N}{N}> Faerie Magic deals 4,,COMMON,
BS9-057,BS9,057,Faerie Cookie 2,BOOSTER PACK [A Game of Truth and Deceit],COOKIE,GREEN,GREEN MIX,2,4,,C,,,<{N}{N}> Faerie Blessing deals 1,,0,0,0,BS9-057,0,<{N}{N}> Faerie Blessing deals 1,,COMMON,
BS9-056,BS9,056,Faerie Cookie 1,BOOSTER PACK [A Game of Truth and Deceit],COOKIE,GREEN,GREEN MIX,1,3,,C,,,<{N}{N}> Faerie Prayer deals 1,,0,0,0,BS9-056,0,<{N}{N}> Faerie Prayer deals 1,,COMMON,
BS9-055@1,BS9,055@1,Shadow Milk Cookie,BOOSTER PACK [A Game of Truth and Deceit],COOKIE,GREEN,GREEN,3,5,BEAST,SUR,Stage Opening,"【EXTRA】 Can be played if there are 3 cards or more in your opponent's support area and if, during this turn, 2 cards or more were placed from your support area into your trash.

【Activate】 【Once Per Turn】 If there are 5 cards or less in your support area, place 1 card from the top of your deck into your support area as rested.","<{G}{G}> Destiny's Climax deals 2 
Then, <return 1 card from your support area to your hand.> Select up to 1 of your opponent's Cookies. That Cookie receives 1 damage.",,0,0,0,BS9-055,1,"【EXTRA】 Can be played if there are 3 cards or more in your opponent's support area and if, during this turn, 2 cards or more were placed from your support area into your trash.

【Activate】 【Once Per Turn】 If there are 5 cards or less in your support area, place 1 card from the top of your deck into your support area as rested.
<{G}{G}> Destiny's Climax deals 2 
Then, <return 1 card from your support area to your hand.> Select up to 1 of your opponent's Cookies. That Cookie receives 1 damage.",,SECRET ULTRA RARE,
BS9-055,BS9,055,Shadow Milk Cookie,BOOSTER PACK [A Game of Truth and Deceit],COOKIE,GREEN,GREEN,3,5,BEAST,UR,Stage Opening,"【EXTRA】 Can be played if there are 3 cards or more in your opponent's support area and if, during this turn, 2 cards or more were placed from your support area into your trash.

【Activate】 【Once Per Turn】 If there are 5 cards or less in your support area, place 1 card from the top of your deck into your support area as rested.","<{G}{G}> Destiny's Climax deals 2 
Then, <return 1 card from your support area to your hand.> Select up to 1 of your opponent's Cookies. That Cookie receives 1 damage.",,0,0,0,BS9-055,0,"【EXTRA】 Can be played if there are 3 cards or more in your opponent's support area and if, during this turn, 2 cards or more were placed from your support area into your trash.

【Activate】 【Once Per Turn】 If there are 5 cards or less in your support area, place 1 card from the top of your deck into your support area as rested.
<{G}{G}> Destiny's Climax deals 2 
Then, <return 1 card from your support area to your hand.> Select up to 1 of your opponent's Cookies. That Cookie receives 1 damage.",,ULTLA RARE,
BS9-054,BS9,054,Mercurial Knight Cookie,BOOSTER PACK [A Game of Truth and Deceit],COOKIE,GREEN,GREEN MIX,1,3,,U,Will to Protect,"【Activate】 【Once Per Turn】 <Place 2 cards from your support area into your trash.> Select up to 1 of your Cookies. During this turn, that Cookie gains +1 attack damage.",<{G}{N}> Knight's Strike deals 1,,0,0,0,BS9-054,0,"【Activate】 【Once Per Turn】 <Place 2 cards from your support area into your trash.> Select up to 1 of your Cookies. During this turn, that Cookie gains +1 attack damage.
<{G}{N}> Knight's Strike deals 1",,UNCOMMON,
BS9-053@1,BS9,053@1,Cream Ferret Cookie,promotion card,FLIP,GREEN,GREEN,2,3,,P,,,<{G}{G}> Fluffy Cream deals 2,"Return up to 3 cards from your support area to your hand. Then, place the same number of {G} cards from your hand into your support area as rested.",0,0,0,BS9-053,1,"<{G}{G}> Fluffy Cream deals 2
Return up to 3 cards from your support area to your hand. Then, place the same number of {G} cards from your hand into your support area as rested.",,PROMOTION,
BS9-053,BS9,053,Cream Ferret Cookie,BOOSTER PACK [A Game of Truth and Deceit],FLIP,GREEN,GREEN,2,3,,C,,,<{G}{G}> Fluffy Cream deals 2,"Return up to 3 cards from your support area to your hand. Then, place the same number of {G} cards from your hand into your support area as rested.",0,0,0,BS9-053,0,"<{G}{G}> Fluffy Cream deals 2
Return up to 3 cards from your support area to your hand. Then, place the same number of {G} cards from your hand into your support area as rested.",,COMMON,
BS9-052,BS9,052,Ring Candy Cookie,BOOSTER PACK [A Game of Truth and Deceit],COOKIE,GREEN,GREEN,2,3,,C,Solid Spirit,"If there are 7 cards or more in your support area, this Cookie gains +1 attack damage.",<{G}{G}> Magical Twirling Cane deals 2,,0,0,0,BS9-052,0,"If there are 7 cards or more in your support area, this Cookie gains +1 attack damage.
<{G}{G}> Magical Twirling Cane deals 2",,COMMON,
BS9-051@1,BS9,051@1,Butter Roll Cookie,BOOSTER PACK [A Game of Truth and Deceit],FLIP,GREEN,GREEN,1,1,,C,,,<{G}> Research Side Effects deals 1,Draw up to 1 card from your deck.,0,0,0,BS9-051,1,"<{G}> Research Side Effects deals 1
Draw up to 1 card from your deck.",,COMMON,
BS9-051,BS9,051,Butter Roll Cookie,BOOSTER PACK [A Game of Truth and Deceit],FLIP,GREEN,GREEN,1,1,,C,,,<{G}> Research Side Effects deals 1,Draw up to 1 card from your deck.,0,0,0,BS9-051,0,"<{G}> Research Side Effects deals 1
Draw up to 1 card from your deck.",,COMMON,
BS9-050@1,BS9,050@1,Wind Archer Cookie,BOOSTER PACK [A Game of Truth and Deceit],COOKIE,GREEN,GREEN,2,4,,SSR,Crow Storm,"【Activate】 【Once Per Turn】 During this turn, if 2 cards or more were placed from your support area into your trash, set up to 1 card from your support area as active.","<{G}{G}{G}> Arrow of Darkness deals 3 
Then, <place 2 cards from your support area into your trash.> All of your opponent's Cookies receive 1 damage.",,0,0,0,BS9-050,1,"【Activate】 【Once Per Turn】 During this turn, if 2 cards or more were placed from your support area into your trash, set up to 1 card from your support area as active.
<{G}{G}{G}> Arrow of Darkness deals 3 
Then, <place 2 cards from your support area into your trash.> All of your opponent's Cookies receive 1 damage.",,SECRET SUPER RARE,
BS9-050,BS9,050,Wind Archer Cookie,BOOSTER PACK [A Game of Truth and Deceit],COOKIE,GREEN,GREEN,2,4,,SR,Crow Storm,"【Activate】 【Once Per Turn】 During this turn, if 2 cards or more were placed from your support area into your trash, set up to 1 card from your support area as active.","<{G}{G}{G}> Arrow of Darkness deals 3 
Then, <place 2 cards from your support area into your trash.> All of your opponent's Cookies receive 1 damage.",,0,0,0,BS9-050,0,"【Activate】 【Once Per Turn】 During this turn, if 2 cards or more were placed from your support area into your trash, set up to 1 card from your support area as active.
<{G}{G}{G}> Arrow of Darkness deals 3 
Then, <place 2 cards from your support area into your trash.> All of your opponent's Cookies receive 1 damage.",,SUPER RARE,
BS9-049@1,BS9,049@1,Fig Cookie,BOOSTER PACK [A Game of Truth and Deceit],COOKIE,GREEN,GREEN,1,2,,C,Joyful Performance,"When this Cookie faints, select up to 1 of your opponent's LV.1 Cookies. Place that Cookie in your opponent's support area as rested.",<{G}{G}> Forest Run deals 2,,0,0,0,BS9-049,1,"When this Cookie faints, select up to 1 of your opponent's LV.1 Cookies. Place that Cookie in your opponent's support area as rested.
<{G}{G}> Forest Run deals 2",,COMMON,
BS9-049,BS9,049,Fig Cookie,BOOSTER PACK [A Game of Truth and Deceit],COOKIE,GREEN,GREEN,1,2,,C,Joyful Performance,"When this Cookie faints, select up to 1 of your opponent's LV.1 Cookies. Place that Cookie in your opponent's support area as rested.",<{G}{G}> Forest Run deals 2,,0,0,0,BS9-049,0,"When this Cookie faints, select up to 1 of your opponent's LV.1 Cookies. Place that Cookie in your opponent's support area as rested.
<{G}{G}> Forest Run deals 2",,COMMON,
BS9-048@1,BS9,048@1,Matcha Cookie,BOOSTER PACK [A Game of Truth and Deceit],FLIP,GREEN,GREEN,3,3,,C,,,<{G}{G}{G}> Sinister Scheme deals 3,<Discard 1 card.> The Cookie with this card attached for HP gains +1 HP.,0,0,0,BS9-048,1,"<{G}{G}{G}> Sinister Scheme deals 3
<Discard 1 card.> The Cookie with this card attached for HP gains +1 HP.",,COMMON,
BS9-048,BS9,048,Matcha Cookie,BOOSTER PACK [A Game of Truth and Deceit],FLIP,GREEN,GREEN,3,3,,C,,,<{G}{G}{G}> Sinister Scheme deals 3,<Discard 1 card.> The Cookie with this card attached for HP gains +1 HP.,0,0,0,BS9-048,0,"<{G}{G}{G}> Sinister Scheme deals 3
<Discard 1 card.> The Cookie with this card attached for HP gains +1 HP.",,COMMON,
BS9-047,BS9,047,Yogurt River of Rebirth,BOOSTER PACK [A Game of Truth and Deceit],STAGE,YELLOW,YELLOW,,,,U,,"<{Y}> Place in your stage area.

【Activate】 <Rest this card.> <Discard 1 card.> Return up to 1 Cookie that has FLIP from your trash to your hand.",,,0,0,0,BS9-047,0,"<{Y}> Place in your stage area.

【Activate】 <Rest this card.> <Discard 1 card.> Return up to 1 Cookie that has FLIP from your trash to your hand.",,UNCOMMON,
BS9-046,BS9,046,Fragmented Soul,BOOSTER PACK [A Game of Truth and Deceit],TRAP,YELLOW,YELLOW,,,,U,,"<{Y}{Y}> Select up to 1 of your opponent's Cookies. During this turn, that Cookie deals -2 attack damage. Then, return up to 1 Cookie that has FLIP from your trash to your hand.",,,0,0,0,BS9-046,0,"<{Y}{Y}> Select up to 1 of your opponent's Cookies. During this turn, that Cookie deals -2 attack damage. Then, return up to 1 Cookie that has FLIP from your trash to your hand.",,UNCOMMON,
BS9-045,BS9,045,Overtaken Other-Realm,BOOSTER PACK [A Game of Truth and Deceit],TRAP,YELLOW,YELLOW,,,,U,,"<{Y}> <Discard 2 Cookies that have FLIP from your hand.> Select up to 1 of your opponent's Cookies. During this turn, that Cookie deals -2 attack damage. Then, draw up to 2 cards from your deck.",,,0,0,0,BS9-045,0,"<{Y}> <Discard 2 Cookies that have FLIP from your hand.> Select up to 1 of your opponent's Cookies. During this turn, that Cookie deals -2 attack damage. Then, draw up to 2 cards from your deck.",,UNCOMMON,
BS9-044,BS9,044,Shadow Milk Cookie Doll,BOOSTER PACK [A Game of Truth and Deceit],ITEM,YELLOW,YELLOW,,,,U,,<{Y}> <Discard 1 card.> Return up to 3 {Y} Cookies that have FLIP from your trash to your hand.,,,0,0,0,BS9-044,0,<{Y}> <Discard 1 card.> Return up to 3 {Y} Cookies that have FLIP from your trash to your hand.,,UNCOMMON,
BS9-043,BS9,043,Heart Stained With Lies,BOOSTER PACK [A Game of Truth and Deceit],ITEM,YELLOW,YELLOW,,,,U,,"<{Y}> If your break area is LV.4 or higher, select up to 1 of your opponent's Equipped [Soul Jam]. Place that card on top of the Equipped Cookie's HP.",,,0,0,0,BS9-043,0,"<{Y}> If your break area is LV.4 or higher, select up to 1 of your opponent's Equipped [Soul Jam]. Place that card on top of the Equipped Cookie's HP.",,UNCOMMON,
BS9-042,BS9,042,Financier Cookie,BOOSTER PACK [A Game of Truth and Deceit],FLIP,YELLOW,YELLOW,3,3,,C,,,<{Y}{Y}{Y}> Mission Fulfillment deals 3,<Discard 1 card.> The Cookie with this card attached for HP gains +1 HP.,0,0,0,BS9-042,0,"<{Y}{Y}{Y}> Mission Fulfillment deals 3
<Discard 1 card.> The Cookie with this card attached for HP gains +1 HP.",,COMMON,
BS9-041@2,BS9,041@2,Pistachio Cookie,promotion card,FLIP,YELLOW,YELLOW,2,2,,P,,,<{Y}{Y}{Y}> Spiral Spear deals 2,"Draw up to 1 card from your deck. Then, if activated during your turn, select up to 1 of your opponent's Cookies. That Cookie receives 1 damage.",0,0,0,BS9-041,1,"<{Y}{Y}{Y}> Spiral Spear deals 2
Draw up to 1 card from your deck. Then, if activated during your turn, select up to 1 of your opponent's Cookies. That Cookie receives 1 damage.",,PROMOTION,
BS9-041,BS9,041,Pistachio Cookie,BOOSTER PACK [A Game of Truth and Deceit],FLIP,YELLOW,YELLOW,2,2,,U,,,<{Y}{Y}{Y}> Spiral Spear deals 2,"Draw up to 1 card from your deck. Then, if activated during your turn, select up to 1 of your opponent's Cookies. That Cookie receives 1 damage.",0,0,0,BS9-041,0,"<{Y}{Y}{Y}> Spiral Spear deals 2
Draw up to 1 card from your deck. Then, if activated during your turn, select up to 1 of your opponent's Cookies. That Cookie receives 1 damage.",,UNCOMMON,
BS9-040,BS9,040,Cauliflower Cookie,BOOSTER PACK [A Game of Truth and Deceit],COOKIE,YELLOW,YELLOW,1,3,,C,Research Material Procured!,"【Activate】 【Once Per Turn】 <{Y}> Reveal 1 card from the top of your deck. If that card is a Cookie that has FLIP, draw up to 1 card from your deck.",<{Y}{Y}> Observation deals 1,,0,0,0,BS9-040,0,"【Activate】 【Once Per Turn】 <{Y}> Reveal 1 card from the top of your deck. If that card is a Cookie that has FLIP, draw up to 1 card from your deck.
<{Y}{Y}> Observation deals 1",,COMMON,
BS9-039,BS9,039,Choco Bar Cookie,BOOSTER PACK [A Game of Truth and Deceit],COOKIE,YELLOW,YELLOW MIX,2,4,,C,,,<{N}{N}{N}> Jelly Revolver deals 3,,0,0,0,BS9-039,0,<{N}{N}{N}> Jelly Revolver deals 3,,COMMON,
BS9-038,BS9,038,Chess Choco Cookie,BOOSTER PACK [A Game of Truth and Deceit],COOKIE,YELLOW,YELLOW,2,4,,C,We are twins!,"【On Play】 If there is another [Chess Choco Cookie] in your battle area, all your Cookies gain +1 HP.",<{Y}{Y}{Y}> Checkmate deals 3,,0,0,0,BS9-038,0,"【On Play】 If there is another [Chess Choco Cookie] in your battle area, all your Cookies gain +1 HP.
<{Y}{Y}{Y}> Checkmate deals 3",,COMMON,
BS9-037@1,BS9,037@1,Apple Faerie Cookie,BOOSTER PACK [A Game of Truth and Deceit],COOKIE,YELLOW,YELLOW,1,2,,SSR,Let me guide you!,"When this Cookie faints, return up to 2 {Y} Cookies that have FLIP from your trash to your hand.",<{Y}{Y}> Fresh Smile deals 2,,0,0,0,BS9-037,1,"When this Cookie faints, return up to 2 {Y} Cookies that have FLIP from your trash to your hand.
<{Y}{Y}> Fresh Smile deals 2",,SECRET SUPER RARE,
BS9-037,BS9,037,Apple Faerie Cookie,BOOSTER PACK [A Game of Truth and Deceit],COOKIE,YELLOW,YELLOW,1,2,,SR,Let me guide you!,"When this Cookie faints, return up to 2 {Y} Cookies that have FLIP from your trash to your hand.",<{Y}{Y}> Fresh Smile deals 2,,0,0,0,BS9-037,0,"When this Cookie faints, return up to 2 {Y} Cookies that have FLIP from your trash to your hand.
<{Y}{Y}> Fresh Smile deals 2",,SUPER RARE,
BS9-036,BS9,036,Bookseller,BOOSTER PACK [A Game of Truth and Deceit],COOKIE,YELLOW,YELLOW,2,3,,C,Book Organization,"When your turn ends, discard 1 Cookie that has FLIP from your hand or place 1 card from the top of this Cookie's HP into your trash.",<{Y}{Y}{Y}> Eye of Knowledge deals 4,,0,0,0,BS9-036,0,"When your turn ends, discard 1 Cookie that has FLIP from your hand or place 1 card from the top of this Cookie's HP into your trash.
<{Y}{Y}{Y}> Eye of Knowledge deals 4",,COMMON,
BS9-035@1,BS9,035@1,Truthless Recluse,BOOSTER PACK [A Game of Truth and Deceit],COOKIE,YELLOW,YELLOW,3,5,,SUR,Truth Seeker,"【Activate】 【Once Per Turn】 <Discard 1 card.> During this turn, your opponent cannot add HP to Cookies via card effects.","<{Y}{Y}{Y}> Shadow of Despair deals 3 
Then, <discard 1 Cookie that has FLIP from your hand.> If there are 2 Cookies or more in your break area, select up to 1 of your opponent's Cookies. That Cookie receives 1 damage.",,0,0,0,BS9-035,1,"【Activate】 【Once Per Turn】 <Discard 1 card.> During this turn, your opponent cannot add HP to Cookies via card effects.
<{Y}{Y}{Y}> Shadow of Despair deals 3 
Then, <discard 1 Cookie that has FLIP from your hand.> If there are 2 Cookies or more in your break area, select up to 1 of your opponent's Cookies. That Cookie receives 1 damage.",,SECRET ULTRA RARE,
BS9-035,BS9,035,Truthless Recluse,BOOSTER PACK [A Game of Truth and Deceit],COOKIE,YELLOW,YELLOW,3,5,,UR,Truth Seeker,"【Activate】 【Once Per Turn】 <Discard 1 card.> During this turn, your opponent cannot add HP to Cookies via card effects.","<{Y}{Y}{Y}> Shadow of Despair deals 3 
Then, <discard 1 Cookie that has FLIP from your hand.> If there are 2 Cookies or more in your break area, select up to 1 of your opponent's Cookies. That Cookie receives 1 damage.",,0,0,0,BS9-035,0,"【Activate】 【Once Per Turn】 <Discard 1 card.> During this turn, your opponent cannot add HP to Cookies via card effects.
<{Y}{Y}{Y}> Shadow of Despair deals 3 
Then, <discard 1 Cookie that has FLIP from your hand.> If there are 2 Cookies or more in your break area, select up to 1 of your opponent's Cookies. That Cookie receives 1 damage.",,ULTLA RARE,
BS9-034,BS9,034,Fortune Teller Cookie,BOOSTER PACK [A Game of Truth and Deceit],COOKIE,YELLOW,YELLOW,1,2,,C,Flipped Card,【On Play】 <{Y}> Select up to 1 of your opponent's Cookies. View all of that Cookie's HP cards and rearrange them in any order.,<{Y}> Divination deals 1,,0,0,0,BS9-034,0,"【On Play】 <{Y}> Select up to 1 of your opponent's Cookies. View all of that Cookie's HP cards and rearrange them in any order.
<{Y}> Divination deals 1",,COMMON,
BS9-033@1,BS9,033@1,GingerBrave,BOOSTER PACK [A Game of Truth and Deceit],COOKIE,YELLOW,YELLOW,1,3,,C,Brave Heart,"【Activate】 【Once Per Turn】 <{Y}> <Discard 1 card that has FLIP from your hand.> If there are 6 cards or less in your hand, draw up to 2 cards from your deck.",<{Y}{Y}> Sturdy Cane deals 1,,0,0,0,BS9-033,1,"【Activate】 【Once Per Turn】 <{Y}> <Discard 1 card that has FLIP from your hand.> If there are 6 cards or less in your hand, draw up to 2 cards from your deck.
<{Y}{Y}> Sturdy Cane deals 1",,COMMON,
BS9-033,BS9,033,GingerBrave,BOOSTER PACK [A Game of Truth and Deceit],COOKIE,YELLOW,YELLOW,1,3,,C,Brave Heart,"【Activate】 【Once Per Turn】 <{Y}> <Discard 1 card that has FLIP from your hand.> If there are 6 cards or less in your hand, draw up to 2 cards from your deck.",<{Y}{Y}> Sturdy Cane deals 1,,0,0,0,BS9-033,0,"【Activate】 【Once Per Turn】 <{Y}> <Discard 1 card that has FLIP from your hand.> If there are 6 cards or less in your hand, draw up to 2 cards from your deck.
<{Y}{Y}> Sturdy Cane deals 1",,COMMON,
BS9-032,BS9,032,Yoga Cookie,BOOSTER PACK [A Game of Truth and Deceit],FLIP,YELLOW,YELLOW,1,1,,U,,,<{Y}{Y}> Enlightened Bishop deals 1,"Draw up to 1 card from your deck. Then, if activated during your turn, set up to 1 of your Cookies as active.",0,0,0,BS9-032,0,"<{Y}{Y}> Enlightened Bishop deals 1
Draw up to 1 card from your deck. Then, if activated during your turn, set up to 1 of your Cookies as active.",,UNCOMMON,
BS9-031@2,BS9,031@2,Alchemist Cookie,promotion card,FLIP,YELLOW,YELLOW,1,2,,P,,,<{Y}> Queen's Plan deals 1,"<Discard 1 card.> One of your LV.3 Cookies gains +1 HP. Then, if activated during your turn, draw up to 1 card from your deck.",0,0,0,BS9-031,1,"<{Y}> Queen's Plan deals 1
<Discard 1 card.> One of your LV.3 Cookies gains +1 HP. Then, if activated during your turn, draw up to 1 card from your deck.",,PROMOTION,
BS9-031@1,BS9,031@1,Alchemist Cookie,BOOSTER PACK [A Game of Truth and Deceit],FLIP,YELLOW,YELLOW,1,2,,SEC,,,<{Y}> Queen's Plan deals 1,"<Discard 1 card.> One of your LV.3 Cookies gains +1 HP. Then, if activated during your turn, draw up to 1 card from your deck.",0,0,0,BS9-031,1,"<{Y}> Queen's Plan deals 1
<Discard 1 card.> One of your LV.3 Cookies gains +1 HP. Then, if activated during your turn, draw up to 1 card from your deck.",,SECRET,
BS9-031,BS9,031,Alchemist Cookie,BOOSTER PACK [A Game of Truth and Deceit],FLIP,YELLOW,YELLOW,1,2,,R,,,<{Y}> Queen's Plan deals 1,"<Discard 1 card.> One of your LV.3 Cookies gains +1 HP. Then, if activated during your turn, draw up to 1 card from your deck.",0,0,0,BS9-031,0,"<{Y}> Queen's Plan deals 1
<Discard 1 card.> One of your LV.3 Cookies gains +1 HP. Then, if activated during your turn, draw up to 1 card from your deck.",,RARE,
BS9-030@1,BS9,030@1,Shadow Milk Cookie,BOOSTER PACK [A Game of Truth and Deceit],COOKIE,YELLOW,YELLOW,3,6,BEAST,SUR,Journey Toward Truth,"【EXTRA】 <Discard 3 {Y} Cookies that have FLIP from your hand.> Play this Cookie.

【On Play】 Place up to 1 LV.1 Cookie from your break area into your trash.","<{Y}{Y}{Y}> Light of Truth deals 3 
Then, <discard 1 Cookie that has FLIP from your hand.> Activate the discarded card's FLIP effect.",,0,0,0,BS9-030,1,"【EXTRA】 <Discard 3 {Y} Cookies that have FLIP from your hand.> Play this Cookie.

【On Play】 Place up to 1 LV.1 Cookie from your break area into your trash.
<{Y}{Y}{Y}> Light of Truth deals 3 
Then, <discard 1 Cookie that has FLIP from your hand.> Activate the discarded card's FLIP effect.",,SECRET ULTRA RARE,
BS9-030,BS9,030,Shadow Milk Cookie,BOOSTER PACK [A Game of Truth and Deceit],COOKIE,YELLOW,YELLOW,3,6,BEAST,UR,Journey Toward Truth,"【EXTRA】 <Discard 3 {Y} Cookies that have FLIP from your hand.> Play this Cookie.

【On Play】 Place up to 1 LV.1 Cookie from your break area into your trash.","<{Y}{Y}{Y}> Light of Truth deals 3 
Then, <discard 1 Cookie that has FLIP from your hand.> Activate the discarded card's FLIP effect.",,0,0,0,BS9-030,0,"【EXTRA】 <Discard 3 {Y} Cookies that have FLIP from your hand.> Play this Cookie.

【On Play】 Place up to 1 LV.1 Cookie from your break area into your trash.
<{Y}{Y}{Y}> Light of Truth deals 3 
Then, <discard 1 Cookie that has FLIP from your hand.> Activate the discarded card's FLIP effect.",,ULTLA RARE,
BS9-029@1,BS9,029@1,Caramel Choux Cookie,BOOSTER PACK [A Game of Truth and Deceit],FLIP,YELLOW,YELLOW,2,3,,C,,,<{Y}{Y}> Town Square Guide deals 2,Add up to 1 card from the top of 1 of your Cookie's HP to the top of your other Cookie's HP.,0,0,0,BS9-029,1,"<{Y}{Y}> Town Square Guide deals 2
Add up to 1 card from the top of 1 of your Cookie's HP to the top of your other Cookie's HP.",,COMMON,
BS9-029,BS9,029,Caramel Choux Cookie,BOOSTER PACK [A Game of Truth and Deceit],FLIP,YELLOW,YELLOW,2,3,,C,,,<{Y}{Y}> Town Square Guide deals 2,Add up to 1 card from the top of 1 of your Cookie's HP to the top of your other Cookie's HP.,0,0,0,BS9-029,0,"<{Y}{Y}> Town Square Guide deals 2
Add up to 1 card from the top of 1 of your Cookie's HP to the top of your other Cookie's HP.",,COMMON,
BS9-028,BS9,028,Butter Squid Cookie,BOOSTER PACK [A Game of Truth and Deceit],COOKIE,YELLOW,YELLOW,1,2,,C,,,<{Y}{Y}> Cut! One more take! deals 2,,0,0,0,BS9-028,0,<{Y}{Y}> Cut! One more take! deals 2,,COMMON,
BS9-027@1,BS9,027@1,Vampire Cookie,BOOSTER PACK [A Game of Truth and Deceit],COOKIE,YELLOW,YELLOW MIX,2,5,,SEC,Lazy King,"【Activate】 【Once Per Turn】 Add up to 1 card from your hand to the top of this Cookie's HP. Then, this Cookie receives 1 damage.",<{Y}{Y}{N}> Dough Vampirism deals 2,,0,0,0,BS9-027,1,"【Activate】 【Once Per Turn】 Add up to 1 card from your hand to the top of this Cookie's HP. Then, this Cookie receives 1 damage.
<{Y}{Y}{N}> Dough Vampirism deals 2",,SECRET,
BS9-027,BS9,027,Vampire Cookie,BOOSTER PACK [A Game of Truth and Deceit],COOKIE,YELLOW,YELLOW MIX,2,5,,R,Lazy King,"【Activate】 【Once Per Turn】 Add up to 1 card from your hand to the top of this Cookie's HP. Then, this Cookie receives 1 damage.",<{Y}{Y}{N}> Dough Vampirism deals 2,,0,0,0,BS9-027,0,"【Activate】 【Once Per Turn】 Add up to 1 card from your hand to the top of this Cookie's HP. Then, this Cookie receives 1 damage.
<{Y}{Y}{N}> Dough Vampirism deals 2",,RARE,
BS9-026@2,BS9,026@2,Burnt Cheese Cookie,BOOSTER PACK [A Game of Truth and Deceit],FLIP,YELLOW,YELLOW,2,2,,C,,,<{Y}{Y}> Scent Tracking deals 2,Draw up to 1 card from your deck.,0,0,0,BS9-026,1,"<{Y}{Y}> Scent Tracking deals 2
Draw up to 1 card from your deck.",,COMMON,
BS9-026@1,BS9,026@1,Burnt Cheese Cookie,BOOSTER PACK [A Game of Truth and Deceit],FLIP,YELLOW,YELLOW,2,2,,C,,,<{Y}{Y}> Scent Tracking deals 2,Draw up to 1 card from your deck.,0,0,0,BS9-026,1,"<{Y}{Y}> Scent Tracking deals 2
Draw up to 1 card from your deck.",,COMMON,
BS9-026,BS9,026,Burnt Cheese Cookie,BOOSTER PACK [A Game of Truth and Deceit],FLIP,YELLOW,YELLOW,2,2,,C,,,<{Y}{Y}> Scent Tracking deals 2,Draw up to 1 card from your deck.,0,0,0,BS9-026,0,"<{Y}{Y}> Scent Tracking deals 2
Draw up to 1 card from your deck.",,COMMON,
BS9-025@1,BS9,025@1,Mala Sauce Cookie,promotion card,FLIP,YELLOW,YELLOW,1,1,,P,,,<{Y}{Y}> Tough Rook deals 1,"<Discard 1 card.> The Cookie with this card attached for HP gains +1 HP. If activated during your turn, you can select another of your Cookies.",0,0,0,BS9-025,1,"<{Y}{Y}> Tough Rook deals 1
<Discard 1 card.> The Cookie with this card attached for HP gains +1 HP. If activated during your turn, you can select another of your Cookies.",,PROMOTION,
BS9-025,BS9,025,Mala Sauce Cookie,BOOSTER PACK [A Game of Truth and Deceit],FLIP,YELLOW,YELLOW,1,1,,U,,,<{Y}{Y}> Tough Rook deals 1,"<Discard 1 card.> The Cookie with this card attached for HP gains +1 HP. If activated during your turn, you can select another of your Cookies.",0,0,0,BS9-025,0,"<{Y}{Y}> Tough Rook deals 1
<Discard 1 card.> The Cookie with this card attached for HP gains +1 HP. If activated during your turn, you can select another of your Cookies.",,UNCOMMON,
BS9-024@1,BS9,024@1,Golden Cheese Cookie,BOOSTER PACK [A Game of Truth and Deceit],COOKIE,YELLOW,YELLOW MIX,3,5,ANCIENT,SSR,Golden Shield,"【Activate】 【Once Per Turn】 If this Cookie's remaining HP is 4 or less and another 【Ancient】 Cookie is in your battle area, this Cookie gains +1 HP.","<{Y}{N}{N}> God of Riches deals 3 
Then, <return 1 card from the top of this Cookie's HP to your hand.> Deals 1 damage.",,0,0,0,BS9-024,1,"【Activate】 【Once Per Turn】 If this Cookie's remaining HP is 4 or less and another 【Ancient】 Cookie is in your battle area, this Cookie gains +1 HP.
<{Y}{N}{N}> God of Riches deals 3 
Then, <return 1 card from the top of this Cookie's HP to your hand.> Deals 1 damage.",,SECRET SUPER RARE,
BS9-024,BS9,024,Golden Cheese Cookie,BOOSTER PACK [A Game of Truth and Deceit],COOKIE,YELLOW,YELLOW MIX,3,5,ANCIENT,SR,Golden Shield,"【Activate】 【Once Per Turn】 If this Cookie's remaining HP is 4 or less and another 【Ancient】 Cookie is in your battle area, this Cookie gains +1 HP.","<{Y}{N}{N}> God of Riches deals 3 
Then, <return 1 card from the top of this Cookie's HP to your hand.> Deals 1 damage.",,0,0,0,BS9-024,0,"【Activate】 【Once Per Turn】 If this Cookie's remaining HP is 4 or less and another 【Ancient】 Cookie is in your battle area, this Cookie gains +1 HP.
<{Y}{N}{N}> God of Riches deals 3 
Then, <return 1 card from the top of this Cookie's HP to your hand.> Deals 1 damage.",,SUPER RARE,
BS9-023,BS9,023,Atelier of Lies,BOOSTER PACK [A Game of Truth and Deceit],STAGE,RED,RED,,,,U,,"<{R}> Place in your stage area.

【Activate】 <{R}> <Rest this card.> If your Cookie has an opponent's card as HP, select up to 2 of your Cookies. During this turn, those Cookies gain +1 attack damage.",,,0,0,0,BS9-023,0,"<{R}> Place in your stage area.

【Activate】 <{R}> <Rest this card.> If your Cookie has an opponent's card as HP, select up to 2 of your Cookies. During this turn, those Cookies gain +1 attack damage.",,UNCOMMON,
BS9-022,BS9,022,Paper Puppet Troupe,BOOSTER PACK [A Game of Truth and Deceit],TRAP,RED,RED,,,,U,,"<{R}> Select up to 1 of your opponent's Cookies. During this turn, that Cookie deals -1 attack damage. Then, if your Cookie has an opponent's card as HP, draw up to 1 card from your deck.",,,0,0,0,BS9-022,0,"<{R}> Select up to 1 of your opponent's Cookies. During this turn, that Cookie deals -1 attack damage. Then, if your Cookie has an opponent's card as HP, draw up to 1 card from your deck.",,UNCOMMON,
BS9-021,BS9,021,Stolen Light of Truth,BOOSTER PACK [A Game of Truth and Deceit],TRAP,RED,RED,,,,U,,<{R}{R}{R}> Select up to 1 of your opponent's Cookies. Add 1 card from the top of that Cookie's HP face-up to the bottom of your Cookie's HP.,,,0,0,0,BS9-021,0,<{R}{R}{R}> Select up to 1 of your opponent's Cookies. Add 1 card from the top of that Cookie's HP face-up to the bottom of your Cookie's HP.,,UNCOMMON,
BS9-020,BS9,020,Fateful Cookie Cutter,BOOSTER PACK [A Game of Truth and Deceit],ITEM,RED,RED,,,,U,,"<{R}> If your {R} LV.1 Cookie fainted during your opponent's previous turn, draw up to 2 cards from your deck and discard 1 card.",,,0,0,0,BS9-020,0,"<{R}> If your {R} LV.1 Cookie fainted during your opponent's previous turn, draw up to 2 cards from your deck and discard 1 card.",,UNCOMMON,
BS9-019,BS9,019,Juicy Stamina Jellies,BOOSTER PACK [A Game of Truth and Deceit],ITEM,RED,RED,,,,U,,"<{R}{R}> Select up to 1 of your Cookies. During this turn, that Cookie gains +1 attack damage. Then, that Cookie gains +1 HP.",,,0,0,0,BS9-019,0,"<{R}{R}> Select up to 1 of your Cookies. During this turn, that Cookie gains +1 attack damage. Then, that Cookie gains +1 HP.",,UNCOMMON,
BS9-018,BS9,018,Hero Cookie,BOOSTER PACK [A Game of Truth and Deceit],COOKIE,RED,RED,2,2,,C,Invincible Hero,"【Your Turn】 If this Cookie is in your battle area, your Cookies take no damage from your opponent.",<{R}{R}> Hero Punch deals 2,,0,0,0,BS9-018,0,"【Your Turn】 If this Cookie is in your battle area, your Cookies take no damage from your opponent.
<{R}{R}> Hero Punch deals 2",,COMMON,
BS9-017@1,BS9,017@1,Hollyberry Cookie,BOOSTER PACK [A Game of Truth and Deceit],COOKIE,RED,RED MIX,2,5,ANCIENT,SSR,Passion's Protection,"【Activate】 【Once Per Turn】 <{N}> If there is another 【Ancient】 Cookie in your battle area, during this turn, this Cookie gains +2 attack damage.","<{R}{N}{N}> Shield of the Kingdom deals 2
 Then, until the end of your opponent's turn, any time your 【Ancient】 Cookie would receive 3 or more damage, the damage is reduced to 2.",,0,0,0,BS9-017,1,"【Activate】 【Once Per Turn】 <{N}> If there is another 【Ancient】 Cookie in your battle area, during this turn, this Cookie gains +2 attack damage.
<{R}{N}{N}> Shield of the Kingdom deals 2
 Then, until the end of your opponent's turn, any time your 【Ancient】 Cookie would receive 3 or more damage, the damage is reduced to 2.",,SECRET SUPER RARE,
BS9-017,BS9,017,Hollyberry Cookie,BOOSTER PACK [A Game of Truth and Deceit],COOKIE,RED,RED MIX,2,5,ANCIENT,SR,Passion's Protection,"【Activate】 【Once Per Turn】 <{N}> If there is another 【Ancient】 Cookie in your battle area, during this turn, this Cookie gains +2 attack damage.","<{R}{N}{N}> Shield of the Kingdom deals 2
 Then, until the end of your opponent's turn, any time your 【Ancient】 Cookie would receive 3 or more damage, the damage is reduced to 2.",,0,0,0,BS9-017,0,"【Activate】 【Once Per Turn】 <{N}> If there is another 【Ancient】 Cookie in your battle area, during this turn, this Cookie gains +2 attack damage.
<{R}{N}{N}> Shield of the Kingdom deals 2
 Then, until the end of your opponent's turn, any time your 【Ancient】 Cookie would receive 3 or more damage, the damage is reduced to 2.",,SUPER RARE,
BS9-016,BS9,016,Pizza Cookie,BOOSTER PACK [A Game of Truth and Deceit],COOKIE,RED,RED,1,3,,C,Pizza Bulk Order,"【On Play】 If another [Pizza Cookie] is in your battle area, during this turn, this Cookie gains +1 attack damage.",<{R}{N}> Delivery Complete! deals 1,,0,0,0,BS9-016,0,"【On Play】 If another [Pizza Cookie] is in your battle area, during this turn, this Cookie gains +1 attack damage.
<{R}{N}> Delivery Complete! deals 1",,COMMON,
BS9-015@1,BS9,015@1,Parfait Cookie,BOOSTER PACK [A Game of Truth and Deceit],COOKIE,RED,RED,1,2,,SEC,Sincere Song,"When this Cookie faints, play up to 1 Cookie from your hand. Then, return 1 card from the top of that Cookie's HP to your hand.",<{R}{R}> Wide Repertoire deals 2,,0,0,0,BS9-015,1,"When this Cookie faints, play up to 1 Cookie from your hand. Then, return 1 card from the top of that Cookie's HP to your hand.
<{R}{R}> Wide Repertoire deals 2",,SECRET,
BS9-015,BS9,015,Parfait Cookie,BOOSTER PACK [A Game of Truth and Deceit],COOKIE,RED,RED,1,2,,R,Sincere Song,"When this Cookie faints, play up to 1 Cookie from your hand. Then, return 1 card from the top of that Cookie's HP to your hand.",<{R}{R}> Wide Repertoire deals 2,,0,0,0,BS9-015,0,"When this Cookie faints, play up to 1 Cookie from your hand. Then, return 1 card from the top of that Cookie's HP to your hand.
<{R}{R}> Wide Repertoire deals 2",,RARE,
BS9-014@2,BS9,014@2,Candy Apple Cookie,promotion card,COOKIE,RED,RED,1,2,,P,Sweet Lies,【On Play】 <Place 2 cards from the top of your other Cookie's HP into your trash.> Select up to 1 of your opponent's Cookies. Add 1 card from the top of that Cookie's HP face-up to the bottom of this Cookie's HP.,<{R}{R}> Mini Candy Apple Bomb deals 2,,0,0,0,BS9-014,1,"【On Play】 <Place 2 cards from the top of your other Cookie's HP into your trash.> Select up to 1 of your opponent's Cookies. Add 1 card from the top of that Cookie's HP face-up to the bottom of this Cookie's HP.
<{R}{R}> Mini Candy Apple Bomb deals 2",,PROMOTION,
BS9-014@1,BS9,014@1,Candy Apple Cookie,BOOSTER PACK [A Game of Truth and Deceit],COOKIE,RED,RED,1,2,,SSR,Sweet Lies,【On Play】 <Place 2 cards from the top of your other Cookie's HP into your trash.> Select up to 1 of your opponent's Cookies. Add 1 card from the top of that Cookie's HP face-up to the bottom of this Cookie's HP.,<{R}{R}> Mini Candy Apple Bomb deals 2,,0,0,0,BS9-014,1,"【On Play】 <Place 2 cards from the top of your other Cookie's HP into your trash.> Select up to 1 of your opponent's Cookies. Add 1 card from the top of that Cookie's HP face-up to the bottom of this Cookie's HP.
<{R}{R}> Mini Candy Apple Bomb deals 2",,SECRET SUPER RARE,
BS9-014,BS9,014,Candy Apple Cookie,BOOSTER PACK [A Game of Truth and Deceit],COOKIE,RED,RED,1,2,,SR,Sweet Lies,【On Play】 <Place 2 cards from the top of your other Cookie's HP into your trash.> Select up to 1 of your opponent's Cookies. Add 1 card from the top of that Cookie's HP face-up to the bottom of this Cookie's HP.,<{R}{R}> Mini Candy Apple Bomb deals 2,,0,0,0,BS9-014,0,"【On Play】 <Place 2 cards from the top of your other Cookie's HP into your trash.> Select up to 1 of your opponent's Cookies. Add 1 card from the top of that Cookie's HP face-up to the bottom of this Cookie's HP.
<{R}{R}> Mini Candy Apple Bomb deals 2",,SUPER RARE,
BS9-013,BS9,013,Capricious Wizard,BOOSTER PACK [A Game of Truth and Deceit],COOKIE,RED,RED MIX,3,4,,C,,,<{N}{N}{N}> Capricious Magic deals 4,,0,0,0,BS9-013,0,<{N}{N}{N}> Capricious Magic deals 4,,COMMON,
BS9-012@1,BS9,012@1,Knight Cookie,BOOSTER PACK [A Game of Truth and Deceit],COOKIE,RED,RED,1,3,,U,For Her Highness!,"At the end of your opponent's turn, if there are 2 Cookies in your battle area, this Cookie receives 3 damage.",<{R}{R}> Candy Thrust deals 2,,0,0,0,BS9-012,1,"At the end of your opponent's turn, if there are 2 Cookies in your battle area, this Cookie receives 3 damage.
<{R}{R}> Candy Thrust deals 2",,UNCOMMON,
BS9-012,BS9,012,Knight Cookie,BOOSTER PACK [A Game of Truth and Deceit],COOKIE,RED,RED,1,3,,U,For Her Highness!,"At the end of your opponent's turn, if there are 2 Cookies in your battle area, this Cookie receives 3 damage.",<{R}{R}> Candy Thrust deals 2,,0,0,0,BS9-012,0,"At the end of your opponent's turn, if there are 2 Cookies in your battle area, this Cookie receives 3 damage.
<{R}{R}> Candy Thrust deals 2",,UNCOMMON,
BS9-011,BS9,011,Devil Cookie,BOOSTER PACK [A Game of Truth and Deceit],COOKIE,RED,RED,2,3,,C,Devil From Hell,"【On Play】 During this turn, if 2 or more of your {R} LV.1 Cookies fainted, select up to 1 of your opponent's Cookies. That Cookie receives 1 damage.",<{R}{R}> Devil's Candy Fork deals 2,,0,0,0,BS9-011,0,"【On Play】 During this turn, if 2 or more of your {R} LV.1 Cookies fainted, select up to 1 of your opponent's Cookies. That Cookie receives 1 damage.
<{R}{R}> Devil's Candy Fork deals 2",,COMMON,
BS9-010@1,BS9,010@1,Shadow Milk Cookie,BOOSTER PACK [A Game of Truth and Deceit],COOKIE,RED,RED,2,4,BEAST,SUR,Time for Deceit!,"【EXTRA】 Can be played if 2 or more of your {R} LV.1 Cookies fainted during your opponent's previous turn.

【On Play】 Add up to 1 card from your opponent's hand face-up to the bottom of this Cookie's HP.","<{R}{R}> Puppet Theater of Fear deals 2 
Then, <can be used as {N}.> Select up to 1 of your opponent's Cookies. Add 1 card from the top of that Cookie's HP face-up to the bottom of this Cookie's HP.",,0,0,0,BS9-010,1,"【EXTRA】 Can be played if 2 or more of your {R} LV.1 Cookies fainted during your opponent's previous turn.

【On Play】 Add up to 1 card from your opponent's hand face-up to the bottom of this Cookie's HP.
<{R}{R}> Puppet Theater of Fear deals 2 
Then, <can be used as {N}.> Select up to 1 of your opponent's Cookies. Add 1 card from the top of that Cookie's HP face-up to the bottom of this Cookie's HP.",,SECRET ULTRA RARE,
BS9-010,BS9,010,Shadow Milk Cookie,BOOSTER PACK [A Game of Truth and Deceit],COOKIE,RED,RED,2,4,BEAST,UR,Time for Deceit!,"【EXTRA】 Can be played if 2 or more of your {R} LV.1 Cookies fainted during your opponent's previous turn.

【On Play】 Add up to 1 card from your opponent's hand face-up to the bottom of this Cookie's HP.","<{R}{R}> Puppet Theater of Fear deals 2 
Then, <can be used as {N}.> Select up to 1 of your opponent's Cookies. Add 1 card from the top of that Cookie's HP face-up to the bottom of this Cookie's HP.",,0,0,0,BS9-010,0,"【EXTRA】 Can be played if 2 or more of your {R} LV.1 Cookies fainted during your opponent's previous turn.

【On Play】 Add up to 1 card from your opponent's hand face-up to the bottom of this Cookie's HP.
<{R}{R}> Puppet Theater of Fear deals 2 
Then, <can be used as {N}.> Select up to 1 of your opponent's Cookies. Add 1 card from the top of that Cookie's HP face-up to the bottom of this Cookie's HP.",,ULTLA RARE,
BS9-009,BS9,009,Birthday Cake Cookie,BOOSTER PACK [A Game of Truth and Deceit],COOKIE,RED,RED MIX,1,3,,C,Happy Tea Party,"【On Play】 During this turn, if your opponent's Cookie fainted, draw up to 1 card from your deck.",<{R}{N}> Tea Party Invitation deals 1,,0,0,0,BS9-009,0,"【On Play】 During this turn, if your opponent's Cookie fainted, draw up to 1 card from your deck.
<{R}{N}> Tea Party Invitation deals 1",,COMMON,
BS9-008,BS9,008,Blueberry Cookie,BOOSTER PACK [A Game of Truth and Deceit],COOKIE,RED,RED MIX,1,2,,C,,,<{N}> Dazzling Walk deals 1,,0,0,0,BS9-008,0,<{N}> Dazzling Walk deals 1,,COMMON,
BS9-007@1,BS9,007@1,Cherry Blossom Cookie,BOOSTER PACK [A Game of Truth and Deceit],FLIP,RED,RED,2,2,,C,,,<{R}{R}> Pink Cherry Blossom Petals deals 2,Draw up to 1 card from your deck.,0,0,0,BS9-007,1,"<{R}{R}> Pink Cherry Blossom Petals deals 2
Draw up to 1 card from your deck.",,COMMON,
BS9-007,BS9,007,Cherry Blossom Cookie,BOOSTER PACK [A Game of Truth and Deceit],FLIP,RED,RED,2,2,,C,,,<{R}{R}> Pink Cherry Blossom Petals deals 2,Draw up to 1 card from your deck.,0,0,0,BS9-007,0,"<{R}{R}> Pink Cherry Blossom Petals deals 2
Draw up to 1 card from your deck.",,COMMON,
BS9-006@1,BS9,006@1,Melted Choco Cookie,BOOSTER PACK [A Game of Truth and Deceit],COOKIE,RED,RED,1,2,,SEC,Sticky Choco Cream,"【On Play】 During this turn, if 2 or more of your Cookies fainted, this Cookie takes -3 damage until the end of the turn.",<{R}{R}> Gooey Choco Punch deals 2,,0,0,0,BS9-006,1,"【On Play】 During this turn, if 2 or more of your Cookies fainted, this Cookie takes -3 damage until the end of the turn.
<{R}{R}> Gooey Choco Punch deals 2",,SECRET,
BS9-006,BS9,006,Melted Choco Cookie,BOOSTER PACK [A Game of Truth and Deceit],COOKIE,RED,RED,1,2,,R,Sticky Choco Cream,"【On Play】 During this turn, if 2 or more of your Cookies fainted, this Cookie takes -3 damage until the end of the turn.",<{R}{R}> Gooey Choco Punch deals 2,,0,0,0,BS9-006,0,"【On Play】 During this turn, if 2 or more of your Cookies fainted, this Cookie takes -3 damage until the end of the turn.
<{R}{R}> Gooey Choco Punch deals 2",,RARE,
BS9-005@1,BS9,005@1,Macaron Cookie,BOOSTER PACK [A Game of Truth and Deceit],FLIP,RED,RED,3,3,,C,,,<{R}{R}{R}> *BA-DUM-TSS* deals 3,<Discard 1 card.> The Cookie with this card attached for HP gains +1 HP.,0,0,0,BS9-005,1,"<{R}{R}{R}> *BA-DUM-TSS* deals 3
<Discard 1 card.> The Cookie with this card attached for HP gains +1 HP.",,COMMON,
BS9-005,BS9,005,Macaron Cookie,BOOSTER PACK [A Game of Truth and Deceit],FLIP,RED,RED,3,3,,C,,,<{R}{R}{R}> *BA-DUM-TSS* deals 3,<Discard 1 card.> The Cookie with this card attached for HP gains +1 HP.,0,0,0,BS9-005,0,"<{R}{R}{R}> *BA-DUM-TSS* deals 3
<Discard 1 card.> The Cookie with this card attached for HP gains +1 HP.",,COMMON,
BS9-004@1,BS9,004@1,Linzer Cookie,BOOSTER PACK [A Game of Truth and Deceit],COOKIE,RED,RED MIX,2,5,,C,,,<{R}{R}{N}{N}> Perfect Deduction deals 3,,0,0,0,BS9-004,1,<{R}{R}{N}{N}> Perfect Deduction deals 3,,COMMON,
BS9-004,BS9,004,Linzer Cookie,BOOSTER PACK [A Game of Truth and Deceit],COOKIE,RED,RED MIX,2,5,,C,,,<{R}{R}{N}{N}> Perfect Deduction deals 3,,0,0,0,BS9-004,0,<{R}{R}{N}{N}> Perfect Deduction deals 3,,COMMON,
BS9-003@1,BS9,003@1,Strawberry Cookie,BOOSTER PACK [A Game of Truth and Deceit],COOKIE,RED,RED,1,2,,U,Power up...!,"【On Play】 Select up to 1 of your Cookies. During this turn, that Cookie gains +1 attack damage.",<{R}{R}> Lollipop Hammer deals 1,,0,0,0,BS9-003,1,"【On Play】 Select up to 1 of your Cookies. During this turn, that Cookie gains +1 attack damage.
<{R}{R}> Lollipop Hammer deals 1",,UNCOMMON,
BS9-003,BS9,003,Strawberry Cookie,BOOSTER PACK [A Game of Truth and Deceit],COOKIE,RED,RED,1,2,,U,Power up...!,"【On Play】 Select up to 1 of your Cookies. During this turn, that Cookie gains +1 attack damage.",<{R}{R}> Lollipop Hammer deals 1,,0,0,0,BS9-003,0,"【On Play】 Select up to 1 of your Cookies. During this turn, that Cookie gains +1 attack damage.
<{R}{R}> Lollipop Hammer deals 1",,UNCOMMON,
BS9-002@1,BS9,002@1,Princess Cookie,BOOSTER PACK [A Game of Truth and Deceit],COOKIE,RED,RED,3,5,,U,Princess Party,"【Activate】 【Once Per Turn】 If your {R} LV.1 Cookie fainted during your opponent's previous turn, during this turn, this Cookie gains +1 attack damage.",<{R}{R}{R}> Lovely Perfume deals 3,,0,0,0,BS9-002,1,"【Activate】 【Once Per Turn】 If your {R} LV.1 Cookie fainted during your opponent's previous turn, during this turn, this Cookie gains +1 attack damage.
<{R}{R}{R}> Lovely Perfume deals 3",,UNCOMMON,
BS9-002,BS9,002,Princess Cookie,BOOSTER PACK [A Game of Truth and Deceit],COOKIE,RED,RED,3,5,,U,Princess Party,"【Activate】 【Once Per Turn】 If your {R} LV.1 Cookie fainted during your opponent's previous turn, during this turn, this Cookie gains +1 attack damage.",<{R}{R}{R}> Lovely Perfume deals 3,,0,0,0,BS9-002,0,"【Activate】 【Once Per Turn】 If your {R} LV.1 Cookie fainted during your opponent's previous turn, during this turn, this Cookie gains +1 attack damage.
<{R}{R}{R}> Lovely Perfume deals 3",,UNCOMMON,
BS9-001@2,BS9,001@2,Icicle Yeti Cookie,BOOSTER PACK [A Game of Truth and Deceit],FLIP,RED,RED,2,3,,C,,,<{R}{R}> Pointy Icicle deals 2,"Select up to 1 of your Cookies. During this turn, that Cookie receives -2 effect damage.",0,0,0,BS9-001,1,"<{R}{R}> Pointy Icicle deals 2
Select up to 1 of your Cookies. During this turn, that Cookie receives -2 effect damage.",,COMMON,
BS9-001@1,BS9,001@1,Icicle Yeti Cookie,BOOSTER PACK [A Game of Truth and Deceit],FLIP,RED,RED,2,3,,C,,,<{R}{R}> Pointy Icicle deals 2,"Select up to 1 of your Cookies. During this turn, that Cookie receives -2 effect damage.",0,0,0,BS9-001,1,"<{R}{R}> Pointy Icicle deals 2
Select up to 1 of your Cookies. During this turn, that Cookie receives -2 effect damage.",,COMMON,
BS9-001,BS9,001,Icicle Yeti Cookie,BOOSTER PACK [A Game of Truth and Deceit],FLIP,RED,RED,2,3,,C,,,<{R}{R}> Pointy Icicle deals 2,"Select up to 1 of your Cookies. During this turn, that Cookie receives -2 effect damage.",0,0,0,BS9-001,0,"<{R}{R}> Pointy Icicle deals 2
Select up to 1 of your Cookies. During this turn, that Cookie receives -2 effect damage.",,COMMON,
BS8-125@1,BS8,125@1,The Days of Resolution and Dignity,PROMOTION CARD,STAGE,PURPLE,PURPLE,,,,P,,"<{P}{P}> Place in your stage area.

If there are 15 cards or more in your trash, the attack cost of your [Dark Cacao Cookie] is reduced by 1 {P}.",,,0,0,0,BS8-125,1,"<{P}{P}> Place in your stage area.

If there are 15 cards or more in your trash, the attack cost of your [Dark Cacao Cookie] is reduced by 1 {P}.",,PROMOTION,
BS8-125,BS8,125,The Days of Resolution and Dignity,BOOSTER PACK [Land of Fire & Ruin Realm of Apathy],STAGE,PURPLE,PURPLE,,,,U,,"<{P}{P}> Place in your stage area.

If there are 15 cards or more in your trash, the attack cost of your [Dark Cacao Cookie] is reduced by 1 {P}.",,,0,0,0,BS8-125,0,"<{P}{P}> Place in your stage area.

If there are 15 cards or more in your trash, the attack cost of your [Dark Cacao Cookie] is reduced by 1 {P}.",,UNCOMMON,
BS8-124,BS8,124,Glorious Return,BOOSTER PACK [Land of Fire & Ruin Realm of Apathy],TRAP,PURPLE,PURPLE,,,,U,,"<{P}> If there are 15 cards or more in your trash, return up to 1 {P} Cookie from your trash to your hand.",,,0,0,0,BS8-124,0,"<{P}> If there are 15 cards or more in your trash, return up to 1 {P} Cookie from your trash to your hand.",,UNCOMMON,
BS8-123,BS8,123,Dark Resolution,BOOSTER PACK [Land of Fire & Ruin Realm of Apathy],TRAP,PURPLE,PURPLE,,,,U,,"<{P}{P}> Select up to 1 of your opponent's Cookies. During this turn, that Cookie deals -1 attack damage. Then, return up to 1 [Soul Jam: Light of Resolution] from your trash to your hand.",,,0,0,0,BS8-123,0,"<{P}{P}> Select up to 1 of your opponent's Cookies. During this turn, that Cookie deals -1 attack damage. Then, return up to 1 [Soul Jam: Light of Resolution] from your trash to your hand.",,UNCOMMON,
BS8-122,BS8,122,Milk Cart,BOOSTER PACK [Land of Fire & Ruin Realm of Apathy],ITEM,PURPLE,PURPLE,,,,U,,<{P}> <Discard a {P} non-Cookie card from your hand.> Draw up to 2 cards from your deck.,,,0,0,0,BS8-122,0,<{P}> <Discard a {P} non-Cookie card from your hand.> Draw up to 2 cards from your deck.,,UNCOMMON,
BS8-121,BS8,121,Black Concoction,BOOSTER PACK [Land of Fire & Ruin Realm of Apathy],ITEM,PURPLE,PURPLE,,,,U,,"<{P}> Place up to 3 cards from the top of your deck into the trash. If a {P} Item card was among the placed cards, select up to 1 of your Cookies. That Cookie gains +1 HP.",,,0,0,0,BS8-121,0,"<{P}> Place up to 3 cards from the top of your deck into the trash. If a {P} Item card was among the placed cards, select up to 1 of your Cookies. That Cookie gains +1 HP.",,UNCOMMON,
BS8-120@4,BS8,120@4,Caramel Arrow Cookie,promotion card,COOKIE,PURPLE,PURPLE,1,3,,P,For the Kingdom!,"【Activate】 【Once Per Turn】 <Discard 1 card.> If there are 15 cards or more in your trash, play up to 1 Cookie that is LV.2 or higher from your trash.",<{P}{P}> Arrow of Resolution deals 1,,0,0,0,BS8-120,1,"【Activate】 【Once Per Turn】 <Discard 1 card.> If there are 15 cards or more in your trash, play up to 1 Cookie that is LV.2 or higher from your trash.
<{P}{P}> Arrow of Resolution deals 1",,PROMOTION,
BS8-120@3,BS8,120@3,Caramel Arrow Cookie,promotion card,COOKIE,PURPLE,PURPLE,1,3,,P,For the Kingdom!,"【Activate】 【Once Per Turn】 <Discard 1 card.> If there are 15 cards or more in your trash, play up to 1 Cookie that is LV.2 or higher from your trash.",<{P}{P}> Arrow of Resolution deals 1,,0,0,0,BS8-120,1,"【Activate】 【Once Per Turn】 <Discard 1 card.> If there are 15 cards or more in your trash, play up to 1 Cookie that is LV.2 or higher from your trash.
<{P}{P}> Arrow of Resolution deals 1",,PROMOTION,
BS8-120@2,BS8,120@2,Caramel Arrow Cookie,promotion card,COOKIE,PURPLE,PURPLE,1,3,,P,For the Kingdom!,"【Activate】 【Once Per Turn】 <Discard 1 card.> If there are 15 cards or more in your trash, play up to 1 Cookie that is LV.2 or higher from your trash.",<{P}{P}> Arrow of Resolution deals 1,,0,0,0,BS8-120,1,"【Activate】 【Once Per Turn】 <Discard 1 card.> If there are 15 cards or more in your trash, play up to 1 Cookie that is LV.2 or higher from your trash.
<{P}{P}> Arrow of Resolution deals 1",,PROMOTION,
BS8-120@1,BS8,120@1,Caramel Arrow Cookie,BOOSTER PACK [Land of Fire & Ruin Realm of Apathy],COOKIE,PURPLE,PURPLE,1,3,,SSR,For the Kingdom!,"【Activate】 【Once Per Turn】 <Discard 1 card.> If there are 15 cards or more in your trash, play up to 1 Cookie that is LV.2 or higher from your trash.",<{P}{P}> Arrow of Resolution deals 1,,0,0,0,BS8-120,1,"【Activate】 【Once Per Turn】 <Discard 1 card.> If there are 15 cards or more in your trash, play up to 1 Cookie that is LV.2 or higher from your trash.
<{P}{P}> Arrow of Resolution deals 1",,SECRET SUPER RARE,
BS8-120,BS8,120,Caramel Arrow Cookie,BOOSTER PACK [Land of Fire & Ruin Realm of Apathy],COOKIE,PURPLE,PURPLE,1,3,,SR,For the Kingdom!,"【Activate】 【Once Per Turn】 <Discard 1 card.> If there are 15 cards or more in your trash, play up to 1 Cookie that is LV.2 or higher from your trash.",<{P}{P}> Arrow of Resolution deals 1,,0,0,0,BS8-120,0,"【Activate】 【Once Per Turn】 <Discard 1 card.> If there are 15 cards or more in your trash, play up to 1 Cookie that is LV.2 or higher from your trash.
<{P}{P}> Arrow of Resolution deals 1",,SUPER RARE,
BS8-119@1,BS8,119@1,Crunchy Chip Cookie,BOOSTER PACK [Land of Fire & Ruin Realm of Apathy],COOKIE,PURPLE,PURPLE,2,3,,SSR,Unfaltering Fealty,【Activate】 <{P}> <Place this Cookie in the trash.> Play up to 1 [Dark Cacao Cookie] from your trash.,<{P}> Taste our might! deals 1,,0,0,0,BS8-119,1,"【Activate】 <{P}> <Place this Cookie in the trash.> Play up to 1 [Dark Cacao Cookie] from your trash.
<{P}> Taste our might! deals 1",,SECRET SUPER RARE,
BS8-119,BS8,119,Crunchy Chip Cookie,BOOSTER PACK [Land of Fire & Ruin Realm of Apathy],COOKIE,PURPLE,PURPLE,2,3,,SR,Unfaltering Fealty,【Activate】 <{P}> <Place this Cookie in the trash.> Play up to 1 [Dark Cacao Cookie] from your trash.,<{P}> Taste our might! deals 1,,0,0,0,BS8-119,0,"【Activate】 <{P}> <Place this Cookie in the trash.> Play up to 1 [Dark Cacao Cookie] from your trash.
<{P}> Taste our might! deals 1",,SUPER RARE,
BS8-118,BS8,118,Healer Cookie 2,BOOSTER PACK [Land of Fire & Ruin Realm of Apathy],COOKIE,PURPLE,PURPLE MIX,1,3,,C,Warm Herbal Medicine,"【On Play】 If there are 15 cards or more in your trash, select up to 1 of your Cookies. That Cookie gains +1 HP.",<{P}{N}> Emergency Treatment deals 1,,0,0,0,BS8-118,0,"【On Play】 If there are 15 cards or more in your trash, select up to 1 of your Cookies. That Cookie gains +1 HP.
<{P}{N}> Emergency Treatment deals 1",,COMMON,
BS8-117,BS8,117,Healer Cookie 1,BOOSTER PACK [Land of Fire & Ruin Realm of Apathy],COOKIE,PURPLE,PURPLE MIX,1,3,,C,Not enough herbs,"【On Play】 If there are 15 cards or more in your trash, you can draw up to 1 card from your deck.",<{P}{N}> Plague Diagnosis deals 1,,0,0,0,BS8-117,0,"【On Play】 If there are 15 cards or more in your trash, you can draw up to 1 card from your deck.
<{P}{N}> Plague Diagnosis deals 1",,COMMON,
BS8-116,BS8,116,Milk Cookie,BOOSTER PACK [Land of Fire & Ruin Realm of Apathy],COOKIE,PURPLE,PURPLE,1,3,,U,Noble Protection,"【Blocker】 <{P}> (When one of your opponent's Cookies attacks, you can redirect the attack to this Cookie.)",<{P}{P}{P}> Noble Resolution deals 2,,0,0,0,BS8-116,0,"【Blocker】 <{P}> (When one of your opponent's Cookies attacks, you can redirect the attack to this Cookie.)
<{P}{P}{P}> Noble Resolution deals 2",,UNCOMMON,
BS8-115,BS8,115,Young Milk Villager Cookie,BOOSTER PACK [Land of Fire & Ruin Realm of Apathy],COOKIE,PURPLE,PURPLE,1,2,,C,Welcoming Guests,"【On Play】 If there are 5 cards or less in your trash, this Cookie gains +1 HP.",<{P}{P}> Have some milk and cheer up! deals 2,,0,0,0,BS8-115,0,"【On Play】 If there are 5 cards or less in your trash, this Cookie gains +1 HP.
<{P}{P}> Have some milk and cheer up! deals 2",,COMMON,
BS8-114,BS8,114,Old Milk Villager Cookie,BOOSTER PACK [Land of Fire & Ruin Realm of Apathy],COOKIE,PURPLE,PURPLE,3,5,,C,A Glass of Warm Milk,"【On Play】 If there are 30 cards or more in your trash, return all cards from your trash to your deck and shuffle it. Then, this Cookie gains +1 HP.",<{P}{P}{P}> Milky Wisdom deals 3,,0,0,0,BS8-114,0,"【On Play】 If there are 30 cards or more in your trash, return all cards from your trash to your deck and shuffle it. Then, this Cookie gains +1 HP.
<{P}{P}{P}> Milky Wisdom deals 3",,COMMON,
BS8-113,BS8,113,Knight Cookie,BOOSTER PACK [Land of Fire & Ruin Realm of Apathy],COOKIE,PURPLE,PURPLE,1,2,,U,Prepare to Charge,"【Activate】 【Once Per Turn】 If there are 15 cards or more in your trash, set this Cookie as active.",<{P}> Short Sword Slash deals 1,,0,0,0,BS8-113,0,"【Activate】 【Once Per Turn】 If there are 15 cards or more in your trash, set this Cookie as active.
<{P}> Short Sword Slash deals 1",,UNCOMMON,
BS8-112@1,BS8,112@1,Espresso Cookie,BOOSTER PACK [Land of Fire & Ruin Realm of Apathy],COOKIE,PURPLE,PURPLE,1,2,,SEC,,,"<{P}{P}> Grinding deals 2

Then, <discard 1 card.> Play up to 1 Cookie that is LV.2 or higher from your trash.",,0,0,0,BS8-112,1,"<{P}{P}> Grinding deals 2

Then, <discard 1 card.> Play up to 1 Cookie that is LV.2 or higher from your trash.",,SECRET RARE,
BS8-112,BS8,112,Espresso Cookie,BOOSTER PACK [Land of Fire & Ruin Realm of Apathy],COOKIE,PURPLE,PURPLE,1,2,,R,,,"<{P}{P}> Grinding deals 2

Then, <discard 1 card.> Play up to 1 Cookie that is LV.2 or higher from your trash.",,0,0,0,BS8-112,0,"<{P}{P}> Grinding deals 2

Then, <discard 1 card.> Play up to 1 Cookie that is LV.2 or higher from your trash.",,RARE,
BS8-111,BS8,111,Onion Cookie,BOOSTER PACK [Land of Fire & Ruin Realm of Apathy],COOKIE,PURPLE,PURPLE,2,3,,C,Ghost at Home,【On Play】 <Discard 1 card.> Place up to 4 cards from the top of your deck into the trash.,<{P}{P}> Tear Burst deals 2,,0,0,0,BS8-111,0,"【On Play】 <Discard 1 card.> Place up to 4 cards from the top of your deck into the trash.
<{P}{P}> Tear Burst deals 2",,COMMON,
BS8-110,BS8,110,Affogato Cookie's Disciple,BOOSTER PACK [Land of Fire & Ruin Realm of Apathy],COOKIE,PURPLE,PURPLE MIX,1,2,,C,,,<{N}> Shadow Scheme deals 1,,0,0,0,BS8-110,0,<{N}> Shadow Scheme deals 1,,COMMON,
BS8-109,BS8,109,Affogato Cookie,BOOSTER PACK [Land of Fire & Ruin Realm of Apathy],COOKIE,PURPLE,PURPLE,1,2,,U,,,"<{P}{P}> Secret Trap deals 1

Then, select up to 1 of your opponent's LV.3 Cookies. Place up to 1 card from the top of that Cookie's HP into the trash.",,0,0,0,BS8-109,0,"<{P}{P}> Secret Trap deals 1

Then, select up to 1 of your opponent's LV.3 Cookies. Place up to 1 card from the top of that Cookie's HP into the trash.",,UNCOMMON,
BS8-108,BS8,108,Blackberry Cookie,BOOSTER PACK [Land of Fire & Ruin Realm of Apathy],COOKIE,PURPLE,PURPLE,3,5,,C,,,"<{P}{P}> Ghost Servants deals 1

Then, select up to 1 of your opponent's Cookies that is LV.2 or lower. Place up to 1 card from the top of that Cookie's HP into the trash.",,0,0,0,BS8-108,0,"<{P}{P}> Ghost Servants deals 1

Then, select up to 1 of your opponent's Cookies that is LV.2 or lower. Place up to 1 card from the top of that Cookie's HP into the trash.",,COMMON,
BS8-107,BS8,107,Wizard Cookie,BOOSTER PACK [Land of Fire & Ruin Realm of Apathy],COOKIE,PURPLE,PURPLE,2,4,,C,Dark Magic Circle,【Activate】 【Once Per Turn】 <Discard 1 {P} Item card from your hand.> Select up to 1 of your opponent's Cookies. Place 1 card from the top of that Cookie's HP into the trash.,<{P}{P}{P}> Fantastical Magic deals 2,,0,0,0,BS8-107,0,"【Activate】 【Once Per Turn】 <Discard 1 {P} Item card from your hand.> Select up to 1 of your opponent's Cookies. Place 1 card from the top of that Cookie's HP into the trash.
<{P}{P}{P}> Fantastical Magic deals 2",,COMMON,
BS8-106,BS8,106,Lilac Cookie,BOOSTER PACK [Land of Fire & Ruin Realm of Apathy],COOKIE,PURPLE,PURPLE,2,3,,U,,,"<{P}> Mirage Strike deals 1

Then, <discard 1 card.> Place this Cookie in the trash.",,0,0,0,BS8-106,0,"<{P}> Mirage Strike deals 1

Then, <discard 1 card.> Place this Cookie in the trash.",,UNCOMMON,
BS8-105,BS8,105,Strawberry Cookie,BOOSTER PACK [Land of Fire & Ruin Realm of Apathy],COOKIE,PURPLE,PURPLE MIX,1,2,,C,,,<{N}{N}> How about these clothes...? deals 2,,0,0,0,BS8-105,0,<{N}{N}> How about these clothes...? deals 2,,COMMON,
BS8-104@2,BS8,104@2,Dark Cacao Cookie,BOOSTER PACK [Land of Fire & Ruin Realm of Apathy],EXTRA,PURPLE,PURPLE,3,+2,Ancient,EXR,No retreat!,"【EXTRA】During this turn, if [Dark Cacao Cookie] was played from your trash, you can 【Awaken】 that Cookie.

【On Play】 <Discard 1 card.> Return up to 1 {P} card from your trash to your hand.","<{P}{P}{P}{P}> Dragon Lord's Judgment deals 4

Then, select up to 1 of your opponent's Cookies. Place 1 card from the top of that Cookie's HP into the trash.",,0,0,1,BS8-104,1,"【EXTRA】During this turn, if [Dark Cacao Cookie] was played from your trash, you can 【Awaken】 that Cookie.

【On Play】 <Discard 1 card.> Return up to 1 {P} card from your trash to your hand.
<{P}{P}{P}{P}> Dragon Lord's Judgment deals 4

Then, select up to 1 of your opponent's Cookies. Place 1 card from the top of that Cookie's HP into the trash.",,EXTRA RARE,
BS8-104@1,BS8,104@1,Dark Cacao Cookie,BOOSTER PACK [Land of Fire & Ruin Realm of Apathy],EXTRA,PURPLE,PURPLE,3,+2,Ancient,SUR,No retreat!,"【EXTRA】During this turn, if [Dark Cacao Cookie] was played from your trash, you can 【Awaken】 that Cookie.

【On Play】 <Discard 1 card.> Return up to 1 {P} card from your trash to your hand.","<{P}{P}{P}{P}> Dragon Lord's Judgment deals 4

Then, select up to 1 of your opponent's Cookies. Place 1 card from the top of that Cookie's HP into the trash.",,0,0,1,BS8-104,1,"【EXTRA】During this turn, if [Dark Cacao Cookie] was played from your trash, you can 【Awaken】 that Cookie.

【On Play】 <Discard 1 card.> Return up to 1 {P} card from your trash to your hand.
<{P}{P}{P}{P}> Dragon Lord's Judgment deals 4

Then, select up to 1 of your opponent's Cookies. Place 1 card from the top of that Cookie's HP into the trash.",,SECRET ULTRA RARE,
BS8-104,BS8,104,Dark Cacao Cookie,BOOSTER PACK [Land of Fire & Ruin Realm of Apathy],EXTRA,PURPLE,PURPLE,3,+2,Ancient,UR,No retreat!,"【EXTRA】During this turn, if [Dark Cacao Cookie] was played from your trash, you can 【Awaken】 that Cookie.

【On Play】 <Discard 1 card.> Return up to 1 {P} card from your trash to your hand.","<{P}{P}{P}{P}> Dragon Lord's Judgment deals 4

Then, select up to 1 of your opponent's Cookies. Place 1 card from the top of that Cookie's HP into the trash.",,0,0,1,BS8-104,0,"【EXTRA】During this turn, if [Dark Cacao Cookie] was played from your trash, you can 【Awaken】 that Cookie.

【On Play】 <Discard 1 card.> Return up to 1 {P} card from your trash to your hand.
<{P}{P}{P}{P}> Dragon Lord's Judgment deals 4

Then, select up to 1 of your opponent's Cookies. Place 1 card from the top of that Cookie's HP into the trash.",,ULTRA RARE,
BS8-103@2,BS8,103@2,Dark Cacao Cookie,BOOSTER PACK [Land of Fire & Ruin Realm of Apathy],COOKIE,PURPLE,PURPLE,2,4,,R,No retreat!,"When this Cookie is played from the trash, <can be used as {P}.> Place 1 card from the top of each of your opponent's Cookies' HP into the trash.",<{P}{P}{P}> Dark Blade deals 3,,0,0,0,BS8-103,1,"When this Cookie is played from the trash, <can be used as {P}.> Place 1 card from the top of each of your opponent's Cookies' HP into the trash.
<{P}{P}{P}> Dark Blade deals 3",,RARE,
BS8-103@1,BS8,103@1,Dark Cacao Cookie,BOOSTER PACK [Land of Fire & Ruin Realm of Apathy],COOKIE,PURPLE,PURPLE,2,4,,SEC,No retreat!,"When this Cookie is played from the trash, <can be used as {P}.> Place 1 card from the top of each of your opponent's Cookies' HP into the trash.",<{P}{P}{P}> Dark Blade deals 3,,0,0,0,BS8-103,1,"When this Cookie is played from the trash, <can be used as {P}.> Place 1 card from the top of each of your opponent's Cookies' HP into the trash.
<{P}{P}{P}> Dark Blade deals 3",,SECRET RARE,
BS8-102,BS8,102,Dark Cacao Adviser 2,BOOSTER PACK [Land of Fire & Ruin Realm of Apathy],FLIP,PURPLE,PURPLE,3,3,,C,,,<{P}{P}{P}> Attack Order deals 3,Draw up to 1 card from your deck.,0,0,0,BS8-102,0,"<{P}{P}{P}> Attack Order deals 3
Draw up to 1 card from your deck.",,COMMON,
BS8-101,BS8,101,Dark Cacao Adviser 1,BOOSTER PACK [Land of Fire & Ruin Realm of Apathy],FLIP,PURPLE,PURPLE,2,2,,C,,,<{P}{P}> Defense Order deals 2,<Discard 1 card.> The Cookie with this card attached for HP gains +1 HP.,0,0,0,BS8-101,0,"<{P}{P}> Defense Order deals 2
<Discard 1 card.> The Cookie with this card attached for HP gains +1 HP.",,COMMON,
BS8-100@1,BS8,100@1,Snowfall Lantern Tree,PROMOTION CARD,STAGE,BLUE,BLUE,,,,P,,"<{B}> Place in your stage area.

【Activate】 <{B}> <Place this card in the trash.> Discard any number of {B} cards from your hand. Then, draw as many cards from your deck as you discarded.",,,0,0,0,BS8-100,1,"<{B}> Place in your stage area.

【Activate】 <{B}> <Place this card in the trash.> Discard any number of {B} cards from your hand. Then, draw as many cards from your deck as you discarded.",,PROMOTION,
BS8-100,BS8,100,Snowfall Lantern Tree,BOOSTER PACK [Land of Fire & Ruin Realm of Apathy],STAGE,BLUE,BLUE,,,,U,,"<{B}> Place in your stage area.

【Activate】 <{B}> <Place this card in the trash.> Discard any number of {B} cards from your hand. Then, draw as many cards from your deck as you discarded.",,,0,0,0,BS8-100,0,"<{B}> Place in your stage area.

【Activate】 <{B}> <Place this card in the trash.> Discard any number of {B} cards from your hand. Then, draw as many cards from your deck as you discarded.",,UNCOMMON,
BS8-099,BS8,099,Frozen Mountain Depths,BOOSTER PACK [Land of Fire & Ruin Realm of Apathy],STAGE,BLUE,BLUE,,,,U,,"<{B}> Place in your stage area.

【Activate】 <{B}{B}> <Rest this card.> If there are 3 rested Cookies or more in the battle area, draw up to 3 cards from your deck.",,,0,0,0,BS8-099,0,"<{B}> Place in your stage area.

【Activate】 <{B}{B}> <Rest this card.> If there are 3 rested Cookies or more in the battle area, draw up to 3 cards from your deck.",,UNCOMMON,
BS8-098,BS8,098,Warmth of the Snowfield,BOOSTER PACK [Land of Fire & Ruin Realm of Apathy],TRAP,BLUE,BLUE,,,,U,,"<{B}{B}> Select up to 1 of your opponent's Cookies. During this turn, that Cookie deals -2 attack damage. Then, <can be used as {B}.> If there are 2 cards or less in your hand, draw up to 3 cards from your deck.",,,0,0,0,BS8-098,0,"<{B}{B}> Select up to 1 of your opponent's Cookies. During this turn, that Cookie deals -2 attack damage. Then, <can be used as {B}.> If there are 2 cards or less in your hand, draw up to 3 cards from your deck.",,UNCOMMON,
BS8-097,BS8,097,Heartfelt Light,BOOSTER PACK [Land of Fire & Ruin Realm of Apathy],ITEM,BLUE,BLUE,,,,U,,"<{B}> If there are 2 cards or less in your hand, select up to 1 of your Cookies that is LV.2 or lower. That Cookie gains +1 HP.",,,0,0,0,BS8-097,0,"<{B}> If there are 2 cards or less in your hand, select up to 1 of your Cookies that is LV.2 or lower. That Cookie gains +1 HP.",,UNCOMMON,
BS8-096,BS8,096,Warm Wind Flower,BOOSTER PACK [Land of Fire & Ruin Realm of Apathy],ITEM,BLUE,BLUE,,,,U,,"<{B}{B}> If there are 2 cards or less in your hand, draw up to 4 cards from your deck.",,,0,0,0,BS8-096,0,"<{B}{B}> If there are 2 cards or less in your hand, draw up to 4 cards from your deck.",,UNCOMMON,
BS8-095,BS8,095,Herb Cookie,BOOSTER PACK [Land of Fire & Ruin Realm of Apathy],COOKIE,BLUE,BLUE MIX,1,3,,C,Let's try harder next time,"When this Cookie faints, <discard 1 card.> Select up to 1 of your Cookies. That Cookie gains +1 HP.",<{B}{N}> We can do it! deals 1,,0,0,0,BS8-095,0,"When this Cookie faints, <discard 1 card.> Select up to 1 of your Cookies. That Cookie gains +1 HP.
<{B}{N}> We can do it! deals 1",,COMMON,
BS8-094,BS8,094,Pancake Cookie,BOOSTER PACK [Land of Fire & Ruin Realm of Apathy],COOKIE,BLUE,BLUE MIX,2,5,,C,,,<{B}{B}{N}{N}> Take an Acorn! deals 3,,0,0,0,BS8-094,0,<{B}{B}{N}{N}> Take an Acorn! deals 3,,COMMON,
BS8-093,BS8,093,Cocoa Cookie,BOOSTER PACK [Land of Fire & Ruin Realm of Apathy],FLIP,BLUE,BLUE,1,1,,C,,,<{B}> Cup of Hot Cocoa deals 1,<Discard 1 card.> The Cookie with this card attached for HP gains +1 HP.,0,0,0,BS8-093,0,"<{B}> Cup of Hot Cocoa deals 1
<Discard 1 card.> The Cookie with this card attached for HP gains +1 HP.",,COMMON,
BS8-092,BS8,092,Angel Cookie,BOOSTER PACK [Land of Fire & Ruin Realm of Apathy],COOKIE,BLUE,BLUE,1,1,,C,Kind Faith,"【Activate】 If there is 1 card or less in your hand, place this Cookie on the bottom of your deck.",<{B}> Blessed Light deals 1,,0,0,0,BS8-092,0,"【Activate】 If there is 1 card or less in your hand, place this Cookie on the bottom of your deck.
<{B}> Blessed Light deals 1",,COMMON,
BS8-091,BS8,091,Tiger Lily Cookie,BOOSTER PACK [Land of Fire & Ruin Realm of Apathy],COOKIE,BLUE,BLUE MIX,1,2,,C,,,<{N}{N}> Ice Spear deals 2,,0,0,0,BS8-091,0,<{N}{N}> Ice Spear deals 2,,COMMON,
BS8-090@1,BS8,090@1,Will of Nature,BOOSTER PACK [Land of Fire & Ruin Realm of Apathy],EXTRA,BLUE,BLUE,3,5,,SUR,Ring of Life,"【EXTRA】Can be played if there are 2 cards or less in your hand.

【On Play】 Return up to 1 {B} Cookie that is LV.2 or lower from your battle area to your hand.","<{B}{B}{B}> Echoes of Nature deals 3

Then, draw up to 2 cards from your deck.",,0,0,1,BS8-090,1,"【EXTRA】Can be played if there are 2 cards or less in your hand.

【On Play】 Return up to 1 {B} Cookie that is LV.2 or lower from your battle area to your hand.
<{B}{B}{B}> Echoes of Nature deals 3

Then, draw up to 2 cards from your deck.",,SECRET ULTRA RARE,
BS8-090,BS8,090,Will of Nature,BOOSTER PACK [Land of Fire & Ruin Realm of Apathy],EXTRA,BLUE,BLUE,3,5,,UR,Ring of Life,"【EXTRA】Can be played if there are 2 cards or less in your hand.

【On Play】 Return up to 1 {B} Cookie that is LV.2 or lower from your battle area to your hand.","<{B}{B}{B}> Echoes of Nature deals 3

Then, draw up to 2 cards from your deck.",,0,0,1,BS8-090,0,"【EXTRA】Can be played if there are 2 cards or less in your hand.

【On Play】 Return up to 1 {B} Cookie that is LV.2 or lower from your battle area to your hand.
<{B}{B}{B}> Echoes of Nature deals 3

Then, draw up to 2 cards from your deck.",,ULTRA RARE,
BS8-089,BS8,089,Carol Cookie,BOOSTER PACK [Land of Fire & Ruin Realm of Apathy],COOKIE,BLUE,BLUE,2,3,,U,Divine Chord,【Activate】 【Once Per Turn】 <Discard 1 card.> Select up to 1 of your opponent's LV.1 Cookies. That Cookie receives 1 damage.,<{B}{B}> Romantic Melody deals 2,,0,0,0,BS8-089,0,"【Activate】 【Once Per Turn】 <Discard 1 card.> Select up to 1 of your opponent's LV.1 Cookies. That Cookie receives 1 damage.
<{B}{B}> Romantic Melody deals 2",,UNCOMMON,
BS8-088,BS8,088,Milk Cookie,BOOSTER PACK [Land of Fire & Ruin Realm of Apathy],COOKIE,BLUE,BLUE,3,5,,C,Noble Protection,"【Activate】 【Once Per Turn】 <{B}> If there are 5 cards or less in your hand, set this Cookie as active.",<{B}{B}{B}> Solid Snowflake Shield deals 3,,0,0,0,BS8-088,0,"【Activate】 【Once Per Turn】 <{B}> If there are 5 cards or less in your hand, set this Cookie as active.
<{B}{B}{B}> Solid Snowflake Shield deals 3",,COMMON,
BS8-087,BS8,087,Starfruit Cookie,BOOSTER PACK [Land of Fire & Ruin Realm of Apathy],COOKIE,BLUE,BLUE,1,3,,C,Ice Star of the Snowy Peak,【On Play】 <{B}> <Return 1 other {B} LV.1 Cookie from your battle area to your hand.> Place up to 1 of your opponent's LV.1 Cookies from their battle area on the bottom of their deck.,<{B}{B}> Ice Meteor deals 1,,0,0,0,BS8-087,0,"【On Play】 <{B}> <Return 1 other {B} LV.1 Cookie from your battle area to your hand.> Place up to 1 of your opponent's LV.1 Cookies from their battle area on the bottom of their deck.
<{B}{B}> Ice Meteor deals 1",,COMMON,
BS8-086,BS8,086,Cream Puff Cookie,BOOSTER PACK [Land of Fire & Ruin Realm of Apathy],COOKIE,BLUE,BLUE,2,4,,C,Sweet Choux,【On Play】 Draw up to 1 card from your deck.,<{B}{B}{B}> Snowflake Whirlwind Magic deals 3,,0,0,0,BS8-086,0,"【On Play】 Draw up to 1 card from your deck.
<{B}{B}{B}> Snowflake Whirlwind Magic deals 3",,COMMON,
BS8-085,BS8,085,Pinecone Cookie,BOOSTER PACK [Land of Fire & Ruin Realm of Apathy],COOKIE,BLUE,BLUE,2,3,,U,Power of the Forest,【Activate】 【Once Per Turn】 <Discard 2 cards.> Select up to 1 of your opponent's Cookies with 1 HP remaining. Make that Cookie faint.,<{B}{B}> Danger Pine Cone deals 2,,0,0,0,BS8-085,0,"【Activate】 【Once Per Turn】 <Discard 2 cards.> Select up to 1 of your opponent's Cookies with 1 HP remaining. Make that Cookie faint.
<{B}{B}> Danger Pine Cone deals 2",,UNCOMMON,
BS8-084@1,BS8,084@1,Sherbet Cookie,BOOSTER PACK [Land of Fire & Ruin Realm of Apathy],COOKIE,BLUE,BLUE MIX,2,5,,SSR,Hibernating Winter,"If this Cookie is rested in the battle area, your opponent cannot attack without discarding 1 card from their hand.","<{B}{B}{N}> Frost Shards deals 2

Then, if there are 3 cards or less in your hand, draw up to 1 card from your deck.",,0,0,0,BS8-084,1,"If this Cookie is rested in the battle area, your opponent cannot attack without discarding 1 card from their hand.
<{B}{B}{N}> Frost Shards deals 2

Then, if there are 3 cards or less in your hand, draw up to 1 card from your deck.",,SECRET SUPER RARE,
BS8-084,BS8,084,Sherbet Cookie,BOOSTER PACK [Land of Fire & Ruin Realm of Apathy],COOKIE,BLUE,BLUE MIX,2,5,,SR,Hibernating Winter,"If this Cookie is rested in the battle area, your opponent cannot attack without discarding 1 card from their hand.","<{B}{B}{N}> Frost Shards deals 2

Then, if there are 3 cards or less in your hand, draw up to 1 card from your deck.",,0,0,0,BS8-084,0,"If this Cookie is rested in the battle area, your opponent cannot attack without discarding 1 card from their hand.
<{B}{B}{N}> Frost Shards deals 2

Then, if there are 3 cards or less in your hand, draw up to 1 card from your deck.",,SUPER RARE,
BS8-083@2,BS8,083@2,Frost Queen Cookie,BOOSTER PACK [Land of Fire & Ruin Realm of Apathy],FLIP,,Blue,3,5,,SUR,,,"Freezing Aura

【On Play】 <{B}> Select up to 1 of your opponent's Cookies. That Cookie is not set as active during your opponent's next Active Phase.

<{B}{B}{B}> I will freeze your very breath! deals 3
Then, you can draw cards from your deck until there are 3 cards in your hand.",,0,0,0,BS8-083,1,"Freezing Aura

【On Play】 <{B}> Select up to 1 of your opponent's Cookies. That Cookie is not set as active during your opponent's next Active Phase.

<{B}{B}{B}> I will freeze your very breath! deals 3
Then, you can draw cards from your deck until there are 3 cards in your hand.",,SECRET ULTRA RARE,
BS8-083,BS8,083,Frost Queen Cookie,BOOSTER PACK [Land of Fire & Ruin Realm of Apathy],COOKIE,BLUE,BLUE,3,5,,UR,Freezing Aura,【On Play】 <{B}> Select up to 1 of your opponent's Cookies. That Cookie is not set as active during your opponent's next Active Phase.,"<{B}{B}{B}> I will freeze your very breath! deals 3

Then, you can draw cards from your deck until there are 3 cards in your hand.",,0,0,0,BS8-083,0,"【On Play】 <{B}> Select up to 1 of your opponent's Cookies. That Cookie is not set as active during your opponent's next Active Phase.
<{B}{B}{B}> I will freeze your very breath! deals 3

Then, you can draw cards from your deck until there are 3 cards in your hand.",,ULTRA RARE,
BS8-082@1,BS8,082@1,Cotton Cookie,BOOSTER PACK [Land of Fire & Ruin Realm of Apathy],COOKIE,BLUE,BLUE,1,3,,SEC,Cozy Cotton,【Activate】 <Discard 2 cards.> <Place this Cookie on the bottom of the deck.> Select up to 1 of your {B} Cookies that is LV.2 or lower. That Cookie gains +1 HP.,<{B}{B}> Warming Lamplight deals 1,,0,0,0,BS8-082,1,"【Activate】 <Discard 2 cards.> <Place this Cookie on the bottom of the deck.> Select up to 1 of your {B} Cookies that is LV.2 or lower. That Cookie gains +1 HP.
<{B}{B}> Warming Lamplight deals 1",,SECRET RARE,
BS8-082,BS8,082,Cotton Cookie,BOOSTER PACK [Land of Fire & Ruin Realm of Apathy],COOKIE,BLUE,BLUE,1,3,,R,Cozy Cotton,【Activate】 <Discard 2 cards.> <Place this Cookie on the bottom of the deck.> Select up to 1 of your {B} Cookies that is LV.2 or lower. That Cookie gains +1 HP.,<{B}{B}> Warming Lamplight deals 1,,0,0,0,BS8-082,0,"【Activate】 <Discard 2 cards.> <Place this Cookie on the bottom of the deck.> Select up to 1 of your {B} Cookies that is LV.2 or lower. That Cookie gains +1 HP.
<{B}{B}> Warming Lamplight deals 1",,RARE,
BS8-081,BS8,081,Strawberry Cream Cookie,BOOSTER PACK [Land of Fire & Ruin Realm of Apathy],COOKIE,BLUE,BLUE,1,3,,U,Winter Night Forest Keeper,"【Blocker】 <{B}> (When one of your opponent's Cookies attacks, you can redirect the attack to this Cookie.)",<{B}{B}{B}> Sugar Fox Dash deals 2,,0,0,0,BS8-081,0,"【Blocker】 <{B}> (When one of your opponent's Cookies attacks, you can redirect the attack to this Cookie.)
<{B}{B}{B}> Sugar Fox Dash deals 2",,UNCOMMON,
BS8-080,BS8,080,Moon Rabbit Cookie,BOOSTER PACK [Land of Fire & Ruin Realm of Apathy],FLIP,BLUE,BLUE,3,3,,C,,,<{B}{B}{B}> Honey Rice Cake Jellies deals 3,Draw up to 1 card from your deck.,0,0,0,BS8-080,0,"<{B}{B}{B}> Honey Rice Cake Jellies deals 3
Draw up to 1 card from your deck.",,COMMON,
BS8-079,BS8,079,Snowflake Cookie,BOOSTER PACK [Land of Fire & Ruin Realm of Apathy],COOKIE,BLUE,BLUE,1,3,,C,Emergency Measures,【Activate】 <Discard 2 {B} cards from your hand.> <Place this Cookie on the bottom of the deck.> Select up to 1 of your opponent's LV.1 Cookies. That Cookie is not set as active during your opponent's next Active Phase.,<{B}{B}> Campfire deals 1,,0,0,0,BS8-079,0,"【Activate】 <Discard 2 {B} cards from your hand.> <Place this Cookie on the bottom of the deck.> Select up to 1 of your opponent's LV.1 Cookies. That Cookie is not set as active during your opponent's next Active Phase.
<{B}{B}> Campfire deals 1",,COMMON,
BS8-078@1,BS8,078@1,Snow Sugar Cookie,BOOSTER PACK [Land of Fire & Ruin Realm of Apathy],COOKIE,BLUE,BLUE,1,2,,SEC,Snow King,"【Activate】 If there are 3 cards or less in your hand, <place this Cookie on the bottom of the deck.> Play up to 1 {B} Cookie that is LV.2 or higher from your hand. Then, that Cookie gains +1 HP.",<{B}{B}> Rolling Snowballs deals 2,,0,0,0,BS8-078,1,"【Activate】 If there are 3 cards or less in your hand, <place this Cookie on the bottom of the deck.> Play up to 1 {B} Cookie that is LV.2 or higher from your hand. Then, that Cookie gains +1 HP.
<{B}{B}> Rolling Snowballs deals 2",,SECRET RARE,
BS8-078,BS8,078,Snow Sugar Cookie,BOOSTER PACK [Land of Fire & Ruin Realm of Apathy],COOKIE,BLUE,BLUE,1,2,,R,Snow King,"【Activate】 If there are 3 cards or less in your hand, <place this Cookie on the bottom of the deck.> Play up to 1 {B} Cookie that is LV.2 or higher from your hand. Then, that Cookie gains +1 HP.",<{B}{B}> Rolling Snowballs deals 2,,0,0,0,BS8-078,0,"【Activate】 If there are 3 cards or less in your hand, <place this Cookie on the bottom of the deck.> Play up to 1 {B} Cookie that is LV.2 or higher from your hand. Then, that Cookie gains +1 HP.
<{B}{B}> Rolling Snowballs deals 2",,RARE,
BS8-077,BS8,077,Kumiho Cookie,BOOSTER PACK [Land of Fire & Ruin Realm of Apathy],COOKIE,BLUE,BLUE,2,4,,C,Irresistable Charm,【On Play】 Place up to 1 of your opponent's LV.1 Cookies from their battle area on the bottom of their deck.,<{B}{B}> Flying Foxfire deals 1,,0,0,0,BS8-077,0,"【On Play】 Place up to 1 of your opponent's LV.1 Cookies from their battle area on the bottom of their deck.
<{B}{B}> Flying Foxfire deals 1",,COMMON,
BS8-076@1,BS8,076@1,Icicle Yeti Cookie,BOOSTER PACK [Land of Fire & Ruin Realm of Apathy],COOKIE,BLUE,BLUE,1,3,,SSR,,,"<{B}{B}> Frozen Icicles deals 1

Then, <place this Cookie on the bottom of your deck.> Draw 1 card from your deck and select up to 1 of your opponent's Cookies. During your opponent's next Active Phase, that Cookie is not set as active unless your opponent discards 2 cards from their hand.",,0,0,0,BS8-076,1,"<{B}{B}> Frozen Icicles deals 1

Then, <place this Cookie on the bottom of your deck.> Draw 1 card from your deck and select up to 1 of your opponent's Cookies. During your opponent's next Active Phase, that Cookie is not set as active unless your opponent discards 2 cards from their hand.",,SECRET SUPER RARE,
BS8-076,BS8,076,Icicle Yeti Cookie,BOOSTER PACK [Land of Fire & Ruin Realm of Apathy],COOKIE,BLUE,BLUE,1,3,,SR,,,"<{B}{B}> Frozen Icicles deals 1

Then, <place this Cookie on the bottom of your deck.> Draw 1 card from your deck and select up to 1 of your opponent's Cookies. During your opponent's next Active Phase, that Cookie is not set as active unless your opponent discards 2 cards from their hand.",,0,0,0,BS8-076,0,"<{B}{B}> Frozen Icicles deals 1

Then, <place this Cookie on the bottom of your deck.> Draw 1 card from your deck and select up to 1 of your opponent's Cookies. During your opponent's next Active Phase, that Cookie is not set as active unless your opponent discards 2 cards from their hand.",,SUPER RARE,
BS8-075@1,BS8,075@1,The Ivory Pagoda,PROMOTION CARD,STAGE,GREEN,GREEN,,,,P,,"<{G}> Place in your stage area.

Players with 6 cards or more in their support area have all their attack costs increased by 1 {N}.",,,0,0,0,BS8-075,1,"<{G}> Place in your stage area.

Players with 6 cards or more in their support area have all their attack costs increased by 1 {N}.",,PROMOTION,
BS8-075,BS8,075,The Ivory Pagoda,BOOSTER PACK [Land of Fire & Ruin Realm of Apathy],STAGE,GREEN,GREEN,,,,U,,"<{G}> Place in your stage area.

Players with 6 cards or more in their support area have all their attack costs increased by 1 {N}.",,,0,0,0,BS8-075,0,"<{G}> Place in your stage area.

Players with 6 cards or more in their support area have all their attack costs increased by 1 {N}.",,UNCOMMON,
BS8-074,BS8,074,White Flour Fog,BOOSTER PACK [Land of Fire & Ruin Realm of Apathy],TRAP,GREEN,GREEN,,,,U,,"If your support area has 2 or more cards less than your opponent's support area, the cost to activate this card is reduced by 1 {G}.
<{G}> Select up to 1 of your opponent's Cookies. During this turn, that Cookie deals -1 attack damage.",,,0,0,0,BS8-074,0,"If your support area has 2 or more cards less than your opponent's support area, the cost to activate this card is reduced by 1 {G}.
<{G}> Select up to 1 of your opponent's Cookies. During this turn, that Cookie deals -1 attack damage.",,UNCOMMON,
BS8-073,BS8,073,Noodle Cocoon,BOOSTER PACK [Land of Fire & Ruin Realm of Apathy],TRAP,GREEN,GREEN,,,,U,,"<{G}> Select up to 1 of your opponent's Cookies. During this turn, that Cookie deals -1 attack damage. Then, <can be used as {G}.> If there are less cards in your support area than your opponent's support area, your opponent rests 1 active card in their support area.",,,0,0,0,BS8-073,0,"<{G}> Select up to 1 of your opponent's Cookies. During this turn, that Cookie deals -1 attack damage. Then, <can be used as {G}.> If there are less cards in your support area than your opponent's support area, your opponent rests 1 active card in their support area.",,UNCOMMON,
BS8-072@1,BS8,072@1,Soul Jam: Light of Apathy,BOOSTER PACK [Land of Fire & Ruin Realm of Apathy],ITEM,GREEN,GREEN,,,,SSR,,"<{G}{G}> If there are less cards in your support area than your opponent's support area, reveal up to 2 cards from the top of your deck, place up to 1 of them in your support area as active, and place the rest in your support area as rested. Then, you can 【Equip】 this card to your [Mystic Flour Cookie]. That Cookie gains +1 HP.",,,0,0,0,BS8-072,1,"<{G}{G}> If there are less cards in your support area than your opponent's support area, reveal up to 2 cards from the top of your deck, place up to 1 of them in your support area as active, and place the rest in your support area as rested. Then, you can 【Equip】 this card to your [Mystic Flour Cookie]. That Cookie gains +1 HP.",,SECRET SUPER RARE,
BS8-072,BS8,072,Soul Jam: Light of Apathy,BOOSTER PACK [Land of Fire & Ruin Realm of Apathy],ITEM,GREEN,GREEN,,,,SR,,"<{G}{G}> If there are less cards in your support area than your opponent's support area, reveal up to 2 cards from the top of your deck, place up to 1 of them in your support area as active, and place the rest in your support area as rested. Then, you can 【Equip】 this card to your [Mystic Flour Cookie]. That Cookie gains +1 HP.",,,0,0,0,BS8-072,0,"<{G}{G}> If there are less cards in your support area than your opponent's support area, reveal up to 2 cards from the top of your deck, place up to 1 of them in your support area as active, and place the rest in your support area as rested. Then, you can 【Equip】 this card to your [Mystic Flour Cookie]. That Cookie gains +1 HP.",,SUPER RARE,
BS8-071,BS8,071,Peach Baos,BOOSTER PACK [Land of Fire & Ruin Realm of Apathy],ITEM,GREEN,GREEN,,,,U,,"<{G}> If there are less cards in your support area than your opponent's support area, select up to 1 of your Cookies with 3 or less HP remaining. That Cookie gains +1 HP.",,,0,0,0,BS8-071,0,"<{G}> If there are less cards in your support area than your opponent's support area, select up to 1 of your Cookies with 3 or less HP remaining. That Cookie gains +1 HP.",,UNCOMMON,
BS8-070,BS8,070,White Ghost Cookie,BOOSTER PACK [Land of Fire & Ruin Realm of Apathy],COOKIE,GREEN,GREEN MIX,1,3,,C,,,<{N}{N}> Spooky Surprise deals 1,,0,0,0,BS8-070,0,<{N}{N}> Spooky Surprise deals 1,,COMMON,
BS8-069@1,BS8,069@1,Peak of Apathy,BOOSTER PACK [Land of Fire & Ruin Realm of Apathy],EXTRA,GREEN,GREEN,2,4,,SUR,Red Eyes,"【EXTRA】Can be played if your support area has 2 or more cards less than your opponent's support area.

【On Play】 Place up to 1 {G} card from your trash into your support area as active.",<{G}{G}{G}> Open Palm Rock deals 3,,0,0,1,BS8-069,1,"【EXTRA】Can be played if your support area has 2 or more cards less than your opponent's support area.

【On Play】 Place up to 1 {G} card from your trash into your support area as active.
<{G}{G}{G}> Open Palm Rock deals 3",,SECRET ULTRA RARE,
BS8-069,BS8,069,Peak of Apathy,BOOSTER PACK [Land of Fire & Ruin Realm of Apathy],EXTRA,GREEN,GREEN,2,4,,UR,Red Eyes,"【EXTRA】Can be played if your support area has 2 or more cards less than your opponent's support area.

【On Play】 Place up to 1 {G} card from your trash into your support area as active.",<{G}{G}{G}> Open Palm Rock deals 3,,0,0,1,BS8-069,0,"【EXTRA】Can be played if your support area has 2 or more cards less than your opponent's support area.

【On Play】 Place up to 1 {G} card from your trash into your support area as active.
<{G}{G}{G}> Open Palm Rock deals 3",,ULTRA RARE,
BS8-068,BS8,068,Yugwa Cookie,BOOSTER PACK [Land of Fire & Ruin Realm of Apathy],COOKIE,GREEN,GREEN,1,2,,C,Justice is Served!,"When this Cookie faints, if there are less cards in your support area than your opponent's support area, your opponent rests 1 active card in their support area.",<{G}> Yugwa Tiger Pounce deals 1,,0,0,0,BS8-068,0,"When this Cookie faints, if there are less cards in your support area than your opponent's support area, your opponent rests 1 active card in their support area.
<{G}> Yugwa Tiger Pounce deals 1",,COMMON,
BS8-067@1,BS8,067@1,Oyster Cookie,BOOSTER PACK [Land of Fire & Ruin Realm of Apathy],COOKIE,GREEN,GREEN,1,2,,SEC,,,"<{G}{G}> Oyster Soldiers deals 2

Then, if there are less cards in your support area than your opponent's support area, place up to 1 card from the top of your deck in your support area as active.",,0,0,0,BS8-067,1,"<{G}{G}> Oyster Soldiers deals 2

Then, if there are less cards in your support area than your opponent's support area, place up to 1 card from the top of your deck in your support area as active.",,SECRET RARE,
BS8-067,BS8,067,Oyster Cookie,BOOSTER PACK [Land of Fire & Ruin Realm of Apathy],COOKIE,GREEN,GREEN,1,2,,R,,,"<{G}{G}> Oyster Soldiers deals 2

Then, if there are less cards in your support area than your opponent's support area, place up to 1 card from the top of your deck in your support area as active.",,0,0,0,BS8-067,0,"<{G}{G}> Oyster Soldiers deals 2

Then, if there are less cards in your support area than your opponent's support area, place up to 1 card from the top of your deck in your support area as active.",,RARE,
BS8-066@1,BS8,066@1,Almond Cookie,BOOSTER PACK [Land of Fire & Ruin Realm of Apathy],COOKIE,GREEN,GREEN,1,2,,SEC,Undercover Royal Inspector,【On Play】 <Place 1 card from your support area into the trash.> This Cookie gains +2 HP.,<{G}{G}> Handcuffing deals 2,,0,0,0,BS8-066,1,"【On Play】 <Place 1 card from your support area into the trash.> This Cookie gains +2 HP.
<{G}{G}> Handcuffing deals 2",,SECRET RARE,
BS8-066,BS8,066,Almond Cookie,BOOSTER PACK [Land of Fire & Ruin Realm of Apathy],COOKIE,GREEN,GREEN,1,2,,R,Undercover Royal Inspector,【On Play】 <Place 1 card from your support area into the trash.> This Cookie gains +2 HP.,<{G}{G}> Handcuffing deals 2,,0,0,0,BS8-066,0,"【On Play】 <Place 1 card from your support area into the trash.> This Cookie gains +2 HP.
<{G}{G}> Handcuffing deals 2",,RARE,
BS8-065,BS8,065,Spinach Cookie,BOOSTER PACK [Land of Fire & Ruin Realm of Apathy],COOKIE,GREEN,GREEN,1,2,,C,Pouch of Wishes,"【On Play】 If there are less cards in your support area than your opponent's support area, set up to 1 card from your support area as active.",<{G}> Carrot Jelly Creation deals 1,,0,0,0,BS8-065,0,"【On Play】 If there are less cards in your support area than your opponent's support area, set up to 1 card from your support area as active.
<{G}> Carrot Jelly Creation deals 1",,COMMON,
BS8-064,BS8,064,Snake Fruit Cookie,BOOSTER PACK [Land of Fire & Ruin Realm of Apathy],COOKIE,GREEN,GREEN,3,4,,C,Azure Serpent Sage,【On Play】 Set up to 2 cards from your support area as active.,<{G}{G}> Snake Army deals 2,,0,0,0,BS8-064,0,"【On Play】 Set up to 2 cards from your support area as active.
<{G}{G}> Snake Army deals 2",,COMMON,
BS8-063,BS8,063,Hydrangea Cookie,BOOSTER PACK [Land of Fire & Ruin Realm of Apathy],FLIP,GREEN,GREEN,2,2,,C,,,<{G}{G}> Tricolor Hydrangea deals 2,Draw up to 1 card from your deck.,0,0,0,BS8-063,0,"<{G}{G}> Tricolor Hydrangea deals 2
Draw up to 1 card from your deck.",,COMMON,
BS8-062,BS8,062,Shrimp Dumpling King,BOOSTER PACK [Land of Fire & Ruin Realm of Apathy],COOKIE,GREEN,GREEN,2,4,,U,Heavenly Blade,"【Activate】 【Once Per Turn】 If there are less cards in your support area than your opponent's support area, place up to 1 card from your hand in your support area as rested.",<{G}{G}{G}> Swing of Blade deals 3,,0,0,0,BS8-062,0,"【Activate】 【Once Per Turn】 If there are less cards in your support area than your opponent's support area, place up to 1 card from your hand in your support area as rested.
<{G}{G}{G}> Swing of Blade deals 3",,UNCOMMON,
BS8-061,BS8,061,Chives Dumpling King,BOOSTER PACK [Land of Fire & Ruin Realm of Apathy],COOKIE,GREEN,GREEN,1,2,,U,Enchanting Performance,"If your support area has 2 or more cards less than your opponent's support area, this Cookie gains +1 attack damage.",<{G}> Bitter Note deals 1,,0,0,0,BS8-061,0,"If your support area has 2 or more cards less than your opponent's support area, this Cookie gains +1 attack damage.
<{G}> Bitter Note deals 1",,UNCOMMON,
BS8-060@1,BS8,060@1,Peach Blossom Cookie,BOOSTER PACK [Land of Fire & Ruin Realm of Apathy],COOKIE,GREEN,GREEN,2,4,,SSR,Heavenly Fruit,"【Activate】 【Once Per Turn】 <Return 1 {G} card from your support area to your hand.> Select 1 of the following.
・ Select up to 1 of your Cookies. That Cookie gains +1 HP. 
・ Select up to 1 of your opponent's Cookies. That Cookie receives 1 damage.",<{G}{G}{G}> Petal Strike deals 3,,0,0,0,BS8-060,1,"【Activate】 【Once Per Turn】 <Return 1 {G} card from your support area to your hand.> Select 1 of the following.
・ Select up to 1 of your Cookies. That Cookie gains +1 HP. 
・ Select up to 1 of your opponent's Cookies. That Cookie receives 1 damage.
<{G}{G}{G}> Petal Strike deals 3",,SECRET SUPER RARE,
BS8-060,BS8,060,Peach Blossom Cookie,BOOSTER PACK [Land of Fire & Ruin Realm of Apathy],COOKIE,GREEN,GREEN,2,4,,SR,Heavenly Fruit,"【Activate】 【Once Per Turn】 <Return 1 {G} card from your support area to your hand.> Select 1 of the following.
・ Select up to 1 of your Cookies. That Cookie gains +1 HP. 
・ Select up to 1 of your opponent's Cookies. That Cookie receives 1 damage.",<{G}{G}{G}> Petal Strike deals 3,,0,0,0,BS8-060,0,"【Activate】 【Once Per Turn】 <Return 1 {G} card from your support area to your hand.> Select 1 of the following.
・ Select up to 1 of your Cookies. That Cookie gains +1 HP. 
・ Select up to 1 of your opponent's Cookies. That Cookie receives 1 damage.
<{G}{G}{G}> Petal Strike deals 3",,SUPER RARE,
BS8-059@2,BS8,059@2,Mystic Flour Cookie,promotion-card,COOKIE,GREEN,GREEN,3,6,BEAST,P,Pale Plague,"【Activate】 【Once Per Turn】 <{G}> <Return 2 {G} cards from your support area to your hand.> If another [Mystic Flour Cookie] is not in your battle area, place up to 2 cards from the top of each of your opponent's Cookies' HP into the trash.",<{G}{G}> Whispers of Apathy deals 1,,0,0,0,BS8-059,1,"【Activate】 【Once Per Turn】 <{G}> <Return 2 {G} cards from your support area to your hand.> If another [Mystic Flour Cookie] is not in your battle area, place up to 2 cards from the top of each of your opponent's Cookies' HP into the trash.
<{G}{G}> Whispers of Apathy deals 1",,PROMOTION,
BS8-059@1,BS8,059@1,Mystic Flour Cookie,BOOSTER PACK [Land of Fire & Ruin Realm of Apathy],COOKIE,GREEN,GREEN,3,6,,SUR,Pale Plague,"【Activate】 【Once Per Turn】 <{G}> <Return 2 {G} cards from your support area to your hand.> If another [Mystic Flour Cookie] is not in your battle area, place up to 2 cards from the top of each of your opponent's Cookies' HP into the trash.",<{G}{G}> Whispers of Apathy deals 1,,0,0,0,BS8-059,1,"【Activate】 【Once Per Turn】 <{G}> <Return 2 {G} cards from your support area to your hand.> If another [Mystic Flour Cookie] is not in your battle area, place up to 2 cards from the top of each of your opponent's Cookies' HP into the trash.
<{G}{G}> Whispers of Apathy deals 1",,SECRET ULTRA RARE,
BS8-059,BS8,059,Mystic Flour Cookie,BOOSTER PACK [Land of Fire & Ruin Realm of Apathy],COOKIE,GREEN,GREEN,3,6,,UR,Pale Plague,"【Activate】 【Once Per Turn】 <{G}> <Return 2 {G} cards from your support area to your hand.> If another [Mystic Flour Cookie] is not in your battle area, place up to 2 cards from the top of each of your opponent's Cookies' HP into the trash.",<{G}{G}> Whispers of Apathy deals 1,,0,0,0,BS8-059,0,"【Activate】 【Once Per Turn】 <{G}> <Return 2 {G} cards from your support area to your hand.> If another [Mystic Flour Cookie] is not in your battle area, place up to 2 cards from the top of each of your opponent's Cookies' HP into the trash.
<{G}{G}> Whispers of Apathy deals 1",,ULTRA RARE,
BS8-058,BS8,058,Flavorless Cookie,BOOSTER PACK [Land of Fire & Ruin Realm of Apathy],COOKIE,GREEN,GREEN MIX,3,5,,C,,,<{G}{G}{N}{N}> Broken Fist deals 4,,0,0,0,BS8-058,0,<{G}{G}{N}{N}> Broken Fist deals 4,,COMMON,
BS8-057,BS8,057,Vagabond Cookie,BOOSTER PACK [Land of Fire & Ruin Realm of Apathy],COOKIE,GREEN,GREEN,2,3,,C,Merry Groove,"【Activate】 【Once Per Turn】 If there are less cards in your support area than your opponent's support area, draw up to 1 card from your deck.",<{G}{G}> Cheerful Melody deals 2,,0,0,0,BS8-057,0,"【Activate】 【Once Per Turn】 If there are less cards in your support area than your opponent's support area, draw up to 1 card from your deck.
<{G}{G}> Cheerful Melody deals 2",,COMMON,
BS8-056,BS8,056,Spicy Dumpling King,BOOSTER PACK [Land of Fire & Ruin Realm of Apathy],COOKIE,GREEN,GREEN,1,3,,U,Burning Orb,"【Blocker】 <{G}> (When one of your opponent's Cookies attacks, you can redirect the attack to this Cookie.)",<{G}{G}{G}> Rolling Swing deals 2,,0,0,0,BS8-056,0,"【Blocker】 <{G}> (When one of your opponent's Cookies attacks, you can redirect the attack to this Cookie.)
<{G}{G}{G}> Rolling Swing deals 2",,UNCOMMON,
BS8-055,BS8,055,Bellflower Cookie,BOOSTER PACK [Land of Fire & Ruin Realm of Apathy],FLIP,GREEN,GREEN,3,3,,C,,,<{G}{G}{G}> Poorly Made Medicine deals 3,<Discard 1 card.> The Cookie with this card attached for HP gains +1 HP.,0,0,0,BS8-055,0,"<{G}{G}{G}> Poorly Made Medicine deals 3
<Discard 1 card.> The Cookie with this card attached for HP gains +1 HP.",,COMMON,
BS8-054,BS8,054,Leek Cookie,BOOSTER PACK [Land of Fire & Ruin Realm of Apathy],COOKIE,GREEN,GREEN,1,1,,C,,,"<{G}> Leek Blademaster deals 1

Then, if there are less cards in your support area than your opponent's support area, select up to 1 of your opponent's Cookies. That Cookie receives 1 damage.",,0,0,0,BS8-054,0,"<{G}> Leek Blademaster deals 1

Then, if there are less cards in your support area than your opponent's support area, select up to 1 of your opponent's Cookies. That Cookie receives 1 damage.",,COMMON,
BS8-053,BS8,053,Gim Cookie,BOOSTER PACK [Land of Fire & Ruin Realm of Apathy],COOKIE,GREEN,GREEN,2,3,,C,The Exorcist Arrives,【On Play】 Set up to 1 {G} card from your support area as active.,<{G}{G}> Spirit Banishment deals 2,,0,0,0,BS8-053,0,"【On Play】 Set up to 1 {G} card from your support area as active.
<{G}{G}> Spirit Banishment deals 2",,COMMON,
BS8-052@1,BS8,052@1,Cloud Haetae Cookie,BOOSTER PACK [Land of Fire & Ruin Realm of Apathy],COOKIE,GREEN,GREEN,1,2,,SSR,Haetae Charge,"【Activate】 If your support area has 2 or more cards less than your opponent's support area, <place this Cookie in the trash.> Place up to 2 {G} cards from your hand into your support area as rested.",<{G}> White Cloud Veil deals 1,,0,0,0,BS8-052,1,"【Activate】 If your support area has 2 or more cards less than your opponent's support area, <place this Cookie in the trash.> Place up to 2 {G} cards from your hand into your support area as rested.
<{G}> White Cloud Veil deals 1",,SECRET SUPER RARE,
BS8-052,BS8,052,Cloud Haetae Cookie,BOOSTER PACK [Land of Fire & Ruin Realm of Apathy],COOKIE,GREEN,GREEN,1,2,,SR,Haetae Charge,"【Activate】 If your support area has 2 or more cards less than your opponent's support area, <place this Cookie in the trash.> Place up to 2 {G} cards from your hand into your support area as rested.",<{G}> White Cloud Veil deals 1,,0,0,0,BS8-052,0,"【Activate】 If your support area has 2 or more cards less than your opponent's support area, <place this Cookie in the trash.> Place up to 2 {G} cards from your hand into your support area as rested.
<{G}> White Cloud Veil deals 1",,SUPER RARE,
BS8-051,BS8,051,Meat Dumpling King,BOOSTER PACK [Land of Fire & Ruin Realm of Apathy],COOKIE,GREEN,GREEN,1,2,,C,Dumpling Master Summoning,"When this Cookie faints, play up to 1 Cookie from your support area.",<{G}{G}> Heavenly Punch deals 1,,0,0,0,BS8-051,0,"When this Cookie faints, play up to 1 Cookie from your support area.
<{G}{G}> Heavenly Punch deals 1",,COMMON,
BS8-050@1,BS8,050@1,City of Eternal Gold,PROMOTION CARD,STAGE,YELLOW,YELLOW,,,,P,,"<{Y}> Place in your stage area.

【Activate】 <Rest this card.> Select up to 1 LV.3 Cookie that was played from your break area during this turn. That Cookie gains +1 HP. Then, if that Cookie's remaining HP is 2, it gains an additional +1 HP.",,,0,0,0,BS8-050,1,"<{Y}> Place in your stage area.

【Activate】 <Rest this card.> Select up to 1 LV.3 Cookie that was played from your break area during this turn. That Cookie gains +1 HP. Then, if that Cookie's remaining HP is 2, it gains an additional +1 HP.",,PROMOTION,
BS8-050,BS8,050,City of Eternal Gold,BOOSTER PACK [Land of Fire & Ruin Realm of Apathy],STAGE,YELLOW,YELLOW,,,,U,,"<{Y}> Place in your stage area.

【Activate】 <Rest this card.> Select up to 1 LV.3 Cookie that was played from your break area during this turn. That Cookie gains +1 HP. Then, if that Cookie's remaining HP is 2, it gains an additional +1 HP.",,,0,0,0,BS8-050,0,"<{Y}> Place in your stage area.

【Activate】 <Rest this card.> Select up to 1 LV.3 Cookie that was played from your break area during this turn. That Cookie gains +1 HP. Then, if that Cookie's remaining HP is 2, it gains an additional +1 HP.",,UNCOMMON,
BS8-049,BS8,049,Simmering Lassi Springs,BOOSTER PACK [Land of Fire & Ruin Realm of Apathy],STAGE,YELLOW,YELLOW,,,,U,,"<{Y}{Y}> Place in your stage area.

【Activate】 <{Y}> <Rest this card.> Select up to 1 of your Cookies with 1 HP remaining. That Cookie gains +1 HP.",,,0,0,0,BS8-049,0,"<{Y}{Y}> Place in your stage area.

【Activate】 <{Y}> <Rest this card.> Select up to 1 of your Cookies with 1 HP remaining. That Cookie gains +1 HP.",,UNCOMMON,
BS8-048,BS8,048,Kulfi Legends,BOOSTER PACK [Land of Fire & Ruin Realm of Apathy],TRAP,YELLOW,YELLOW,,,,U,,"<{Y}> If your break area is LV.3 or higher, return up to 1 [Soul Jam: Light of Destruction] or [Soul Jam: Light of Abundance] from your trash to your hand.",,,0,0,0,BS8-048,0,"<{Y}> If your break area is LV.3 or higher, return up to 1 [Soul Jam: Light of Destruction] or [Soul Jam: Light of Abundance] from your trash to your hand.",,UNCOMMON,
BS8-047,BS8,047,Puny Strength,BOOSTER PACK [Land of Fire & Ruin Realm of Apathy],ITEM,YELLOW,YELLOW,,,,U,,"<{Y}> <Reveal 1 LV.3 Cookie in your hand.> Play up to 1 {Y} LV.3 Cookie from your break area. Then, place the revealed Cookie in your break area.",,,0,0,0,BS8-047,0,"<{Y}> <Reveal 1 LV.3 Cookie in your hand.> Play up to 1 {Y} LV.3 Cookie from your break area. Then, place the revealed Cookie in your break area.",,UNCOMMON,
BS8-046,BS8,046,Surprise! Lassi Jar,BOOSTER PACK [Land of Fire & Ruin Realm of Apathy],ITEM,YELLOW,YELLOW,,,,U,,<{Y}> Select up to 1 of your Cookies with 1 HP remaining. That Cookie gains +1 HP.,,,0,0,0,BS8-046,0,<{Y}> Select up to 1 of your Cookies with 1 HP remaining. That Cookie gains +1 HP.,,UNCOMMON,
BS8-045,BS8,045,Habanero Cookie,BOOSTER PACK [Land of Fire & Ruin Realm of Apathy],COOKIE,YELLOW,YELLOW,2,4,,C,,,"<{Y}{Y}> Melon Stone Axe deals 3

Then, if your break area is LV.6 or lower, place this Cookie in the break area.",,0,0,0,BS8-045,0,"<{Y}{Y}> Melon Stone Axe deals 3

Then, if your break area is LV.6 or lower, place this Cookie in the break area.",,COMMON,
BS8-044,BS8,044,Pistachio Cookie,BOOSTER PACK [Land of Fire & Ruin Realm of Apathy],COOKIE,YELLOW,YELLOW,1,3,,U,Heavy Armor,"【Blocker】 <{Y}> (When one of your opponent's Cookies attacks, you can redirect the attack to this Cookie.)",<{Y}{Y}{Y}> Sacred Dash deals 2,,0,0,0,BS8-044,0,"【Blocker】 <{Y}> (When one of your opponent's Cookies attacks, you can redirect the attack to this Cookie.)
<{Y}{Y}{Y}> Sacred Dash deals 2",,UNCOMMON,
BS8-043,BS8,043,Fettuccine Cookie,BOOSTER PACK [Land of Fire & Ruin Realm of Apathy],COOKIE,YELLOW,YELLOW,1,2,,C,Pasta Pieces,"【Activate】 【Once Per Turn】 <{Y}> During this turn, if a LV.3 Cookie has been played from your break area, that Cookie gains +1 HP.",<{Y}> Curse of the Mummy deals 1,,0,0,0,BS8-043,0,"【Activate】 【Once Per Turn】 <{Y}> During this turn, if a LV.3 Cookie has been played from your break area, that Cookie gains +1 HP.
<{Y}> Curse of the Mummy deals 1",,COMMON,
BS8-042,BS8,042,Adventurer Cookie,BOOSTER PACK [Land of Fire & Ruin Realm of Apathy],COOKIE,YELLOW,YELLOW,1,2,,C,Rope Master,"When this Cookie is played from the break area, select up to 1 card in your opponent's support area. That card is not set as active during your opponent's next Active Phase.",<{Y}{Y}> Rope Knot deals 2,,0,0,0,BS8-042,0,"When this Cookie is played from the break area, select up to 1 card in your opponent's support area. That card is not set as active during your opponent's next Active Phase.
<{Y}{Y}> Rope Knot deals 2",,COMMON,
BS8-041,BS8,041,Elder Kulfi,BOOSTER PACK [Land of Fire & Ruin Realm of Apathy],FLIP,YELLOW,YELLOW,2,2,,C,,,<{Y}{Y}> Earnest Wishes deals 2,Draw up to 1 card from your deck.,0,0,0,BS8-041,0,"<{Y}{Y}> Earnest Wishes deals 2
Draw up to 1 card from your deck.",,COMMON,
BS8-040,BS8,040,Cheesecake Cookie,BOOSTER PACK [Land of Fire & Ruin Realm of Apathy],COOKIE,YELLOW,YELLOW,1,2,,U,,,"<{Y}> Party for the Winner deals 1

Then, if your break area is LV.3 or higher, draw 1 card from your deck and discard 1 card.",,0,0,0,BS8-040,0,"<{Y}> Party for the Winner deals 1

Then, if your break area is LV.3 or higher, draw 1 card from your deck and discard 1 card.",,UNCOMMON,
BS8-039,BS8,039,Shelly,BOOSTER PACK [Land of Fire & Ruin Realm of Apathy],COOKIE,YELLOW,YELLOW,3,4,,C,Delicious Smell,【Activate】 【Once Per Turn】 <Place 1 LV.2 Cookie from your hand into the break area.> Play up to 1 Cookie that is LV.2 or lower from your break area.,<{Y}{Y}{Y}> Cheese Trap deals 3,,0,0,0,BS8-039,0,"【Activate】 【Once Per Turn】 <Place 1 LV.2 Cookie from your hand into the break area.> Play up to 1 Cookie that is LV.2 or lower from your break area.
<{Y}{Y}{Y}> Cheese Trap deals 3",,COMMON,
BS8-038,BS8,038,Olive Cookie,BOOSTER PACK [Land of Fire & Ruin Realm of Apathy],COOKIE,YELLOW,YELLOW,1,2,,C,Fiery Adventurousness,【On Play】 <Place 1 LV.3 Cookie from your hand into the break area.> Place up to 2 LV.1 Cookies from your break area into the trash.,<{Y}> Bat Attack deals 1,,0,0,0,BS8-038,0,"【On Play】 <Place 1 LV.3 Cookie from your hand into the break area.> Place up to 2 LV.1 Cookies from your break area into the trash.
<{Y}> Bat Attack deals 1",,COMMON,
BS8-037,BS8,037,Squid Ink Cookie,BOOSTER PACK [Land of Fire & Ruin Realm of Apathy],COOKIE,YELLOW,YELLOW,1,2,,U,Jar Hide-and-Seek,【On Play】 <{Y}> This Cookie gains +1 HP.,<{Y}{Y}> Ink Tentacle Slap deals 2,,0,0,0,BS8-037,0,"【On Play】 <{Y}> This Cookie gains +1 HP.
<{Y}{Y}> Ink Tentacle Slap deals 2",,UNCOMMON,
BS8-036,BS8,036,Young Kulfi,BOOSTER PACK [Land of Fire & Ruin Realm of Apathy],FLIP,YELLOW,YELLOW,1,1,,C,,,<{Y}> Kulfi Jump deals 1,<Discard 1 card.> The Cookie with this card attached for HP gains +1 HP.,0,0,0,BS8-036,0,"<{Y}> Kulfi Jump deals 1
<Discard 1 card.> The Cookie with this card attached for HP gains +1 HP.",,COMMON,
BS8-035,BS8,035,Cinnamon Cookie,BOOSTER PACK [Land of Fire & Ruin Realm of Apathy],COOKIE,YELLOW,YELLOW,2,4,,U,Fantastic Magic Show,【On Play】 <Place 1 Cookie from your trash into the break area.> Place up to 1 Cookie with the same LV. as that Cookie from your break area into your trash.,<{Y}{Y}{Y}> Destiny Card deals 3,,0,0,0,BS8-035,0,"【On Play】 <Place 1 Cookie from your trash into the break area.> Place up to 1 Cookie with the same LV. as that Cookie from your break area into your trash.
<{Y}{Y}{Y}> Destiny Card deals 3",,UNCOMMON,
BS8-034@1,BS8,034@1,Smoked Cheese Cookie,BOOSTER PACK [Land of Fire & Ruin Realm of Apathy],COOKIE,YELLOW,YELLOW,2,5,,SSR,The Power of Desire,"【Activate】 【Once Per Turn】 If there is a Cookie in your break area, <place this Cookie and a Cookie from your hand into your break area.> Then, play up to 1 [Golden Cheese Cookie] from your break area and set its HP to 6.",<{Y}{Y}{Y}> Spicy Aroma deals 2,,0,0,0,BS8-034,1,"【Activate】 【Once Per Turn】 If there is a Cookie in your break area, <place this Cookie and a Cookie from your hand into your break area.> Then, play up to 1 [Golden Cheese Cookie] from your break area and set its HP to 6.
<{Y}{Y}{Y}> Spicy Aroma deals 2",,SECRET SUPER RARE,
BS8-034,BS8,034,Smoked Cheese Cookie,BOOSTER PACK [Land of Fire & Ruin Realm of Apathy],COOKIE,YELLOW,YELLOW,2,5,,SR,The Power of Desire,"【Activate】 【Once Per Turn】 If there is a Cookie in your break area, <place this Cookie and a Cookie from your hand into your break area.> Then, play up to 1 [Golden Cheese Cookie] from your break area and set its HP to 6.",<{Y}{Y}{Y}> Spicy Aroma deals 2,,0,0,0,BS8-034,0,"【Activate】 【Once Per Turn】 If there is a Cookie in your break area, <place this Cookie and a Cookie from your hand into your break area.> Then, play up to 1 [Golden Cheese Cookie] from your break area and set its HP to 6.
<{Y}{Y}{Y}> Spicy Aroma deals 2",,SUPER RARE,
BS8-033@1,BS8,033@1,Centipede Cookie,BOOSTER PACK [Land of Fire & Ruin Realm of Apathy],FLIP,,Yellow Mix,2,4,,C,,,<{N}{N}{N}> Sharp Laughter deals 3,,0,0,0,BS8-033,1,<{N}{N}{N}> Sharp Laughter deals 3,,COMMON,
BS8-032@2,BS8,032@2,Burnt Cheese Cookie,BOOSTER PACK [Land of Fire & Ruin Realm of Apathy],FLIP,,Yellow,1,2,,SSR,,,"Constant Vigilance

【Activate】 【Once Per Turn】 If there is a Cookie in your break area, <place this Cookie and a Cookie that is LV.2 or above from your hand into your break area.> Draw up to 2 cards from your deck. Then, play up to 1 [Golden Cheese Cookie] from your break area.

<{Y}{Y}> Wrath of the Golden Earth deals 2",,0,0,0,BS8-032,1,"Constant Vigilance

【Activate】 【Once Per Turn】 If there is a Cookie in your break area, <place this Cookie and a Cookie that is LV.2 or above from your hand into your break area.> Draw up to 2 cards from your deck. Then, play up to 1 [Golden Cheese Cookie] from your break area.

<{Y}{Y}> Wrath of the Golden Earth deals 2",,SECRET SUPER RARE,
BS8-032,BS8,032,Burnt Cheese Cookie,BOOSTER PACK [Land of Fire & Ruin Realm of Apathy],COOKIE,YELLOW,YELLOW,1,2,,SR,Constant Vigilance,"【Activate】 【Once Per Turn】 If there is a Cookie in your break area, <place this Cookie and a Cookie that is LV.2 or above from your hand into your break area.> Draw up to 2 cards from your deck. Then, play up to 1 [Golden Cheese Cookie] from your break area.",<{Y}{Y}> Wrath of the Golden Earth deals 2,,0,0,0,BS8-032,0,"【Activate】 【Once Per Turn】 If there is a Cookie in your break area, <place this Cookie and a Cookie that is LV.2 or above from your hand into your break area.> Draw up to 2 cards from your deck. Then, play up to 1 [Golden Cheese Cookie] from your break area.
<{Y}{Y}> Wrath of the Golden Earth deals 2",,SUPER RARE,
BS8-031@1,BS8,031@1,Mozzarella Cookie,BOOSTER PACK [Land of Fire & Ruin Realm of Apathy],COOKIE,YELLOW,YELLOW,1,2,,SEC,Control Room Inspection,【On Play】 <{Y}> <Place 1 LV.3 Cookie from your trash into your break area.> Select 2 Cookies in your break area with a total LV. sum of 3 or lower. Return those Cookies to your hand.,<{Y}{Y}> Mozzarella Wave deals 2,,0,0,0,BS8-031,1,"【On Play】 <{Y}> <Place 1 LV.3 Cookie from your trash into your break area.> Select 2 Cookies in your break area with a total LV. sum of 3 or lower. Return those Cookies to your hand.
<{Y}{Y}> Mozzarella Wave deals 2",,SECRET RARE,
BS8-031,BS8,031,Mozzarella Cookie,BOOSTER PACK [Land of Fire & Ruin Realm of Apathy],COOKIE,YELLOW,YELLOW,1,2,,R,Control Room Inspection,【On Play】 <{Y}> <Place 1 LV.3 Cookie from your trash into your break area.> Select 2 Cookies in your break area with a total LV. sum of 3 or lower. Return those Cookies to your hand.,<{Y}{Y}> Mozzarella Wave deals 2,,0,0,0,BS8-031,0,"【On Play】 <{Y}> <Place 1 LV.3 Cookie from your trash into your break area.> Select 2 Cookies in your break area with a total LV. sum of 3 or lower. Return those Cookies to your hand.
<{Y}{Y}> Mozzarella Wave deals 2",,RARE,
BS8-030,BS8,030,Lassi Guard Kulfi,BOOSTER PACK [Land of Fire & Ruin Realm of Apathy],COOKIE,YELLOW,YELLOW MIX,3,5,,C,,,<{Y}{Y}{N}{N}> Lassi Throw deals 4,,0,0,0,BS8-030,0,<{Y}{Y}{N}{N}> Lassi Throw deals 4,,COMMON,
BS8-029@1,BS8,029@1,Miner Cheesebird,BOOSTER PACK [Land of Fire & Ruin Realm of Apathy],FLIP,,Yellow,1,2,,C,,,"Helmet on!

【Activate】 【Once Per Turn】 During this turn, if a Cookie has been played from your break area, draw up to 1 card from your deck.

<{Y}{Y}> Helmet Headbutt! deals 2",,0,0,0,BS8-029,1,"Helmet on!

【Activate】 【Once Per Turn】 During this turn, if a Cookie has been played from your break area, draw up to 1 card from your deck.

<{Y}{Y}> Helmet Headbutt! deals 2",,COMMON,
BS8-028@1,BS8,028@1,Manager Cheesebird,BOOSTER PACK [Land of Fire & Ruin Realm of Apathy],FLIP,,Yellow,2,4,,C,,,"Heart of the Mines Guard

【Activate】 【Once Per Turn】 During this turn, if a Cookie has been played from your break area, select up to 1 of your opponent's Cookies. That Cookie receives 1 damage.

<{Y}{Y}{Y}> Sharp Beak deals 3",,0,0,0,BS8-028,1,"Heart of the Mines Guard

【Activate】 【Once Per Turn】 During this turn, if a Cookie has been played from your break area, select up to 1 of your opponent's Cookies. That Cookie receives 1 damage.

<{Y}{Y}{Y}> Sharp Beak deals 3",,COMMON,
BS8-027@6,BS8,027@6,Golden Cheese Cookie,Kingdom Battle,EXTRA,YELLOW,YELLOW,3,+2,ANCIENT,P,Radiance of the Immortal,"【EXTRA】 During this turn, if [Golden Cheese Cookie] was played from your break area, you can 【Awaken】 that Cookie.

If this Cookie is in your break area, <select 1 [Golden Cheese Cookie] in your trash.> Place this Cookie in the trash. Then, place that Cookie in the break area.","<{Y}{Y}{Y}> Wings of Immortality deals 3
Then, all of your opponent's Cookies receive 1 damage.",,0,0,1,BS8-027,1,"【EXTRA】 During this turn, if [Golden Cheese Cookie] was played from your break area, you can 【Awaken】 that Cookie.

If this Cookie is in your break area, <select 1 [Golden Cheese Cookie] in your trash.> Place this Cookie in the trash. Then, place that Cookie in the break area.
<{Y}{Y}{Y}> Wings of Immortality deals 3
Then, all of your opponent's Cookies receive 1 damage.",,PROMOTION,
BS8-027@5,BS8,027@5,Golden Cheese Cookie,Kingdom Battle,EXTRA,YELLOW,YELLOW,3,+2,ANCIENT,P,Radiance of the Immortal,"【EXTRA】 During this turn, if [Golden Cheese Cookie] was played from your break area, you can 【Awaken】 that Cookie.

If this Cookie is in your break area, <select 1 [Golden Cheese Cookie] in your trash.> Place this Cookie in the trash. Then, place that Cookie in the break area.","<{Y}{Y}{Y}> Wings of Immortality deals 3
Then, all of your opponent's Cookies receive 1 damage.",,0,0,1,BS8-027,1,"【EXTRA】 During this turn, if [Golden Cheese Cookie] was played from your break area, you can 【Awaken】 that Cookie.

If this Cookie is in your break area, <select 1 [Golden Cheese Cookie] in your trash.> Place this Cookie in the trash. Then, place that Cookie in the break area.
<{Y}{Y}{Y}> Wings of Immortality deals 3
Then, all of your opponent's Cookies receive 1 damage.",,PROMOTION,
BS8-027@4,BS8,027@4,Golden Cheese Cookie,Kingdom Battle,EXTRA,YELLOW,YELLOW,3,+2,ANCIENT,P,Radiance of the Immortal,"【EXTRA】 During this turn, if [Golden Cheese Cookie] was played from your break area, you can 【Awaken】 that Cookie.

If this Cookie is in your break area, <select 1 [Golden Cheese Cookie] in your trash.> Place this Cookie in the trash. Then, place that Cookie in the break area.","<{Y}{Y}{Y}> Wings of Immortality deals 3
Then, all of your opponent's Cookies receive 1 damage.",,0,0,1,BS8-027,1,"【EXTRA】 During this turn, if [Golden Cheese Cookie] was played from your break area, you can 【Awaken】 that Cookie.

If this Cookie is in your break area, <select 1 [Golden Cheese Cookie] in your trash.> Place this Cookie in the trash. Then, place that Cookie in the break area.
<{Y}{Y}{Y}> Wings of Immortality deals 3
Then, all of your opponent's Cookies receive 1 damage.",,PROMOTION,
BS8-027@2,BS8,027@2,Golden Cheese Cookie,BOOSTER PACK [Land of Fire & Ruin Realm of Apathy],EXTRA,YELLOW,YELLOW,3,+2,Ancient,EXR,,"【EXTRA】During this turn, if [Golden Cheese Cookie] was played from your break area, you can 【Awaken】 that Cookie.

If this Cookie is in your break area, <select 1 [Golden Cheese Cookie] in your trash.> Place this Cookie in the trash. Then, place that Cookie in the break area.","<{Y}{Y}{Y}> Wings of Immortality deals 3

Then, all of your opponent's Cookies receive 1 damage.",,0,0,1,BS8-027,1,"【EXTRA】During this turn, if [Golden Cheese Cookie] was played from your break area, you can 【Awaken】 that Cookie.

If this Cookie is in your break area, <select 1 [Golden Cheese Cookie] in your trash.> Place this Cookie in the trash. Then, place that Cookie in the break area.
<{Y}{Y}{Y}> Wings of Immortality deals 3

Then, all of your opponent's Cookies receive 1 damage.",,EXTRA RARE,
BS8-027@1,BS8,027@1,Golden Cheese Cookie,BOOSTER PACK [Land of Fire & Ruin Realm of Apathy],EXTRA,YELLOW,YELLOW,3,+2,Ancient,SUR,,"【EXTRA】During this turn, if [Golden Cheese Cookie] was played from your break area, you can 【Awaken】 that Cookie.

If this Cookie is in your break area, <select 1 [Golden Cheese Cookie] in your trash.> Place this Cookie in the trash. Then, place that Cookie in the break area.","<{Y}{Y}{Y}> Wings of Immortality deals 3

Then, all of your opponent's Cookies receive 1 damage.",,0,0,1,BS8-027,1,"【EXTRA】During this turn, if [Golden Cheese Cookie] was played from your break area, you can 【Awaken】 that Cookie.

If this Cookie is in your break area, <select 1 [Golden Cheese Cookie] in your trash.> Place this Cookie in the trash. Then, place that Cookie in the break area.
<{Y}{Y}{Y}> Wings of Immortality deals 3

Then, all of your opponent's Cookies receive 1 damage.",,SECRET ULTRA RARE,
BS8-027,BS8,027,Golden Cheese Cookie,BOOSTER PACK [Land of Fire & Ruin Realm of Apathy],EXTRA,YELLOW,YELLOW,3,+2,Ancient,UR,,"【EXTRA】During this turn, if [Golden Cheese Cookie] was played from your break area, you can 【Awaken】 that Cookie.

If this Cookie is in your break area, <select 1 [Golden Cheese Cookie] in your trash.> Place this Cookie in the trash. Then, place that Cookie in the break area.","<{Y}{Y}{Y}> Wings of Immortality deals 3

Then, all of your opponent's Cookies receive 1 damage.",,0,0,1,BS8-027,0,"【EXTRA】During this turn, if [Golden Cheese Cookie] was played from your break area, you can 【Awaken】 that Cookie.

If this Cookie is in your break area, <select 1 [Golden Cheese Cookie] in your trash.> Place this Cookie in the trash. Then, place that Cookie in the break area.
<{Y}{Y}{Y}> Wings of Immortality deals 3

Then, all of your opponent's Cookies receive 1 damage.",,ULTRA RARE,
BS8-026@1,BS8,026@1,Golden Cheese Cookie,BOOSTER PACK [Land of Fire & Ruin Realm of Apathy],COOKIE,YELLOW,YELLOW,3,5,Ancient,SEC,,,"<{Y}{Y}{Y}> Radiant Bulwark deals 3

Then, if this Cookie's remaining HP is 4 or less, this Cookie gains +1 HP.",,0,0,0,BS8-026,1,"<{Y}{Y}{Y}> Radiant Bulwark deals 3

Then, if this Cookie's remaining HP is 4 or less, this Cookie gains +1 HP.",,SECRET RARE,
BS8-026,BS8,026,Golden Cheese Cookie,BOOSTER PACK [Land of Fire & Ruin Realm of Apathy],COOKIE,YELLOW,YELLOW,3,5,Ancient,R,,,"<{Y}{Y}{Y}> Radiant Bulwark deals 3

Then, if this Cookie's remaining HP is 4 or less, this Cookie gains +1 HP.",,0,0,0,BS8-026,0,"<{Y}{Y}{Y}> Radiant Bulwark deals 3

Then, if this Cookie's remaining HP is 4 or less, this Cookie gains +1 HP.",,RARE,
BS8-025,BS8,025,Tower of Sweet Chaos,BOOSTER PACK [Land of Fire & Ruin Realm of Apathy],STAGE,RED,RED,,,,U,,"<{R}{R}> Place in your stage area.

【Activate】 <{R}> <Rest this card.> <Make 1 of your Cookies faint.> Select up to 1 of your opponent's Cookies. That Cookie receives 1 damage.",,,0,0,0,BS8-025,0,"<{R}{R}> Place in your stage area.

【Activate】 <{R}> <Rest this card.> <Make 1 of your Cookies faint.> Select up to 1 of your opponent's Cookies. That Cookie receives 1 damage.",,UNCOMMON,
BS8-024@1,BS8,024@1,Land of Fire & Ruin,PROMOTION CARD,STAGE,RED,RED,,,,P,,"<{R}{R}> Place in your stage area.

【Activate】 <{R}> <Rest this card.> <Make 1 of your Cookies faint.> Select up to 1 of your opponent's Cookies. That Cookie receives 1 damage.",,,0,0,0,BS8-024,1,"<{R}{R}> Place in your stage area.

【Activate】 <{R}> <Rest this card.> <Make 1 of your Cookies faint.> Select up to 1 of your opponent's Cookies. That Cookie receives 1 damage.",,PROMOTION,
BS8-024,BS8,024,Land of Fire & Ruin,BOOSTER PACK [Land of Fire & Ruin Realm of Apathy],STAGE,RED,RED,,,,U,,"<{R}> Place in your stage area.

【Activate】 <{R}{R}> <Rest this card.> All Cookies receive 1 damage.",,,0,0,0,BS8-024,0,"<{R}> Place in your stage area.

【Activate】 <{R}{R}> <Rest this card.> All Cookies receive 1 damage.",,UNCOMMON,
BS8-023,BS8,023,Shadow of the Destroyer,BOOSTER PACK [Land of Fire & Ruin Realm of Apathy],TRAP,RED,RED,,,,U,,<{R}{R}> All Cookies with 2 or more HP remaining receive 1 damage.,,,0,0,0,BS8-023,0,<{R}{R}> All Cookies with 2 or more HP remaining receive 1 damage.,,UNCOMMON,
BS8-022,BS8,022,Cake Hound's Crown,BOOSTER PACK [Land of Fire & Ruin Realm of Apathy],ITEM,RED,RED,,,,U,,<{R}> <Make 1 of your Cookies faint.> Return up to 2 {R} LV.1 Cookies from your trash to your hand.,,,0,0,0,BS8-022,0,<{R}> <Make 1 of your Cookies faint.> Return up to 2 {R} LV.1 Cookies from your trash to your hand.,,UNCOMMON,
BS8-021@1,BS8,021@1,Soul Jam: Light of Destruction,BOOSTER PACK [Land of Fire & Ruin Realm of Apathy],ITEM,RED,RED,,,,SSR,,"<{R}{R}> All Cookies that are not [Burning Spice Cookie] receive 1 damage. Then, <can be used as {R}.> You can 【Equip】 this card to your [Burning Spice Cookie]. When that Cookie attacks, if your break area is LV.8 or higher, during this battle, your opponent cannot activate traps.",,,0,0,0,BS8-021,1,"<{R}{R}> All Cookies that are not [Burning Spice Cookie] receive 1 damage. Then, <can be used as {R}.> You can 【Equip】 this card to your [Burning Spice Cookie]. When that Cookie attacks, if your break area is LV.8 or higher, during this battle, your opponent cannot activate traps.",,SECRET SUPER RARE,
BS8-021,BS8,021,Soul Jam: Light of Destruction,BOOSTER PACK [Land of Fire & Ruin Realm of Apathy],ITEM,RED,RED,,,,SR,,"<{R}{R}> All Cookies that are not [Burning Spice Cookie] receive 1 damage. Then, <can be used as {R}.> You can 【Equip】 this card to your [Burning Spice Cookie]. When that Cookie attacks, if your break area is LV.8 or higher, during this battle, your opponent cannot activate traps.",,,0,0,0,BS8-021,0,"<{R}{R}> All Cookies that are not [Burning Spice Cookie] receive 1 damage. Then, <can be used as {R}.> You can 【Equip】 this card to your [Burning Spice Cookie]. When that Cookie attacks, if your break area is LV.8 or higher, during this battle, your opponent cannot activate traps.",,SUPER RARE,
BS8-020,BS8,020,Pepper Pangolin Cookie,BOOSTER PACK [Land of Fire & Ruin Realm of Apathy],COOKIE,RED,RED,1,2,,C,Solid Defense,"【Activate】 If this Cookie's remaining HP is 1, place this Cookie in the trash.",<{R}{R}> Pepper Spray deals 2,,0,0,0,BS8-020,0,"【Activate】 If this Cookie's remaining HP is 1, place this Cookie in the trash.
<{R}{R}> Pepper Spray deals 2",,COMMON,
BS8-019@1,BS8,019@1,Cake Hound,promotion card,COOKIE,RED,RED MIX,1,1,,P,Cream Whisk,"【Your Turn】 When this Cookie faints, <discard 1 card.> <Place this Cookie from the break area into the trash.> Return up to 1 {R} LV.1 Cookie that is not [Cake Hound] from your trash to your hand.",<{R}{N}> Ferocious Lick deals 1,,0,0,0,BS8-019,1,"【Your Turn】 When this Cookie faints, <discard 1 card.> <Place this Cookie from the break area into the trash.> Return up to 1 {R} LV.1 Cookie that is not [Cake Hound] from your trash to your hand.
<{R}{N}> Ferocious Lick deals 1",,PROMOTION,
BS8-018,BS8,018,Cake Wolf,BOOSTER PACK [Land of Fire & Ruin Realm of Apathy],COOKIE,RED,RED MIX,1,1,,C,Wolf Howl,"【Your Turn】 When this Cookie faints, <can be used as {R}.> <Place this Cookie from the break area into the trash.> Select up to 1 of your opponent's Cookies. That Cookie receives 1 damage.",<{R}{N}> Pointy Fangs deals 1,,0,0,0,BS8-018,0,"【Your Turn】 When this Cookie faints, <can be used as {R}.> <Place this Cookie from the break area into the trash.> Select up to 1 of your opponent's Cookies. That Cookie receives 1 damage.
<{R}{N}> Pointy Fangs deals 1",,COMMON,
BS8-017@1,BS8,017@1,Cake Monster Army,BOOSTER PACK [Land of Fire & Ruin Realm of Apathy],COOKIE,RED,RED MIX,2,5,,SEC,Time to Strike,"【Activate】 【Once Per Turn】 <{R}> Play up to 1 {R} Cookie that has 1 HP from your trash. If you did, select up to 1 Cookie in the battle area. That Cookie receives 1 damage.","<{R}{R}{N}> Legion, charge! deals 2",,0,0,0,BS8-017,1,"【Activate】 【Once Per Turn】 <{R}> Play up to 1 {R} Cookie that has 1 HP from your trash. If you did, select up to 1 Cookie in the battle area. That Cookie receives 1 damage.
<{R}{R}{N}> Legion, charge! deals 2",,SECRET RARE,
BS8-017,BS8,017,Cake Monster Army,BOOSTER PACK [Land of Fire & Ruin Realm of Apathy],COOKIE,RED,RED MIX,2,5,,R,Time to Strike,"【Activate】 【Once Per Turn】 <{R}> Play up to 1 {R} Cookie that has 1 HP from your trash. If you did, select up to 1 Cookie in the battle area. That Cookie receives 1 damage.","<{R}{R}{N}> Legion, charge! deals 2",,0,0,0,BS8-017,0,"【Activate】 【Once Per Turn】 <{R}> Play up to 1 {R} Cookie that has 1 HP from your trash. If you did, select up to 1 Cookie in the battle area. That Cookie receives 1 damage.
<{R}{R}{N}> Legion, charge! deals 2",,RARE,
BS8-016,BS8,016,Choco Cake Hound,BOOSTER PACK [Land of Fire & Ruin Realm of Apathy],COOKIE,RED,RED MIX,1,1,,C,Sweet Choco Cream,"【Your Turn】 When this Cookie faints, <place this Cookie from the break area into the trash.> Select up to 1 of your Cookies with 5 or less HP remaining. That Cookie gains +1 HP.",<{R}{N}> Roll deals 1,,0,0,0,BS8-016,0,"【Your Turn】 When this Cookie faints, <place this Cookie from the break area into the trash.> Select up to 1 of your Cookies with 5 or less HP remaining. That Cookie gains +1 HP.
<{R}{N}> Roll deals 1",,COMMON,
BS8-015,BS8,015,Schwarzwälder,BOOSTER PACK [Land of Fire & Ruin Realm of Apathy],FLIP,RED,RED,3,3,,C,,,<{R}{R}{R}> Dignified Blow deals 3,<Discard 1 card.> The Cookie with this card attached for HP gains +1 HP.,0,0,0,BS8-015,0,"<{R}{R}{R}> Dignified Blow deals 3
<Discard 1 card.> The Cookie with this card attached for HP gains +1 HP.",,COMMON,
BS8-014,BS8,014,Pomegranate Cookie,BOOSTER PACK [Land of Fire & Ruin Realm of Apathy],COOKIE,RED,RED MIX,2,4,,C,,,<{N}{N}{N}> Pomegranate Magic deals 3,,0,0,0,BS8-014,0,<{N}{N}{N}> Pomegranate Magic deals 3,,COMMON,
BS8-013,BS8,013,Pomegranate Cake Shaman,BOOSTER PACK [Land of Fire & Ruin Realm of Apathy],COOKIE,RED,RED MIX,1,1,,C,Red Summoning Ritual,"【Your Turn】 When this Cookie faints, <place this Cookie from the break area into the trash.> Play up to 1 {R} LV.1 Cookie that is not [Pomegranate Cake Shaman] from your trash.",<{R}{N}> Provoke deals 1,,0,0,0,BS8-013,0,"【Your Turn】 When this Cookie faints, <place this Cookie from the break area into the trash.> Play up to 1 {R} LV.1 Cookie that is not [Pomegranate Cake Shaman] from your trash.
<{R}{N}> Provoke deals 1",,COMMON,
BS8-012,BS8,012,Pomegranate Cake Hound,BOOSTER PACK [Land of Fire & Ruin Realm of Apathy],COOKIE,RED,RED MIX,1,1,,C,Treasure Hunt,"【Your Turn】 When this Cookie faints, <place this Cookie from the break area into the trash.> Draw up to 1 card from your deck.",<{R}{N}> Gnaw deals 1,,0,0,0,BS8-012,0,"【Your Turn】 When this Cookie faints, <place this Cookie from the break area into the trash.> Draw up to 1 card from your deck.
<{R}{N}> Gnaw deals 1",,COMMON,
BS8-011,BS8,011,Saffron Buffalo Shaman,BOOSTER PACK [Land of Fire & Ruin Realm of Apathy],COOKIE,RED,RED,2,3,,C,Dominating Spice,【Activate】 【Once Per Turn】 <{R}> <Select 1 Cookie from each player.> Those Cookies receive 1 damage.,<{R}{R}{R}> Saffron Rush deals 2,,0,0,0,BS8-011,0,"【Activate】 【Once Per Turn】 <{R}> <Select 1 Cookie from each player.> Those Cookies receive 1 damage.
<{R}{R}{R}> Saffron Rush deals 2",,COMMON,
BS8-010@1,BS8,010@1,Red Velvet Cookie,BOOSTER PACK [Land of Fire & Ruin Realm of Apathy],COOKIE,RED,RED MIX,2,4,,SSR,Furious Incineration,"【Activate】 【Once Per Turn】 During this turn, if your Cookie fainted, select up to 1 of your opponent's Cookies. That Cookie receives 1 damage.","<{R}{R}{N}> Crimson Hand deals 3

Then, make up to 1 of your Cookies faint.",,0,0,0,BS8-010,1,"【Activate】 【Once Per Turn】 During this turn, if your Cookie fainted, select up to 1 of your opponent's Cookies. That Cookie receives 1 damage.
<{R}{R}{N}> Crimson Hand deals 3

Then, make up to 1 of your Cookies faint.",,SECRET SUPER RARE,
BS8-010,BS8,010,Red Velvet Cookie,BOOSTER PACK [Land of Fire & Ruin Realm of Apathy],COOKIE,RED,RED MIX,2,4,,SR,Furious Incineration,"【Activate】 【Once Per Turn】 During this turn, if your Cookie fainted, select up to 1 of your opponent's Cookies. That Cookie receives 1 damage.","<{R}{R}{N}> Crimson Hand deals 3

Then, make up to 1 of your Cookies faint.",,0,0,0,BS8-010,0,"【Activate】 【Once Per Turn】 During this turn, if your Cookie fainted, select up to 1 of your opponent's Cookies. That Cookie receives 1 damage.
<{R}{R}{N}> Crimson Hand deals 3

Then, make up to 1 of your Cookies faint.",,SUPER RARE,
BS8-009@3,BS8,009@3,Burning Spice Cookie,promotion-card,COOKIE,RED,RED,3,5,BEAST,P,The Great Destroyer's Return,"【Activate】 【Once Per Turn】 <{R}> If there is another Cookie in your battle area, all other Cookies receive 1 damage. Then, <{R}> For each 3 levels your break area has reached, during this turn, this Cookie gains +1 attack damage.",<{R}{R}{N}> Tyrant's Wrath deals 3,,0,0,0,BS8-009,1,"【Activate】 【Once Per Turn】 <{R}> If there is another Cookie in your battle area, all other Cookies receive 1 damage. Then, <{R}> For each 3 levels your break area has reached, during this turn, this Cookie gains +1 attack damage.
<{R}{R}{N}> Tyrant's Wrath deals 3",,PROMOTION,
BS8-009@2,BS8,009@2,Burning Spice Cookie,폭군의 분노 프로모션 팩,COOKIE,RED,RED MIX,3,5,,P,The Great Destroyer's Return,"【Activate】 【Once Per Turn】 <{R}> If there is another Cookie in your battle area, all other Cookies receive 1 damage. Then, <can be used as {R}.> For each 3 levels your break area has reached, during this turn, this Cookie gains +1 attack damage.",<{R}{R}{N}> Tyrant's Wrath deals 3,,0,0,0,BS8-009,1,"【Activate】 【Once Per Turn】 <{R}> If there is another Cookie in your battle area, all other Cookies receive 1 damage. Then, <can be used as {R}.> For each 3 levels your break area has reached, during this turn, this Cookie gains +1 attack damage.
<{R}{R}{N}> Tyrant's Wrath deals 3",,PROMOTION,
BS8-009@1,BS8,009@1,Burning Spice Cookie,BOOSTER PACK [Land of Fire & Ruin Realm of Apathy],COOKIE,RED,RED MIX,3,5,,SUR,The Great Destroyer's Return,"【Activate】 【Once Per Turn】 <{R}> If there is another Cookie in your battle area, all other Cookies receive 1 damage. Then, <can be used as {R}.> For each 3 levels your break area has reached, during this turn, this Cookie gains +1 attack damage.",<{R}{R}{N}> Tyrant's Wrath deals 3,,0,0,0,BS8-009,1,"【Activate】 【Once Per Turn】 <{R}> If there is another Cookie in your battle area, all other Cookies receive 1 damage. Then, <can be used as {R}.> For each 3 levels your break area has reached, during this turn, this Cookie gains +1 attack damage.
<{R}{R}{N}> Tyrant's Wrath deals 3",,SECRET ULTRA RARE,
BS8-009,BS8,009,Burning Spice Cookie,BOOSTER PACK [Land of Fire & Ruin Realm of Apathy],COOKIE,RED,RED MIX,3,5,,UR,The Great Destroyer's Return,"【Activate】 【Once Per Turn】 <{R}> If there is another Cookie in your battle area, all other Cookies receive 1 damage. Then, <can be used as {R}.> For each 3 levels your break area has reached, during this turn, this Cookie gains +1 attack damage.",<{R}{R}{N}> Tyrant's Wrath deals 3,,0,0,0,BS8-009,0,"【Activate】 【Once Per Turn】 <{R}> If there is another Cookie in your battle area, all other Cookies receive 1 damage. Then, <can be used as {R}.> For each 3 levels your break area has reached, during this turn, this Cookie gains +1 attack damage.
<{R}{R}{N}> Tyrant's Wrath deals 3",,ULTRA RARE,
BS8-008,BS8,008,Poison Mushroom Cookie,BOOSTER PACK [Land of Fire & Ruin Realm of Apathy],COOKIE,RED,RED,1,3,,U,Spores of Confusion,"【Blocker】 <{R}> (When one of your opponent's Cookies attacks, you can redirect the attack to this Cookie.)",<{R}{R}{R}> Poison Cloud deals 2,,0,0,0,BS8-008,0,"【Blocker】 <{R}> (When one of your opponent's Cookies attacks, you can redirect the attack to this Cookie.)
<{R}{R}{R}> Poison Cloud deals 2",,UNCOMMON,
BS8-007,BS8,007,Dark Choco Cookie,BOOSTER PACK [Land of Fire & Ruin Realm of Apathy],COOKIE,RED,RED MIX,3,5,,C,,,<{R}{R}{N}{N}> Dark Rush deals 4,,0,0,0,BS8-007,0,<{R}{R}{N}{N}> Dark Rush deals 4,,COMMON,
BS8-006@1,BS8,006@1,Nutmeg Tiger Cookie,BOOSTER PACK [Land of Fire & Ruin Realm of Apathy],COOKIE,RED,RED,2,5,,SSR,,,"<{R}{R}> Nutmeg Fireball deals 1

Then, <select 1 Cookie from each player.> Those Cookies receive 1 damage.",,0,0,0,BS8-006,1,"<{R}{R}> Nutmeg Fireball deals 1

Then, <select 1 Cookie from each player.> Those Cookies receive 1 damage.",,SECRET SUPER RARE,
BS8-006,BS8,006,Nutmeg Tiger Cookie,BOOSTER PACK [Land of Fire & Ruin Realm of Apathy],COOKIE,RED,RED,2,5,,SR,,,"<{R}{R}> Nutmeg Fireball deals 1

Then, <select 1 Cookie from each player.> Those Cookies receive 1 damage.",,0,0,0,BS8-006,0,"<{R}{R}> Nutmeg Fireball deals 1

Then, <select 1 Cookie from each player.> Those Cookies receive 1 damage.",,SUPER RARE,
BS8-005@1,BS8,005@1,Avatar of Ruin,BOOSTER PACK [Land of Fire & Ruin Realm of Apathy],EXTRA,RED,RED,3,5,,SUR,Ruinous Blade,"【EXTRA】Can be played if 2 or more of your Cookies fainted this turn.

【On Play】 All of your opponent's Cookies receive 1 damage.","<{R}{R}{R}> Power of the Destroyer deals 3

Then, all other Cookies receive 1 damage.",,0,0,1,BS8-005,1,"【EXTRA】Can be played if 2 or more of your Cookies fainted this turn.

【On Play】 All of your opponent's Cookies receive 1 damage.
<{R}{R}{R}> Power of the Destroyer deals 3

Then, all other Cookies receive 1 damage.",,SECRET ULTRA RARE,
BS8-005,BS8,005,Avatar of Ruin,BOOSTER PACK [Land of Fire & Ruin Realm of Apathy],EXTRA,RED,RED,3,5,,UR,Ruinous Blade,"【EXTRA】Can be played if 2 or more of your Cookies fainted this turn.

【On Play】 All of your opponent's Cookies receive 1 damage.","<{R}{R}{R}> Power of the Destroyer deals 3

Then, all other Cookies receive 1 damage.",,0,0,1,BS8-005,0,"【EXTRA】Can be played if 2 or more of your Cookies fainted this turn.

【On Play】 All of your opponent's Cookies receive 1 damage.
<{R}{R}{R}> Power of the Destroyer deals 3

Then, all other Cookies receive 1 damage.",,ULTRA RARE,
BS8-004@1,BS8,004@1,Cilantro Cobra Cookie,BOOSTER PACK [Land of Fire & Ruin Realm of Apathy],COOKIE,RED,RED,1,2,,SEC,Three Leaf Strike,"【Activate】 【Once Per Turn】 <{R}> <Rest this card.> If this Cookie has 1 HP remaining, select 1 of your opponent's Cookies. That Cookie receives 2 damage.",<{R}{R}> Brand of the Twin Blades deals 2,,0,0,0,BS8-004,1,"【Activate】 【Once Per Turn】 <{R}> <Rest this card.> If this Cookie has 1 HP remaining, select 1 of your opponent's Cookies. That Cookie receives 2 damage.
<{R}{R}> Brand of the Twin Blades deals 2",,SECRET RARE,
BS8-004,BS8,004,Cilantro Cobra Cookie,BOOSTER PACK [Land of Fire & Ruin Realm of Apathy],COOKIE,RED,RED,1,2,,R,Three Leaf Strike,"【Activate】 【Once Per Turn】 <{R}> <Rest this card.> If this Cookie has 1 HP remaining, select 1 of your opponent's Cookies. That Cookie receives 2 damage.",<{R}{R}> Brand of the Twin Blades deals 2,,0,0,0,BS8-004,0,"【Activate】 【Once Per Turn】 <{R}> <Rest this card.> If this Cookie has 1 HP remaining, select 1 of your opponent's Cookies. That Cookie receives 2 damage.
<{R}{R}> Brand of the Twin Blades deals 2",,RARE,
BS8-003,BS8,003,Cilantro Cobra Fighter,BOOSTER PACK [Land of Fire & Ruin Realm of Apathy],COOKIE,RED,RED,1,2,,U,Cilantro Breath,"【Activate】 【Once Per Turn】 <Discard 1 card.> If this Cookie's remaining HP is 1, all your Cookies that have 4 or less HP gain +1 HP.",<{R}{R}> Vicious Gaze deals 2,,0,0,0,BS8-003,0,"【Activate】 【Once Per Turn】 <Discard 1 card.> If this Cookie's remaining HP is 1, all your Cookies that have 4 or less HP gain +1 HP.
<{R}{R}> Vicious Gaze deals 2",,UNCOMMON,
BS8-002,BS8,002,Cilantro Cobra Swordsman,BOOSTER PACK [Land of Fire & Ruin Realm of Apathy],COOKIE,RED,RED,1,2,,U,Scent of Coriander,"【Activate】 【Once Per Turn】 If this Cookie's remaining HP is 1, this Cookie gains +1 HP. Then, <can be used as {R}.> Draw 1 card from your deck and select up to 1 of your opponent's Cookies. That Cookie receives 1 damage.",<{R}> Lingering Fragrance deals 1,,0,0,0,BS8-002,0,"【Activate】 【Once Per Turn】 If this Cookie's remaining HP is 1, this Cookie gains +1 HP. Then, <can be used as {R}.> Draw 1 card from your deck and select up to 1 of your opponent's Cookies. That Cookie receives 1 damage.
<{R}> Lingering Fragrance deals 1",,UNCOMMON,
BS8-001,BS8,001,Licorice Cookie,BOOSTER PACK [Land of Fire & Ruin Realm of Apathy],FLIP,RED,RED,2,2,,C,,,<{R}{R}> Skull Curse deals 2,Draw up to 1 card from your deck.,0,0,0,BS8-001,0,"<{R}{R}> Skull Curse deals 2
Draw up to 1 card from your deck.",,COMMON,
BS7-108@1,BS7,108@1,Arena of Glory,BOOSTER PACK [Arena of Glory],TRAP,,MIX,,,Arena,EXR,,,"<{N}> Select up to 1 of your opponent's Cookies. During this turn, that Cookie deals -1 attack damage. Then, if your break area's LV. is 3 or more levels higher than your opponent's break area LV., select up to 1 of your opponent's LV.3 Cookies. During this turn, that Cookie deals -2 attack damage.",,0,0,0,BS7-108,1,"<{N}> Select up to 1 of your opponent's Cookies. During this turn, that Cookie deals -1 attack damage. Then, if your break area's LV. is 3 or more levels higher than your opponent's break area LV., select up to 1 of your opponent's LV.3 Cookies. During this turn, that Cookie deals -2 attack damage.",,EXTRA RARE,
BS7-108,BS7,108,Arena of Glory,BOOSTER PACK [Arena of Glory],TRAP,,MIX,,,Arena,SR,,,"<{N}> Select up to 1 of your opponent's Cookies. During this turn, that Cookie deals -1 attack damage. Then, if your break area's LV. is 3 or more levels higher than your opponent's break area LV., select up to 1 of your opponent's LV.3 Cookies. During this turn, that Cookie deals -2 attack damage.",,0,0,0,BS7-108,0,"<{N}> Select up to 1 of your opponent's Cookies. During this turn, that Cookie deals -1 attack damage. Then, if your break area's LV. is 3 or more levels higher than your opponent's break area LV., select up to 1 of your opponent's LV.3 Cookies. During this turn, that Cookie deals -2 attack damage.",,SUPER RARE,
BS7-107,BS7,107,Parfaedia Quarters,BOOSTER PACK [Arena of Glory],STAGE,PURPLE,PURPLE,,,Arena,U,,,"<{P}> Place in your stage area.
 
【Activate】 <Rest this card.> Place up to 2 【Arena】 Cookies that do not have FLIP from your trash on the bottom of your deck in any order.",,0,0,0,BS7-107,0,"<{P}> Place in your stage area.
 
【Activate】 <Rest this card.> Place up to 2 【Arena】 Cookies that do not have FLIP from your trash on the bottom of your deck in any order.",,UNCOMMON,
BS7-106,BS7,106,Securing the First Victory,BOOSTER PACK [Arena of Glory],TRAP,PURPLE,PURPLE,,,Arena,U,,,"<{P}> Select up to 1 of your opponent's Cookies. During this turn, that Cookie deals -1 attack damage. Then, <discard 1 card.> Return up to 1 【Arena】 Cookie from your trash to your hand.",,0,0,0,BS7-106,0,"<{P}> Select up to 1 of your opponent's Cookies. During this turn, that Cookie deals -1 attack damage. Then, <discard 1 card.> Return up to 1 【Arena】 Cookie from your trash to your hand.",,UNCOMMON,
BS7-105,BS7,105,Golem Core,BOOSTER PACK [Arena of Glory],ITEM,PURPLE,PURPLE,,,Arena,U,,,"<{P}{P}> Play up to 1 【Arena】 Cookie from your trash. Then, that Cookie gains +1 HP.",,0,0,0,BS7-105,0,"<{P}{P}> Play up to 1 【Arena】 Cookie from your trash. Then, that Cookie gains +1 HP.",,UNCOMMON,
BS7-104@1,BS7,104@1,Prune Juice Cookie,BOOSTER PACK [Arena of Glory],COOKIE,PURPLE,PURPLE MIX,2,4,Arena,SUR,"One special potion, coming up!","If your break area is LV.3 or higher, or if there is a [Capsaicin Cookie] or [Kouign-Amann Cookie] in your battle area, each cost required for this Cookie's attack becomes {N}.
【Activate】 【Once Per Turn】 <{N}> If there are 7 【Arena】 cards or more in your trash, select up to 1 of your opponent's Cookies. That Cookie receives 1 damage.",<{P}{P}{N}> The Strongest Potion 3,,0,0,0,BS7-104,1,"If your break area is LV.3 or higher, or if there is a [Capsaicin Cookie] or [Kouign-Amann Cookie] in your battle area, each cost required for this Cookie's attack becomes {N}.
【Activate】 【Once Per Turn】 <{N}> If there are 7 【Arena】 cards or more in your trash, select up to 1 of your opponent's Cookies. That Cookie receives 1 damage.
<{P}{P}{N}> The Strongest Potion 3",,SECRET ULTRA RARE,
BS7-104,BS7,104,Prune Juice Cookie,BOOSTER PACK [Arena of Glory],COOKIE,PURPLE,PURPLE MIX,2,4,Arena,UR,"One special potion, coming up!","If your break area is LV.3 or higher, or if there is a [Capsaicin Cookie] or [Kouign-Amann Cookie] in your battle area, each cost required for this Cookie's attack becomes {N}.
【Activate】 【Once Per Turn】 <{N}> If there are 7 【Arena】 cards or more in your trash, select up to 1 of your opponent's Cookies. That Cookie receives 1 damage.",<{P}{P}{N}> The Strongest Potion 3,,0,0,0,BS7-104,0,"If your break area is LV.3 or higher, or if there is a [Capsaicin Cookie] or [Kouign-Amann Cookie] in your battle area, each cost required for this Cookie's attack becomes {N}.
【Activate】 【Once Per Turn】 <{N}> If there are 7 【Arena】 cards or more in your trash, select up to 1 of your opponent's Cookies. That Cookie receives 1 damage.
<{P}{P}{N}> The Strongest Potion 3",,ULTRA RARE,
BS7-103,BS7,103,Parfaedia Principal,BOOSTER PACK [Arena of Glory],COOKIE,PURPLE,PURPLE MIX,2,2,Arena,C,,,"<{P}{N}> For Victory! 2 
Then, return up to 1 LV.1 【Arena】 Cookie from your trash to your hand.",,0,0,0,BS7-103,0,"<{P}{N}> For Victory! 2 
Then, return up to 1 LV.1 【Arena】 Cookie from your trash to your hand.",,COMMON,
BS7-102,BS7,102,Kohlrabi Cookie,BOOSTER PACK [Arena of Glory],COOKIE,PURPLE,PURPLE,1,1,Arena,U,,,"<{P}> Primed Senses 1 
Then, <can be used as {P}.> <Return 5 【Arena】 cards that do not have FLIP from your trash to your deck and shuffle it.> Select up to 1 of your opponent's Cookies. That Cookie receives 1 damage.",,0,0,0,BS7-102,0,"<{P}> Primed Senses 1 
Then, <can be used as {P}.> <Return 5 【Arena】 cards that do not have FLIP from your trash to your deck and shuffle it.> Select up to 1 of your opponent's Cookies. That Cookie receives 1 damage.",,UNCOMMON,
BS7-101,BS7,101,Purple Yam Cookie,BOOSTER PACK [Arena of Glory],COOKIE,PURPLE,PURPLE MIX,2,4,Arena,C,,,"<{P}{P}{N}> Purple Tornado 2 
Then, if there are 7 【Arena】 cards or more in your trash, place up to 1 of your opponent's stages in the trash.",,0,0,0,BS7-101,0,"<{P}{P}{N}> Purple Tornado 2 
Then, if there are 7 【Arena】 cards or more in your trash, place up to 1 of your opponent's stages in the trash.",,COMMON,
BS7-100,BS7,100,Witchberry Cookie,BOOSTER PACK [Arena of Glory],FLIP,PURPLE,PURPLE,1,1,Arena,C,,,<{P}> Myaha! 1,"If there are 5 cards or less in your hand and there is a {P} 【Arena】 Cookie in your battle area, draw up to 2 cards from your deck.",0,0,0,BS7-100,0,"<{P}> Myaha! 1
If there are 5 cards or less in your hand and there is a {P} 【Arena】 Cookie in your battle area, draw up to 2 cards from your deck.",,COMMON,
BS7-099,BS7,099,Werewolf Cookie,BOOSTER PACK [Arena of Glory],COOKIE,,MIX,2,4,Arena,C,,,<{N}{N}{N}> Razor Claws 3,,0,0,0,BS7-099,0,<{N}{N}{N}> Razor Claws 3,,COMMON,
BS7-098,BS7,098,Milk Cookie,BOOSTER PACK [Arena of Glory],COOKIE,PURPLE,PURPLE MIX,2,3,Arena,C,,,"<{P}{P}{N}> Calcium-rich Milk 2 
Then, if there are 7 【Arena】 cards or more in your trash, this Cookie gains +1 HP.",,0,0,0,BS7-098,0,"<{P}{P}{N}> Calcium-rich Milk 2 
Then, if there are 7 【Arena】 cards or more in your trash, this Cookie gains +1 HP.",,COMMON,
BS7-097,BS7,097,Eclair Cookie,BOOSTER PACK [Arena of Glory],COOKIE,PURPLE,PURPLE MIX,2,4,Arena,C,,,"<{P}{P}{N}> Book of History 2 
Then, if there are 7 【Arena】 cards or more in your trash, this Cookie receives -1 attack damage until the end of your opponent's turn.",,0,0,0,BS7-097,0,"<{P}{P}{N}> Book of History 2 
Then, if there are 7 【Arena】 cards or more in your trash, this Cookie receives -1 attack damage until the end of your opponent's turn.",,COMMON,
BS7-096,BS7,096,Espresso Cookie,BOOSTER PACK [Arena of Glory],FLIP,PURPLE,PURPLE,1,1,Arena,C,,,<{P}> Light Roast 1,"If there is a {P} 【Arena】 Cookie in your battle area, the LV.2 or higher Cookie with this card attached for HP gains +1 HP.",0,0,0,BS7-096,0,"<{P}> Light Roast 1
If there is a {P} 【Arena】 Cookie in your battle area, the LV.2 or higher Cookie with this card attached for HP gains +1 HP.",,COMMON,
BS7-095,BS7,095,Almond Cookie,BOOSTER PACK [Arena of Glory],COOKIE,PURPLE,PURPLE MIX,1,3,Arena,U,,,"<{P}{N}> Hardened Detective 1 
Then, if there are 7 or more 【Arena】 cards in your trash, draw up to 1 card from your deck.",,0,0,0,BS7-095,0,"<{P}{N}> Hardened Detective 1 
Then, if there are 7 or more 【Arena】 cards in your trash, draw up to 1 card from your deck.",,UNCOMMON,
BS7-094,BS7,094,Tea Knight Cookie,BOOSTER PACK [Arena of Glory],COOKIE,PURPLE,PURPLE MIX,3,4,Arena,U,The Silver Oath,"If there are 30 【Arena】 cards or more in your trash, this Cookie gains +3 attack damage.",<{P}{N}{N}> Pride of the Tea Leaf Knights 2,,0,0,0,BS7-094,0,"If there are 30 【Arena】 cards or more in your trash, this Cookie gains +3 attack damage.
<{P}{N}{N}> Pride of the Tea Leaf Knights 2",,UNCOMMON,
BS7-093@1,BS7,093@1,Cream Puff Cookie,BOOSTER PACK [Arena of Glory],COOKIE,PURPLE,PURPLE,1,3,Arena,SSR,Cream Buff,【Activate】 <{P}> <Place this Cookie in the trash.> Draw up to 2 cards from your deck and discard 2 cards.,<{P}{P}> Cream Puff Jellies 1,,0,0,0,BS7-093,1,"【Activate】 <{P}> <Place this Cookie in the trash.> Draw up to 2 cards from your deck and discard 2 cards.
<{P}{P}> Cream Puff Jellies 1",,SECRET SUPER RARE,
BS7-093,BS7,093,Cream Puff Cookie,BOOSTER PACK [Arena of Glory],COOKIE,PURPLE,PURPLE,1,3,Arena,SR,Cream Buff,【Activate】 <{P}> <Place this Cookie in the trash.> Draw up to 2 cards from your deck and discard 2 cards.,<{P}{P}> Cream Puff Jellies 1,,0,0,0,BS7-093,0,"【Activate】 <{P}> <Place this Cookie in the trash.> Draw up to 2 cards from your deck and discard 2 cards.
<{P}{P}> Cream Puff Jellies 1",,SUPER RARE,
BS7-092,BS7,092,Citrus Parfaedia Student,BOOSTER PACK [Arena of Glory],COOKIE,PURPLE,PURPLE MIX,1,3,Arena,C,"Let's go, Parfaedia!!!","When this Cookie faints, if there are 7 【Arena】 cards or more in your trash, select up to 1 of your opponent's Cookies. That Cookie receives 1 damage.",<{P}{N}> Can we do it...? 1,,0,0,0,BS7-092,0,"When this Cookie faints, if there are 7 【Arena】 cards or more in your trash, select up to 1 of your opponent's Cookies. That Cookie receives 1 damage.
<{P}{N}> Can we do it...? 1",,COMMON,
BS7-091,BS7,091,Gelato Trio Cookie,BOOSTER PACK [Arena of Glory],COOKIE,PURPLE,PURPLE,1,1,Arena,C,,,"<{P}> Stadium Entrance! 1 
Then, place up to 3 cards from the top of your deck into the trash.",,0,0,0,BS7-091,0,"<{P}> Stadium Entrance! 1 
Then, place up to 3 cards from the top of your deck into the trash.",,COMMON,
BS7-090@2,BS7,090@2,Black Sapphire Cookie,PROMOTION CARD,COOKIE,PURPLE,PURPLE MIX,1,2,,P,It's Showtime!,"When this Cookie faints, <discard 2 cards.> View 5 cards from the top of your deck, reveal up to 2 【Arena】 cards from the viewed cards, and add those to your hand. Then, place the remaining cards in the trash.",<{P}{N}> Black Sapphire Gem deals 2,,0,0,0,BS7-090,1,"When this Cookie faints, <discard 2 cards.> View 5 cards from the top of your deck, reveal up to 2 【Arena】 cards from the viewed cards, and add those to your hand. Then, place the remaining cards in the trash.
<{P}{N}> Black Sapphire Gem deals 2",,PROMOTION,
BS7-090@1,BS7,090@1,Black Sapphire Cookie,BOOSTER PACK [Arena of Glory],COOKIE,PURPLE,PURPLE MIX,1,2,Arena,SEC,It's Showtime!,"When this Cookie faints, <discard 2 cards.> View 5 cards from the top of your deck, reveal up to 2 【Arena】 cards from the viewed cards, and add those to your hand. Then, place the remaining cards in the trash.",<{P}{N}> Black Sapphire Gem 2,,0,0,0,BS7-090,1,"When this Cookie faints, <discard 2 cards.> View 5 cards from the top of your deck, reveal up to 2 【Arena】 cards from the viewed cards, and add those to your hand. Then, place the remaining cards in the trash.
<{P}{N}> Black Sapphire Gem 2",,SECRET RARE,
BS7-090,BS7,090,Black Sapphire Cookie,BOOSTER PACK [Arena of Glory],COOKIE,PURPLE,PURPLE MIX,1,2,Arena,R,It's Showtime!,"When this Cookie faints, <discard 2 cards.> View 5 cards from the top of your deck, reveal up to 2 【Arena】 cards from the viewed cards, and add those to your hand. Then, place the remaining cards in the trash.",<{P}{N}> Black Sapphire Gem 2,,0,0,0,BS7-090,0,"When this Cookie faints, <discard 2 cards.> View 5 cards from the top of your deck, reveal up to 2 【Arena】 cards from the viewed cards, and add those to your hand. Then, place the remaining cards in the trash.
<{P}{N}> Black Sapphire Gem 2",,RARE,
BS7-089@1,BS7,089@1,Latte Cookie,BOOSTER PACK [Arena of Glory],COOKIE,PURPLE,PURPLE MIX,2,4,Arena,SSR,,,"<{P}{P}{N}> Take notes, class! 2 
Then, if there are 6 cards or more in your opponent's hand, place 2 random cards from your opponent's hand into the trash.",,0,0,0,BS7-089,1,"<{P}{P}{N}> Take notes, class! 2 
Then, if there are 6 cards or more in your opponent's hand, place 2 random cards from your opponent's hand into the trash.",,SECRET SUPER RARE,
BS7-089,BS7,089,Latte Cookie,BOOSTER PACK [Arena of Glory],COOKIE,PURPLE,PURPLE MIX,2,4,Arena,SR,,,"<{P}{P}{N}> Take notes, class! 2 
Then, if there are 6 cards or more in your opponent's hand, place 2 random cards from your opponent's hand into the trash.",,0,0,0,BS7-089,0,"<{P}{P}{N}> Take notes, class! 2 
Then, if there are 6 cards or more in your opponent's hand, place 2 random cards from your opponent's hand into the trash.",,SUPER RARE,
BS7-088@1,BS7,088@1,Camellia Cookie,BOOSTER PACK [Arena of Glory],COOKIE,PURPLE,PURPLE MIX,3,5,Arena,SEC,,,"<{P}{P}{N}> Camellia Pattern 3 
Then, <can be used as {P}.> If there are 7 【Arena】 cards or more in your trash, select up to 1 of your opponent's Cookies. That Cookie receives 2 damage.",,0,0,0,BS7-088,1,"<{P}{P}{N}> Camellia Pattern 3 
Then, <can be used as {P}.> If there are 7 【Arena】 cards or more in your trash, select up to 1 of your opponent's Cookies. That Cookie receives 2 damage.",,SECRET RARE,
BS7-088,BS7,088,Camellia Cookie,BOOSTER PACK [Arena of Glory],COOKIE,PURPLE,PURPLE MIX,3,5,Arena,R,,,"<{P}{P}{N}> Camellia Pattern 3 
Then, <can be used as {P}.> If there are 7 【Arena】 cards or more in your trash, select up to 1 of your opponent's Cookies. That Cookie receives 2 damage.",,0,0,0,BS7-088,0,"<{P}{P}{N}> Camellia Pattern 3 
Then, <can be used as {P}.> If there are 7 【Arena】 cards or more in your trash, select up to 1 of your opponent's Cookies. That Cookie receives 2 damage.",,RARE,
BS7-087,BS7,087,Berry Parfaedia Student,BOOSTER PACK [Arena of Glory],COOKIE,,MIX,1,2,Arena,C,,,<{N}> We can win... Right? 1,,0,0,0,BS7-087,0,<{N}> We can win... Right? 1,,COMMON,
BS7-086,BS7,086,Temple of the Sun Central Arena,BOOSTER PACK [Arena of Glory],STAGE,BLUE,BLUE,,,Arena,U,,,"<{B}> Place in your stage area.

【Activate】 <Rest this card.> <Discard 1 {B} 【Arena】 card from your hand.> Draw up to 1 card from your deck.",,0,0,0,BS7-086,0,"<{B}> Place in your stage area.

【Activate】 <Rest this card.> <Discard 1 {B} 【Arena】 card from your hand.> Draw up to 1 card from your deck.",,UNCOMMON,
BS7-085,BS7,085,A Victory For You,BOOSTER PACK [Arena of Glory],TRAP,BLUE,BLUE,,,Arena,U,,,"<{B}> Select up to 1 of your opponent's Cookies. During this turn, that Cookie deals -1 attack damage. Then, if there are 2 cards or less in your hand and there is an 【Arena】 Cookie in your battle area, draw up to 2 cards from your deck.",,0,0,0,BS7-085,0,"<{B}> Select up to 1 of your opponent's Cookies. During this turn, that Cookie deals -1 attack damage. Then, if there are 2 cards or less in your hand and there is an 【Arena】 Cookie in your battle area, draw up to 2 cards from your deck.",,UNCOMMON,
BS7-084,BS7,084,The Sunblade,BOOSTER PACK [Arena of Glory],ITEM,BLUE,BLUE,,,Arena,U,,,"<{B}> <Discard 2 cards.> Select up to 1 of your Cookies. During this turn, that Cookie gains +2 attack damage.",,0,0,0,BS7-084,0,"<{B}> <Discard 2 cards.> Select up to 1 of your Cookies. During this turn, that Cookie gains +2 attack damage.",,UNCOMMON,
BS7-083,BS7,083,White Choco Cookie,BOOSTER PACK [Arena of Glory],COOKIE,BLUE,BLUE,1,2,Arena,C,Piercing Gaze,"When your turn ends, if there are 5 cards or less in your hand and there is another 【Arena】 Cookie in your battle area, draw up to 1 card from your deck.",<{B}> Lightning-fast Swordsmanship 1,,0,0,0,BS7-083,0,"When your turn ends, if there are 5 cards or less in your hand and there is another 【Arena】 Cookie in your battle area, draw up to 1 card from your deck.
<{B}> Lightning-fast Swordsmanship 1",,COMMON,
BS7-082,BS7,082,Red Pepper Cookie,BOOSTER PACK [Arena of Glory],COOKIE,BLUE,BLUE,1,2,Arena,C,,,"<{B}> Indomitable Will 1 
Then, <discard 1 card or more.> If there is 1 card or less in your hand, all of your opponent's Cookies receive 1 damage.",,0,0,0,BS7-082,0,"<{B}> Indomitable Will 1 
Then, <discard 1 card or more.> If there is 1 card or less in your hand, all of your opponent's Cookies receive 1 damage.",,COMMON,
BS7-081,BS7,081,Habanero Cookie,BOOSTER PACK [Arena of Glory],COOKIE,BLUE,BLUE MIX,2,4,Arena,C,Fire Jellyworm Takedown,"【On Play】 If there are 3 cards or less in your hand, during this turn, this Cookie gains +1 attack damage.",<{B}{B}{N}> Out of my way! 3,,0,0,0,BS7-081,0,"【On Play】 If there are 3 cards or less in your hand, during this turn, this Cookie gains +1 attack damage.
<{B}{B}{N}> Out of my way! 3",,COMMON,
BS7-080,BS7,080,Peperoncino Cookie,BOOSTER PACK [Arena of Glory],COOKIE,,MIX,2,4,Arena,C,,,<{N}{N}{N}> Greatpepper Blade 3,,0,0,0,BS7-080,0,<{N}{N}{N}> Greatpepper Blade 3,,COMMON,
BS7-079@1,BS7,079@1,Cream Soda Cookie,BOOSTER PACK [Arena of Glory],COOKIE,BLUE,BLUE MIX,2,4,Arena,SUR,,"【Once Per Turn】 When your opponent's Cookie attacks, <discard 1 card.> Select up to 1 of your opponent's Cookies. During this turn, that Cookie deals -1 attack damage.",<{B}{B}{N}> Sparkling Swordsmanship 3,,0,0,0,BS7-079,1,"【Once Per Turn】 When your opponent's Cookie attacks, <discard 1 card.> Select up to 1 of your opponent's Cookies. During this turn, that Cookie deals -1 attack damage.
<{B}{B}{N}> Sparkling Swordsmanship 3",,SECRET ULTRA RARE,
BS7-079,BS7,079,Cream Soda Cookie,BOOSTER PACK [Arena of Glory],COOKIE,BLUE,BLUE MIX,2,4,Arena,UR,Soda Drop,"【Once Per Turn】 When your opponent's Cookie attacks, <discard 1 card.> Select up to 1 of your opponent's Cookies. During this turn, that Cookie deals -1 attack damage.",<{B}{B}{N}> Sparkling Swordsmanship 3,,0,0,0,BS7-079,0,"【Once Per Turn】 When your opponent's Cookie attacks, <discard 1 card.> Select up to 1 of your opponent's Cookies. During this turn, that Cookie deals -1 attack damage.
<{B}{B}{N}> Sparkling Swordsmanship 3",,ULTRA RARE,
BS7-078,BS7,078,Frostrock Cookie,BOOSTER PACK [Arena of Glory],FLIP,BLUE,BLUE,1,1,Arena,C,,,<{B}> The Sound of Winter 1,"If there is a {B} 【Arena】 Cookie in your battle area, the LV.2 or higher Cookie with this card attached for HP gains +1 HP.",0,0,0,BS7-078,0,"<{B}> The Sound of Winter 1
If there is a {B} 【Arena】 Cookie in your battle area, the LV.2 or higher Cookie with this card attached for HP gains +1 HP.",,COMMON,
BS7-077,BS7,077,Chili Pepper Cookie,BOOSTER PACK [Arena of Glory],COOKIE,BLUE,BLUE MIX,1,3,Arena,U,Opportunity Strike,"If this Cookie is in the battle area, your {R} 【Arena】 Cookies that are LV.2 or higher deal +1 effect damage.",<{B}{N}> 1\% Spicy 1,,0,0,0,BS7-077,0,"If this Cookie is in the battle area, your {R} 【Arena】 Cookies that are LV.2 or higher deal +1 effect damage.
<{B}{N}> 1\% Spicy 1",,UNCOMMON,
BS7-076@1,BS7,076@1,Cherry Cola Cookie,BOOSTER PACK [Arena of Glory],COOKIE,BLUE,BLUE MIX,1,3,Arena,SSR,Cherry Twin Swords,"【Activate】 If there is another {B} 【Arena】 Cookie in your battle area, <place this Cookie on the bottom of your deck.> Draw up to 1 card from your deck.",<{B}{N}> I must become stronger! 1,,0,0,0,BS7-076,1,"【Activate】 If there is another {B} 【Arena】 Cookie in your battle area, <place this Cookie on the bottom of your deck.> Draw up to 1 card from your deck.
<{B}{N}> I must become stronger! 1",,SECRET SUPER RARE,
BS7-076,BS7,076,Cherry Cola Cookie,BOOSTER PACK [Arena of Glory],COOKIE,BLUE,BLUE MIX,1,3,Arena,SR,Cherry Twin Swords,"【Activate】 If there is another {B} 【Arena】 Cookie in your battle area, <place this Cookie on the bottom of your deck.> Draw up to 1 card from your deck.",<{B}{N}> I must become stronger! 1,,0,0,0,BS7-076,0,"【Activate】 If there is another {B} 【Arena】 Cookie in your battle area, <place this Cookie on the bottom of your deck.> Draw up to 1 card from your deck.
<{B}{N}> I must become stronger! 1",,SUPER RARE,
BS7-075@1,BS7,075@1,Rose Cookie,BOOSTER PACK [Arena of Glory],COOKIE,BLUE,BLUE MIX,1,2,Arena,SEC,Rose Tango,"When this Cookie faints, <discard 1 【Arena】 Cookie from your hand.> Draw up to 2 cards from your deck.",<{B}{N}> Finale 2,,0,0,0,BS7-075,1,"When this Cookie faints, <discard 1 【Arena】 Cookie from your hand.> Draw up to 2 cards from your deck.
<{B}{N}> Finale 2",,SECRET RARE,
BS7-075,BS7,075,Rose Cookie,BOOSTER PACK [Arena of Glory],COOKIE,BLUE,BLUE MIX,1,2,Arena,R,Rose Tango,"When this Cookie faints, <discard 1 【Arena】 Cookie from your hand.> Draw up to 2 cards from your deck.",<{B}{N}> Finale 2,,0,0,0,BS7-075,0,"When this Cookie faints, <discard 1 【Arena】 Cookie from your hand.> Draw up to 2 cards from your deck.
<{B}{N}> Finale 2",,RARE,
BS7-074,BS7,074,Laurel Cookie,BOOSTER PACK [Arena of Glory],COOKIE,BLUE,BLUE,2,3,Arena,U,Mysterious Advice,"【On Play】 If there are 3 cards or less in your hand, draw up to 2 cards from your deck.",<{B}{B}> Explaining the Rules 2,,0,0,0,BS7-074,0,"【On Play】 If there are 3 cards or less in your hand, draw up to 2 cards from your deck.
<{B}{B}> Explaining the Rules 2",,UNCOMMON,
BS7-073,BS7,073,Knight Cookie,BOOSTER PACK [Arena of Glory],COOKIE,BLUE,BLUE MIX,2,4,Arena,C,,,"<{B}{N}> Candy Lance 1 
Then, if there are 3 cards or less in your hand and the attacked Cookie is LV.1, deals 3 damage.",,0,0,0,BS7-073,0,"<{B}{N}> Candy Lance 1 
Then, if there are 3 cards or less in your hand and the attacked Cookie is LV.1, deals 3 damage.",,COMMON,
BS7-072,BS7,072,Ice Mint Cookie,BOOSTER PACK [Arena of Glory],FLIP,BLUE,BLUE,2,2,Arena,C,,,<{B}{B}> Perfect Technique 2,"If there are 5 cards or less in your hand and there is a {B} 【Arena】 Cookie in your battle area, draw up to 2 cards from your deck.",0,0,0,BS7-072,0,"<{B}{B}> Perfect Technique 2
If there are 5 cards or less in your hand and there is a {B} 【Arena】 Cookie in your battle area, draw up to 2 cards from your deck.",,COMMON,
BS7-071,BS7,071,Marbleberry Cookie,BOOSTER PACK [Arena of Glory],COOKIE,BLUE,BLUE MIX,3,6,Arena,C,,,<{B}{B}{B}{N}> Glitch Shock 4,,0,0,0,BS7-071,0,<{B}{B}{B}{N}> Glitch Shock 4,,COMMON,
BS7-070@1,BS7,070@1,Raspberry Mousse Cookie,BOOSTER PACK [Arena of Glory],COOKIE,BLUE,BLUE MIX,2,4,Arena,SEC,,,"<{B}{B}{N}> Family's Pride 3 
Then, <place 1 {B} 【Arena】 Cookie that is LV.2 or lower except [Raspberry Mousse Cookie] from your battle area on the bottom of your deck.> Draw up to 1 card from your deck.",,0,0,0,BS7-070,1,"<{B}{B}{N}> Family's Pride 3 
Then, <place 1 {B} 【Arena】 Cookie that is LV.2 or lower except [Raspberry Mousse Cookie] from your battle area on the bottom of your deck.> Draw up to 1 card from your deck.",,SECRET RARE,
BS7-070,BS7,070,Raspberry Mousse Cookie,BOOSTER PACK [Arena of Glory],COOKIE,BLUE,BLUE MIX,2,4,Arena,R,,,"<{B}{B}{N}> Family's Pride 3 
Then, <place 1 {B} 【Arena】 Cookie that is LV.2 or lower except [Raspberry Mousse Cookie] from your battle area on the bottom of your deck.> Draw up to 1 card from your deck.",,0,0,0,BS7-070,0,"<{B}{B}{N}> Family's Pride 3 
Then, <place 1 {B} 【Arena】 Cookie that is LV.2 or lower except [Raspberry Mousse Cookie] from your battle area on the bottom of your deck.> Draw up to 1 card from your deck.",,RARE,
BS7-069,BS7,069,Leek Cookie,BOOSTER PACK [Arena of Glory],COOKIE,BLUE,BLUE,1,2,Arena,U,The Day of Vengeance,"【Activate】 【Once Per Turn】 <Discard 2 cards.> Select up to 1 other 【Arena】 Cookie in your battle area. During this turn, that Cookie gains +1 attack damage.",<{B}> Lone Blade 1,,0,0,0,BS7-069,0,"【Activate】 【Once Per Turn】 <Discard 2 cards.> Select up to 1 other 【Arena】 Cookie in your battle area. During this turn, that Cookie gains +1 attack damage.
<{B}> Lone Blade 1",,UNCOMMON,
BS7-068,BS7,068,General Jujube Cookie,BOOSTER PACK [Arena of Glory],COOKIE,BLUE,BLUE MIX,3,5,Arena,C,Hot Cup of Tea,"When your turn ends, you can draw cards from your deck until there are 4 cards in your hand.",<{B}{B}{N}> Cavalry Charge 3,,0,0,0,BS7-068,0,"When your turn ends, you can draw cards from your deck until there are 4 cards in your hand.
<{B}{B}{N}> Cavalry Charge 3",,COMMON,
BS7-067@1,BS7,067@1,Dark Choco Cookie,BOOSTER PACK [Arena of Glory],COOKIE,BLUE,BLUE,3,6,Arena,SSR,Sword of Darkness,"【Activate】 【Once Per Turn】 <{B}> If there are 5 cards or less in your hand, set this Cookie as active.","<{B}{B}> Dark Swordsmanship 1 
Then, <discard 1 【Arena】 card from your hand.> Select up to 1 of your opponent's LV.2 or higher Cookies. That Cookie receives 2 damage.",,0,0,0,BS7-067,1,"【Activate】 【Once Per Turn】 <{B}> If there are 5 cards or less in your hand, set this Cookie as active.
<{B}{B}> Dark Swordsmanship 1 
Then, <discard 1 【Arena】 card from your hand.> Select up to 1 of your opponent's LV.2 or higher Cookies. That Cookie receives 2 damage.",,SECRET SUPER RARE,
BS7-067,BS7,067,Dark Choco Cookie,BOOSTER PACK [Arena of Glory],COOKIE,BLUE,BLUE,3,6,Arena,SR,Sword of Darkness,"【Activate】 【Once Per Turn】 <{B}> If there are 5 cards or less in your hand, set this Cookie as active.","<{B}{B}> Dark Swordsmanship 1 
Then, <discard 1 【Arena】 card from your hand.> Select up to 1 of your opponent's LV.2 or higher Cookies. That Cookie receives 2 damage.",,0,0,0,BS7-067,0,"【Activate】 【Once Per Turn】 <{B}> If there are 5 cards or less in your hand, set this Cookie as active.
<{B}{B}> Dark Swordsmanship 1 
Then, <discard 1 【Arena】 card from your hand.> Select up to 1 of your opponent's LV.2 or higher Cookies. That Cookie receives 2 damage.",,SUPER RARE,
BS7-066,BS7,066,Princess Cookie,BOOSTER PACK [Arena of Glory],COOKIE,BLUE,BLUE,1,2,Arena,C,,,"<{B}> The Spirit of Love 1 
Then, <discard 2 【Arena】 cards from your hand.> Deals 1 damage.",,0,0,0,BS7-066,0,"<{B}> The Spirit of Love 1 
Then, <discard 2 【Arena】 cards from your hand.> Deals 1 damage.",,COMMON,
BS7-065,BS7,065,Cookie Games Stadium,BOOSTER PACK [Arena of Glory],STAGE,GREEN,GREEN,,,Arena,U,,,"<{G}> Place in your stage area.
 
【Activate】 <Rest this card.> Play up to 1 【Arena】 Cookie from your support area. If you do, draw up to 1 card from your deck.",,0,0,0,BS7-065,0,"<{G}> Place in your stage area.
 
【Activate】 <Rest this card.> Play up to 1 【Arena】 Cookie from your support area. If you do, draw up to 1 card from your deck.",,UNCOMMON,
BS7-064,BS7,064,Cookie Windmill,BOOSTER PACK [Arena of Glory],TRAP,GREEN,GREEN,,,Arena,U,,,"<{G}> Select up to 1 of your opponent's Cookies. During this turn, that Cookie deals -1 attack damage. Then, <place 1 card from your support area into the trash.> Place up to 1 Cookie from your trash into your support area as rested.",,0,0,0,BS7-064,0,"<{G}> Select up to 1 of your opponent's Cookies. During this turn, that Cookie deals -1 attack damage. Then, <place 1 card from your support area into the trash.> Place up to 1 Cookie from your trash into your support area as rested.",,UNCOMMON,
BS7-063,BS7,063,Grand Cookie Games Trophy,BOOSTER PACK [Arena of Glory],ITEM,GREEN,GREEN,,,Arena,U,,,"<{G}{G}> View 3 cards from the top of your deck and place up to 1 【Arena】 card from those in your support area as rested. Then, place the remaining cards in the trash.",,0,0,0,BS7-063,0,"<{G}{G}> View 3 cards from the top of your deck and place up to 1 【Arena】 card from those in your support area as rested. Then, place the remaining cards in the trash.",,UNCOMMON,
BS7-062,BS7,062,Plantain Cookie,BOOSTER PACK [Arena of Glory],FLIP,GREEN,GREEN,1,1,Arena,C,,,<{G}> Hearty Meal 1,"If there are 5 cards or less in your hand and there is a {G} 【Arena】 Cookie in your battle area, draw up to 2 cards from your deck.",0,0,0,BS7-062,0,"<{G}> Hearty Meal 1
If there are 5 cards or less in your hand and there is a {G} 【Arena】 Cookie in your battle area, draw up to 2 cards from your deck.",,COMMON,
BS7-061,BS7,061,Pancake Cookie,BOOSTER PACK [Arena of Glory],COOKIE,GREEN,GREEN MIX,2,4,Arena,U,Wink Attack,【On Play】 <Place 1 【Arena】 card from your support area into the trash.> Draw up to 2 cards from your deck.,<{G}{G}{N}> Acorn Shower 3,,0,0,0,BS7-061,0,"【On Play】 <Place 1 【Arena】 card from your support area into the trash.> Draw up to 2 cards from your deck.
<{G}{G}{N}> Acorn Shower 3",,UNCOMMON,
BS7-060,BS7,060,Custard Cookie III,BOOSTER PACK [Arena of Glory],COOKIE,GREEN,GREEN MIX,1,2,Arena,U,Royal Blessing,"When this Cookie is played from the support area, draw up to 1 card from your deck.","<{G}{N}> Royal, coming through! 2",,0,0,0,BS7-060,0,"When this Cookie is played from the support area, draw up to 1 card from your deck.
<{G}{N}> Royal, coming through! 2",,UNCOMMON,
BS7-059@1,BS7,059@1,Choco Drizzle Cookie,BOOSTER PACK [Arena of Glory],COOKIE,GREEN,GREEN,3,6,Arena,SUR,Choco Shadow,"When this Cookie is played from the support area, select up to 1 of your opponent's Cookies. That Cookie receives 2 damage.","<{G}{G}{G}> Thick Choco Syrup 3 
Then, <place 1 card from your support area into the trash.> Select up to 1 {G} LV.2 or lower Cookie in your battle area. Place that Cookie in your support area as active.",,0,0,0,BS7-059,1,"When this Cookie is played from the support area, select up to 1 of your opponent's Cookies. That Cookie receives 2 damage.
<{G}{G}{G}> Thick Choco Syrup 3 
Then, <place 1 card from your support area into the trash.> Select up to 1 {G} LV.2 or lower Cookie in your battle area. Place that Cookie in your support area as active.",,SECRET ULTRA RARE,
BS7-059,BS7,059,Choco Drizzle Cookie,BOOSTER PACK [Arena of Glory],COOKIE,GREEN,GREEN,3,6,Arena,UR,Choco Shadow,"When this Cookie is played from the support area, select up to 1 of your opponent's Cookies. That Cookie receives 2 damage.","<{G}{G}{G}> Thick Choco Syrup 3 
Then, <place 1 card from your support area into the trash.> Select up to 1 {G} LV.2 or lower Cookie in your battle area. Place that Cookie in your support area as active.",,0,0,0,BS7-059,0,"When this Cookie is played from the support area, select up to 1 of your opponent's Cookies. That Cookie receives 2 damage.
<{G}{G}{G}> Thick Choco Syrup 3 
Then, <place 1 card from your support area into the trash.> Select up to 1 {G} LV.2 or lower Cookie in your battle area. Place that Cookie in your support area as active.",,ULTRA RARE,
BS7-058@1,BS7,058@1,Schwarzwälder,BOOSTER PACK [Arena of Glory],COOKIE,GREEN,GREEN MIX,2,4,Arena,SEC,Ginormous Hammer,"If there are 5 【Arena】 cards or more in your support area, this Cookie gains +2 attack damage.",<{G}{G}{N}> Brutal Smash! 2,,0,0,0,BS7-058,1,"If there are 5 【Arena】 cards or more in your support area, this Cookie gains +2 attack damage.
<{G}{G}{N}> Brutal Smash! 2",,SECRET RARE,
BS7-058,BS7,058,Schwarzwälder,BOOSTER PACK [Arena of Glory],COOKIE,GREEN,GREEN MIX,2,4,Arena,R,Ginormous Hammer,"If there are 5 【Arena】 cards or more in your support area, this Cookie gains +2 attack damage.",<{G}{G}{N}> Brutal Smash! 2,,0,0,0,BS7-058,0,"If there are 5 【Arena】 cards or more in your support area, this Cookie gains +2 attack damage.
<{G}{G}{N}> Brutal Smash! 2",,RARE,
BS7-057@1,BS7,057@1,Pudding à la Mode Cookie,BOOSTER PACK [Arena of Glory],COOKIE,GREEN,GREEN MIX,1,3,Arena,SUR,Elimination mode on!,"【Activate】 <{G}{G}> <Select 1 LV.2 or higher 【Arena】 Cookie from your support area.> Place this card in your support area as rested. Then, play that Cookie.",<{G}{N}> Zap! Boom! 1,,0,0,0,BS7-057,1,"【Activate】 <{G}{G}> <Select 1 LV.2 or higher 【Arena】 Cookie from your support area.> Place this card in your support area as rested. Then, play that Cookie.
<{G}{N}> Zap! Boom! 1",,SECRET ULTRA RARE,
BS7-057,BS7,057,Pudding à la Mode Cookie,BOOSTER PACK [Arena of Glory],COOKIE,GREEN,GREEN MIX,1,3,Arena,UR,Elimination mode on!,"【Activate】 <{G}{G}> <Select 1 LV.2 or higher 【Arena】 Cookie from your support area.> Place this card in your support area as rested. Then, play that Cookie.",<{G}{N}> Zap! Boom! 1,,0,0,0,BS7-057,0,"【Activate】 <{G}{G}> <Select 1 LV.2 or higher 【Arena】 Cookie from your support area.> Place this card in your support area as rested. Then, play that Cookie.
<{G}{N}> Zap! Boom! 1",,ULTRA RARE,
BS7-056,BS7,056,Sting Durian Cookie,BOOSTER PACK [Arena of Glory],FLIP,GREEN,GREEN,2,2,Arena,C,,,<{G}{G}> Durian Stink 2,"If there is a {G} 【Arena】 Cookie in your battle area, the LV.2 or higher Cookie with this card attached for HP gains +1 HP.",0,0,0,BS7-056,0,"<{G}{G}> Durian Stink 2
If there is a {G} 【Arena】 Cookie in your battle area, the LV.2 or higher Cookie with this card attached for HP gains +1 HP.",,COMMON,
BS7-055,BS7,055,Shining Glitter Cookie,BOOSTER PACK [Arena of Glory],COOKIE,GREEN,GREEN MIX,3,5,Arena,C,Pink Supercar,【Activate】 【Once Per Turn】 Play up to 1 Cookie from your support area.,<{G}{N}{N}> Spectacular Performance 3,,0,0,0,BS7-055,0,"【Activate】 【Once Per Turn】 Play up to 1 Cookie from your support area.
<{G}{N}{N}> Spectacular Performance 3",,COMMON,
BS7-054,BS7,054,Black Lemonade Cookie,BOOSTER PACK [Arena of Glory],COOKIE,GREEN,GREEN,2,3,Arena,C,Let's start the show,【On Play】 <Return 1 card from your support area to your hand.> Place up to 1 card from your hand into your support area as rested.,<{G}{G}> Intense Song 2,,0,0,0,BS7-054,0,"【On Play】 <Return 1 card from your support area to your hand.> Place up to 1 card from your hand into your support area as rested.
<{G}{G}> Intense Song 2",,COMMON,
BS7-053,BS7,053,Red Velvet Cookie,BOOSTER PACK [Arena of Glory],COOKIE,GREEN,GREEN MIX,3,4,Arena,C,TO BATTLE!,"【Activate】 【Once Per Turn】 If there are 5 【Arena】 cards or more in your support area, set this Cookie as active.",<{G}{N}> Cake Blade 2,,0,0,0,BS7-053,0,"【Activate】 【Once Per Turn】 If there are 5 【Arena】 cards or more in your support area, set this Cookie as active.
<{G}{N}> Cake Blade 2",,COMMON,
BS7-052,BS7,052,Vampire Cookie,BOOSTER PACK [Arena of Glory],COOKIE,GREEN,GREEN MIX,3,6,Arena,C,,,<{G}{G}{G}{N}> Vampirism 4,,0,0,0,BS7-052,0,<{G}{G}{G}{N}> Vampirism 4,,COMMON,
BS7-051,BS7,051,Mint Choco Cookie,BOOSTER PACK [Arena of Glory],COOKIE,GREEN,GREEN MIX,1,3,Arena,C,Consistent Practice,"【Activate】 【Once Per Turn】 <Place 1 【Arena】 card from your support area into the trash.> View 3 cards from the top of your deck and place up to 1 of them in your support area as rested. Then, place the remaining cards in the trash.",<{G}{N}> A light piece to start off! 1,,0,0,0,BS7-051,0,"【Activate】 【Once Per Turn】 <Place 1 【Arena】 card from your support area into the trash.> View 3 cards from the top of your deck and place up to 1 of them in your support area as rested. Then, place the remaining cards in the trash.
<{G}{N}> A light piece to start off! 1",,COMMON,
BS7-050,BS7,050,Rockstar Cookie,BOOSTER PACK [Arena of Glory],COOKIE,GREEN,GREEN,1,2,Arena,C,Gift From a Fan,"When this Cookie faints, <return 1 card from your support area to your hand.> Select up to 1 of your opponent's rested Cookies. That Cookie receives 1 damage.",<{G}> Wooohooo! 1,,0,0,0,BS7-050,0,"When this Cookie faints, <return 1 card from your support area to your hand.> Select up to 1 of your opponent's rested Cookies. That Cookie receives 1 damage.
<{G}> Wooohooo! 1",,COMMON,
BS7-049,BS7,049,Strawberry Crepe Cookie,BOOSTER PACK [Arena of Glory],COOKIE,GREEN,GREEN MIX,2,5,Arena,U,How curious!,"【Activate】 【Once Per Turn】 <{G}> <Place 1 【Arena】 card from your support area into the trash.> If there are 6 cards or less in your hand, draw 1 card from your deck and place 1 card from the top of your deck in your support area as rested.",<{G}{G}{N}> Ha ha! Elementary! 2,,0,0,0,BS7-049,0,"【Activate】 【Once Per Turn】 <{G}> <Place 1 【Arena】 card from your support area into the trash.> If there are 6 cards or less in your hand, draw 1 card from your deck and place 1 card from the top of your deck in your support area as rested.
<{G}{G}{N}> Ha ha! Elementary! 2",,UNCOMMON,
BS7-048@1,BS7,048@1,Poison Mushroom Cookie,BOOSTER PACK [Arena of Glory],COOKIE,GREEN,GREEN,1,2,Arena,SSR,Odd Mushrooms,"When this Cookie faints, <can be used as {G}.> Place up to 1 【Arena】 card from your hand into your support area as active.","<{G}{G}> Come with me, little spores...! 2",,0,0,0,BS7-048,1,"When this Cookie faints, <can be used as {G}.> Place up to 1 【Arena】 card from your hand into your support area as active.
<{G}{G}> Come with me, little spores...! 2",,SECRET SUPER RARE,
BS7-048,BS7,048,Poison Mushroom Cookie,BOOSTER PACK [Arena of Glory],COOKIE,GREEN,GREEN,1,2,Arena,SR,Odd Mushrooms,"When this Cookie faints, <can be used as {G}.> Place up to 1 【Arena】 card from your hand into your support area as active.","<{G}{G}> Come with me, little spores...! 2",,0,0,0,BS7-048,0,"When this Cookie faints, <can be used as {G}.> Place up to 1 【Arena】 card from your hand into your support area as active.
<{G}{G}> Come with me, little spores...! 2",,SUPER RARE,
BS7-047,BS7,047,Moon Rabbit Cookie,BOOSTER PACK [Arena of Glory],COOKIE,,MIX,2,4,Arena,C,,,<{N}{N}{N}> Tho tafty! 3,,0,0,0,BS7-047,0,<{N}{N}{N}> Tho tafty! 3,,COMMON,
BS7-046@1,BS7,046@1,Green Tea Mousse Cookie,BOOSTER PACK [Arena of Glory],COOKIE,GREEN,GREEN MIX,2,4,Arena,SSR,Winner takes all!,"When this Cookie is played from the support area, <discard 1 card.> Place up to 1 card from the top of your deck into your support area as active.","<{G}{G}{N}> I'll handle this 3 
Then, play up to 1 【Arena】 Cookie from your support area.",,0,0,0,BS7-046,1,"When this Cookie is played from the support area, <discard 1 card.> Place up to 1 card from the top of your deck into your support area as active.
<{G}{G}{N}> I'll handle this 3 
Then, play up to 1 【Arena】 Cookie from your support area.",,SECRET SUPER RARE,
BS7-046,BS7,046,Green Tea Mousse Cookie,BOOSTER PACK [Arena of Glory],COOKIE,GREEN,GREEN MIX,2,4,Arena,SR,Winner takes all!,"When this Cookie is played from the support area, <discard 1 card.> Place up to 1 card from the top of your deck into your support area as active.","<{G}{G}{N}> I'll handle this 3 
Then, play up to 1 【Arena】 Cookie from your support area.",,0,0,0,BS7-046,0,"When this Cookie is played from the support area, <discard 1 card.> Place up to 1 card from the top of your deck into your support area as active.
<{G}{G}{N}> I'll handle this 3 
Then, play up to 1 【Arena】 Cookie from your support area.",,SUPER RARE,
BS7-045,BS7,045,Kumiho Cookie,BOOSTER PACK [Arena of Glory],COOKIE,GREEN,GREEN,1,2,Arena,C,Cookie Transformation Magic,【On Play】 Play up to 1 【Arena】 Cookie from your support area.,<{G}> Kyawoo! 1,,0,0,0,BS7-045,0,"【On Play】 Play up to 1 【Arena】 Cookie from your support area.
<{G}> Kyawoo! 1",,COMMON,
BS7-044@2,BS7,044@2,Licorice Cookie,BS11 Release Event,COOKIE,GREEN,GREEN,2,3,ARENA,P,Secret Diary,"【Your Turn】 When this Cookie is played from the support area, rest up to 2 cards in your opponent's support area.",<{G}{G}{N}> Licorice Servants deals 3,,0,0,0,BS7-044,1,"【Your Turn】 When this Cookie is played from the support area, rest up to 2 cards in your opponent's support area.
<{G}{G}{N}> Licorice Servants deals 3",,PROMOTION,
BS7-044@1,BS7,044@1,Licorice Cookie,BOOSTER PACK [Arena of Glory],COOKIE,GREEN,GREEN MIX,2,3,Arena,SEC,Secret Diary,"【Your Turn】 When this Cookie is played from the support area, rest up to 2 cards in your opponent's support area.",<{G}{G}{N}> Licorice Servants 3,,0,0,0,BS7-044,1,"【Your Turn】 When this Cookie is played from the support area, rest up to 2 cards in your opponent's support area.
<{G}{G}{N}> Licorice Servants 3",,SECRET RARE,
BS7-044,BS7,044,Licorice Cookie,BOOSTER PACK [Arena of Glory],COOKIE,GREEN,GREEN MIX,2,3,Arena,R,Secret Diary,"【Your Turn】 When this Cookie is played from the support area, rest up to 2 cards in your opponent's support area.",<{G}{G}{N}> Licorice Servants 3,,0,0,0,BS7-044,0,"【Your Turn】 When this Cookie is played from the support area, rest up to 2 cards in your opponent's support area.
<{G}{G}{N}> Licorice Servants 3",,RARE,
BS7-043,BS7,043,Crème Knights' Quarters,BOOSTER PACK [Arena of Glory],STAGE,YELLOW,YELLOW,,,Arena,U,,,"<{Y}{Y}> Place in your stage area.

【Activate】 <{Y}> <Rest this card.> During this turn, if an 【Arena】 Cookie has been placed in your break area, select up to 1 of your Cookies. That Cookie gains +1 HP.",,0,0,0,BS7-043,0,"<{Y}{Y}> Place in your stage area.

【Activate】 <{Y}> <Rest this card.> During this turn, if an 【Arena】 Cookie has been placed in your break area, select up to 1 of your Cookies. That Cookie gains +1 HP.",,UNCOMMON,
BS7-042,BS7,042,Valiant Victor's Salvation,BOOSTER PACK [Arena of Glory],TRAP,YELLOW,YELLOW,,,Arena,U,,,"<{Y}> Select up to 1 of your opponent's Cookies. During this turn, that Cookie deals -1 attack damage. Then, if there are 3 【Arena】 Cookies or more in your break area, select up to 1 of your opponent's Cookies. During this turn, that Cookie deals -1 attack damage.",,0,0,0,BS7-042,0,"<{Y}> Select up to 1 of your opponent's Cookies. During this turn, that Cookie deals -1 attack damage. Then, if there are 3 【Arena】 Cookies or more in your break area, select up to 1 of your opponent's Cookies. During this turn, that Cookie deals -1 attack damage.",,UNCOMMON,
BS7-041,BS7,041,The Key to Unbreakable Faith,BOOSTER PACK [Arena of Glory],ITEM,YELLOW,YELLOW,,,Arena,U,,,"<{Y}> During this turn, if an 【Arena】 Cookie has been placed in your break area, select up to 1 of your Cookies. During this turn, that Cookie gains +1 attack damage. Then, draw up to 1 card from your deck.",,0,0,0,BS7-041,0,"<{Y}> During this turn, if an 【Arena】 Cookie has been placed in your break area, select up to 1 of your Cookies. During this turn, that Cookie gains +1 attack damage. Then, draw up to 1 card from your deck.",,UNCOMMON,
BS7-040,BS7,040,Whipped Cream Cookie,BOOSTER PACK [Arena of Glory],COOKIE,YELLOW,YELLOW,1,2,Arena,C,Cream Rose Bouquets,"When this Cookie faints, <can be used as {Y}.> Select up to 1 of your 【Arena】 Cookies. That Cookie gains +1 HP.",<{Y}> I breathe ballet! 1,,0,0,0,BS7-040,0,"When this Cookie faints, <can be used as {Y}.> Select up to 1 of your 【Arena】 Cookies. That Cookie gains +1 HP.
<{Y}> I breathe ballet! 1",,COMMON,
BS7-039@1,BS7,039@1,Financier Cookie,BOOSTER PACK [Arena of Glory],COOKIE,YELLOW,YELLOW MIX,3,5,Arena,SSR,Light's Shield,【Activate】 【Once Per Turn】 <Place 1 Cookie from your hand into your break area.> This Cookie gains +1 HP.,"<{Y}{Y}{N}> Unwavering Oath 3 
Then, during this turn, if an 【Arena】 Cookie has been placed in your break area, all of your opponent's Cookies receive 1 damage.",,0,0,0,BS7-039,1,"【Activate】 【Once Per Turn】 <Place 1 Cookie from your hand into your break area.> This Cookie gains +1 HP.
<{Y}{Y}{N}> Unwavering Oath 3 
Then, during this turn, if an 【Arena】 Cookie has been placed in your break area, all of your opponent's Cookies receive 1 damage.",,SECRET SUPER RARE,
BS7-039,BS7,039,Financier Cookie,BOOSTER PACK [Arena of Glory],COOKIE,YELLOW,YELLOW MIX,3,5,Arena,SR,Light's Shield,【Activate】 【Once Per Turn】 <Place 1 Cookie from your hand into your break area.> This Cookie gains +1 HP.,"<{Y}{Y}{N}> Unwavering Oath 3 
Then, during this turn, if an 【Arena】 Cookie has been placed in your break area, all of your opponent's Cookies receive 1 damage.",,0,0,0,BS7-039,0,"【Activate】 【Once Per Turn】 <Place 1 Cookie from your hand into your break area.> This Cookie gains +1 HP.
<{Y}{Y}{N}> Unwavering Oath 3 
Then, during this turn, if an 【Arena】 Cookie has been placed in your break area, all of your opponent's Cookies receive 1 damage.",,SUPER RARE,
BS7-038@1,BS7,038@1,Clotted Cream Cookie,BOOSTER PACK [Arena of Glory],COOKIE,YELLOW,YELLOW MIX,1,2,Arena,SEC,,,"<{Y}{N}> Light Cage 2 
Then, <place 1 Cookie from your hand into your break area.> Select up to 1 LV.1 【Arena】 Cookie in your break area other than the placed Cookie. Return that Cookie to your hand.",,0,0,0,BS7-038,1,"<{Y}{N}> Light Cage 2 
Then, <place 1 Cookie from your hand into your break area.> Select up to 1 LV.1 【Arena】 Cookie in your break area other than the placed Cookie. Return that Cookie to your hand.",,SECRET RARE,
BS7-038,BS7,038,Clotted Cream Cookie,BOOSTER PACK [Arena of Glory],COOKIE,YELLOW,YELLOW MIX,1,2,Arena,R,,,"<{Y}{N}> Light Cage 2 
Then, <place 1 Cookie from your hand into your break area.> Select up to 1 LV.1 【Arena】 Cookie in your break area other than the placed Cookie. Return that Cookie to your hand.",,0,0,0,BS7-038,0,"<{Y}{N}> Light Cage 2 
Then, <place 1 Cookie from your hand into your break area.> Select up to 1 LV.1 【Arena】 Cookie in your break area other than the placed Cookie. Return that Cookie to your hand.",,RARE,
BS7-037@1,BS7,037@1,Crème Brûlée Cookie,BOOSTER PACK [Arena of Glory],COOKIE,YELLOW,YELLOW MIX,1,3,Arena,SEC,New Variation,"【Activate】 If there is another {Y} 【Arena】 Cookie in your battle area, <place this Cookie in your break area.> Select up to 1 of your opponent's Cookies. That Cookie receives 1 damage.",<{Y}{N}> Prestissimo! 1,,0,0,0,BS7-037,1,"【Activate】 If there is another {Y} 【Arena】 Cookie in your battle area, <place this Cookie in your break area.> Select up to 1 of your opponent's Cookies. That Cookie receives 1 damage.
<{Y}{N}> Prestissimo! 1",,SECRET RARE,
BS7-037,BS7,037,Crème Brûlée Cookie,BOOSTER PACK [Arena of Glory],COOKIE,YELLOW,YELLOW MIX,1,3,Arena,R,New Variation,"【Activate】 If there is another {Y} 【Arena】 Cookie in your battle area, <place this Cookie in your break area.> Select up to 1 of your opponent's Cookies. That Cookie receives 1 damage.",<{Y}{N}> Prestissimo! 1,,0,0,0,BS7-037,0,"【Activate】 If there is another {Y} 【Arena】 Cookie in your battle area, <place this Cookie in your break area.> Select up to 1 of your opponent's Cookies. That Cookie receives 1 damage.
<{Y}{N}> Prestissimo! 1",,RARE,
BS7-036,BS7,036,Crème Knights Preceptor,BOOSTER PACK [Arena of Glory],COOKIE,YELLOW,YELLOW MIX,2,4,Arena,C,Unfaltering Stance,【On Play】 Select up to 1 【Arena】 Cookie that does not have 【Skill】 in your battle area. That Cookie gains +1 HP.,<{Y}{Y}{N}> Preceptor's Command 3,,0,0,0,BS7-036,0,"【On Play】 Select up to 1 【Arena】 Cookie that does not have 【Skill】 in your battle area. That Cookie gains +1 HP.
<{Y}{Y}{N}> Preceptor's Command 3",,COMMON,
BS7-035@3,BS7,035@3,Kouign-Amann Cookie,2026 NA Brave League,COOKIE,YELLOW,YELLOW,1,2,ARENA,P,Strike of Light,"【On Play】 When [Capsaicin Cookie] or [Prune Juice Cookie] is in your battle area, this Cookie gains +1 HP.
【Activate】 <{N}> <Rest this card.> When another 【Arena】 Cookie is in your battle area, select up to 1 of your opponent's Cookies. That Cookie receives 1 damage.",<{Y}{N}> The Paladin's Way deals 2,,0,0,0,BS7-035,1,"【On Play】 When [Capsaicin Cookie] or [Prune Juice Cookie] is in your battle area, this Cookie gains +1 HP.
【Activate】 <{N}> <Rest this card.> When another 【Arena】 Cookie is in your battle area, select up to 1 of your opponent's Cookies. That Cookie receives 1 damage.
<{Y}{N}> The Paladin's Way deals 2",,PROMOTION,
BS7-035@2,BS7,035@2,Kouign-Amann Cookie,promotion card,COOKIE,YELLOW,YELLOW MIX,1,2,ARENA,P,Strike of Light,"【On Play】 When [Capsaicin Cookie] or [Prune Juice Cookie] is in your battle area, this Cookie gains +1 HP.
【Activate】 <{N}> <Rest this card.> When another 【Arena】 Cookie is in your battle area, select up to 1 of your opponent's Cookies. That Cookie receives 1 damage.",<{Y}{N}> The Paladin's Way deals 2,,0,0,0,BS7-035,1,"【On Play】 When [Capsaicin Cookie] or [Prune Juice Cookie] is in your battle area, this Cookie gains +1 HP.
【Activate】 <{N}> <Rest this card.> When another 【Arena】 Cookie is in your battle area, select up to 1 of your opponent's Cookies. That Cookie receives 1 damage.
<{Y}{N}> The Paladin's Way deals 2",,PROMOTION,
BS7-035@1,BS7,035@1,Kouign-Amann Cookie,BOOSTER PACK [Arena of Glory],COOKIE,YELLOW,YELLOW MIX,1,2,Arena,SUR,Strike of Light,"【On Play】 When [Capsaicin Cookie] or [Prune Juice Cookie] is in your battle area, this Cookie gains +1 HP.
【Activate】 <{N}> <Rest this card.> When another 【Arena】 Cookie is in your battle area, select up to 1 of your opponent's Cookies. That Cookie receives 1 damage.",<{Y}{N}> The Paladin's Way 2,,0,0,0,BS7-035,1,"【On Play】 When [Capsaicin Cookie] or [Prune Juice Cookie] is in your battle area, this Cookie gains +1 HP.
【Activate】 <{N}> <Rest this card.> When another 【Arena】 Cookie is in your battle area, select up to 1 of your opponent's Cookies. That Cookie receives 1 damage.
<{Y}{N}> The Paladin's Way 2",,SECRET ULTRA RARE,
BS7-035,BS7,035,Kouign-Amann Cookie,BOOSTER PACK [Arena of Glory],COOKIE,YELLOW,YELLOW MIX,1,2,Arena,UR,Strike of Light,"【On Play】 When [Capsaicin Cookie] or [Prune Juice Cookie] is in your battle area, this Cookie gains +1 HP.
【Activate】 <{N}> <Rest this card.> When another 【Arena】 Cookie is in your battle area, select up to 1 of your opponent's Cookies. That Cookie receives 1 damage.",<{Y}{N}> The Paladin's Way 2,,0,0,0,BS7-035,0,"【On Play】 When [Capsaicin Cookie] or [Prune Juice Cookie] is in your battle area, this Cookie gains +1 HP.
【Activate】 <{N}> <Rest this card.> When another 【Arena】 Cookie is in your battle area, select up to 1 of your opponent's Cookies. That Cookie receives 1 damage.
<{Y}{N}> The Paladin's Way 2",,ULTRA RARE,
BS7-034,BS7,034,Serious Paladin Trainee,BOOSTER PACK [Arena of Glory],COOKIE,,MIX,1,2,Arena,C,,,<{N}{N}> Training for Victory 2,,0,0,0,BS7-034,0,<{N}{N}> Training for Victory 2,,COMMON,
BS7-033,BS7,033,Candy Drop Cookie,BOOSTER PACK [Arena of Glory],COOKIE,YELLOW,YELLOW MIX,3,5,Arena,U,Virtuous Precepts,【On Play】 <Place 1 other 【Arena】 Cookie from your battle area in your break area.> Select up to 1 of your opponent's Cookies. That Cookie receives 2 damage.,<{Y}{Y}{N}> Lotus Jade 2,,0,0,0,BS7-033,0,"【On Play】 <Place 1 other 【Arena】 Cookie from your battle area in your break area.> Select up to 1 of your opponent's Cookies. That Cookie receives 2 damage.
<{Y}{Y}{N}> Lotus Jade 2",,UNCOMMON,
BS7-032,BS7,032,Onyx Cream Cookie,BOOSTER PACK [Arena of Glory],COOKIE,YELLOW,YELLOW MIX,2,4,Arena,C,"It's dangerous, follow me","【Activate】 【Once Per Turn】 During this turn, if an 【Arena】 Cookie has been placed in your break area, set this Cookie as active.",<{Y}{Y}{N}> Finishing Slash 3,,0,0,0,BS7-032,0,"【Activate】 【Once Per Turn】 During this turn, if an 【Arena】 Cookie has been placed in your break area, set this Cookie as active.
<{Y}{Y}{N}> Finishing Slash 3",,COMMON,
BS7-031,BS7,031,Vanilla Sugar Cookie,BOOSTER PACK [Arena of Glory],COOKIE,YELLOW,YELLOW MIX,1,3,Arena,C,I do not want another war...!,【On Play】 <{Y}> <Discard 1 card.> Select up to 1 【Arena】 Cookie in your battle area. That Cookie gains +1 HP.,<{Y}{N}> Paladin Training 1,,0,0,0,BS7-031,0,"【On Play】 <{Y}> <Discard 1 card.> Select up to 1 【Arena】 Cookie in your battle area. That Cookie gains +1 HP.
<{Y}{N}> Paladin Training 1",,COMMON,
BS7-030,BS7,030,Rainbow Sherbet Cookie,BOOSTER PACK [Arena of Glory],FLIP,YELLOW,YELLOW,1,1,Arena,C,,"If there are 5 cards or less in your hand and there is a {Y} 【Arena】 Cookie in your battle area, draw up to 2 cards from your deck.",<{Y}> You can call me for anything! 1,"If there are 5 cards or less in your hand and there is a {Y} 【Arena】 Cookie in your battle area, draw up to 2 cards from your deck.",0,0,0,BS7-030,0,"If there are 5 cards or less in your hand and there is a {Y} 【Arena】 Cookie in your battle area, draw up to 2 cards from your deck.
<{Y}> You can call me for anything! 1
If there are 5 cards or less in your hand and there is a {Y} 【Arena】 Cookie in your battle area, draw up to 2 cards from your deck.",,COMMON,
BS7-029@1,BS7,029@1,Madeleine Cookie,BOOSTER PACK [Arena of Glory],COOKIE,YELLOW,YELLOW MIX,2,4,Arena,SSR,Commander's Honor,"【Activate】 【Once Per Turn】 <{Y}> During this turn, if an 【Arena】 Cookie has been placed in your break area, select up to 1 of your opponent's Cookies. That Cookie receives 2 damage.",<{Y}{N}{N}> The Light shall protect us! 2,,0,0,0,BS7-029,1,"【Activate】 【Once Per Turn】 <{Y}> During this turn, if an 【Arena】 Cookie has been placed in your break area, select up to 1 of your opponent's Cookies. That Cookie receives 2 damage.
<{Y}{N}{N}> The Light shall protect us! 2",,SECRET SUPER RARE,
BS7-029,BS7,029,Madeleine Cookie,BOOSTER PACK [Arena of Glory],COOKIE,YELLOW,YELLOW MIX,2,4,Arena,SR,Commander's Honor,"【Activate】 【Once Per Turn】 <{Y}> During this turn, if an 【Arena】 Cookie has been placed in your break area, select up to 1 of your opponent's Cookies. That Cookie receives 2 damage.",<{Y}{N}{N}> The Light shall protect us! 2,,0,0,0,BS7-029,0,"【Activate】 【Once Per Turn】 <{Y}> During this turn, if an 【Arena】 Cookie has been placed in your break area, select up to 1 of your opponent's Cookies. That Cookie receives 2 damage.
<{Y}{N}{N}> The Light shall protect us! 2",,SUPER RARE,
BS7-028,BS7,028,Lemon Zest Cookie,BOOSTER PACK [Arena of Glory],COOKIE,YELLOW,YELLOW MIX,2,4,Arena,U,Think you can beat me?,"【Activate】 【Once Per Turn】 During this turn, if an 【Arena】 Cookie has been placed in your break area, draw up to 1 card from your deck.",<{Y}{Y}{N}> Focused Lightning 3,,0,0,0,BS7-028,0,"【Activate】 【Once Per Turn】 During this turn, if an 【Arena】 Cookie has been placed in your break area, draw up to 1 card from your deck.
<{Y}{Y}{N}> Focused Lightning 3",,UNCOMMON,
BS7-027,BS7,027,Lemon Cookie,BOOSTER PACK [Arena of Glory],COOKIE,YELLOW,YELLOW MIX,1,3,Arena,U,Lightning Rush,"【Activate】 【Once Per Turn】 <{Y}> During this turn, if an 【Arena】 Cookie has been placed in your break area, select up to 1 of your Cookies. During this turn, that Cookie gains +2 attack damage.",<{Y}{N}> Static shocks can sting 1,,0,0,0,BS7-027,0,"【Activate】 【Once Per Turn】 <{Y}> During this turn, if an 【Arena】 Cookie has been placed in your break area, select up to 1 of your Cookies. During this turn, that Cookie gains +2 attack damage.
<{Y}{N}> Static shocks can sting 1",,UNCOMMON,
BS7-026,BS7,026,Twisted Donut Cookie,BOOSTER PACK [Arena of Glory],COOKIE,YELLOW,YELLOW,1,2,Arena,C,,,"<{Y}> Train Repairs 1 
Then, <place this Cookie in your break area.> Select up to 1 of your 【Arena】 Cookies. That Cookie gains +1 HP.",,0,0,0,BS7-026,0,"<{Y}> Train Repairs 1 
Then, <place this Cookie in your break area.> Select up to 1 of your 【Arena】 Cookies. That Cookie gains +1 HP.",,COMMON,
BS7-025,BS7,025,Golden Osmanthus Cookie,BOOSTER PACK [Arena of Glory],FLIP,YELLOW,YELLOW,1,1,Arena,C,,,<{Y}> May the scent envelop you! 1,"If there is a {Y} 【Arena】 Cookie in your battle area, the LV.2 or higher Cookie with this card attached for HP gains +1 HP.",0,0,0,BS7-025,0,"<{Y}> May the scent envelop you! 1
If there is a {Y} 【Arena】 Cookie in your battle area, the LV.2 or higher Cookie with this card attached for HP gains +1 HP.",,COMMON,
BS7-024,BS7,024,Ice Juggler Cookie,BOOSTER PACK [Arena of Glory],COOKIE,YELLOW,YELLOW MIX,2,2,Arena,C,,,"<{Y}{N}> Circus Juggling 2 
Then, <return 1 card from the top of your 【Arena】 Cookie's HP to your hand.> Deals 1 damage.",,0,0,0,BS7-024,0,"<{Y}{N}> Circus Juggling 2 
Then, <return 1 card from the top of your 【Arena】 Cookie's HP to your hand.> Deals 1 damage.",,COMMON,
BS7-023,BS7,023,Honorable Paladin Trainee,BOOSTER PACK [Arena of Glory],COOKIE,YELLOW,YELLOW MIX,2,3,Arena,C,,,<{Y}{N}> Glory of Victory 2,,0,0,0,BS7-023,0,<{Y}{N}> Glory of Victory 2,,COMMON,
BS7-022,BS7,022,Scovillia Quarters,BOOSTER PACK [Arena of Glory],STAGE,RED,RED,,,Arena,U,,,"<{R}> Place in your stage area.
 
 【Activate】 <{R}> <Rest this card.> During this turn, if your 【Arena】 Cookie has dealt effect damage, select up to 1 of your opponent's Cookies. That Cookie receives 1 damage.",,0,0,0,BS7-022,0,"<{R}> Place in your stage area.
 
 【Activate】 <{R}> <Rest this card.> During this turn, if your 【Arena】 Cookie has dealt effect damage, select up to 1 of your opponent's Cookies. That Cookie receives 1 damage.",,UNCOMMON,
BS7-021,BS7,021,Labyrinth Golem Attack,BOOSTER PACK [Arena of Glory],TRAP,RED,RED MIX,,,Arena,U,,,"<{R}{N}> If there is an 【Arena】 Cookie in your battle area, select up to 1 of your opponent's Cookies. During this turn, that Cookie deals -2 attack damage. Then, <can be used as {R}{R}.> That Cookie receives 1 damage.",,0,0,0,BS7-021,0,"<{R}{N}> If there is an 【Arena】 Cookie in your battle area, select up to 1 of your opponent's Cookies. During this turn, that Cookie deals -2 attack damage. Then, <can be used as {R}{R}.> That Cookie receives 1 damage.",,UNCOMMON,
BS7-020,BS7,020,Scovilsky Manuscript,BOOSTER PACK [Arena of Glory],ITEM,RED,RED,,,Arena,U,,,"<{R}> If your break area's LV. is 2 or more levels higher than your opponent's break area LV., select up to 1 of your opponent's LV.1 Cookies. That Cookie receives 3 damage.",,0,0,0,BS7-020,0,"<{R}> If your break area's LV. is 2 or more levels higher than your opponent's break area LV., select up to 1 of your opponent's LV.1 Cookies. That Cookie receives 3 damage.",,UNCOMMON,
BS7-019@1,BS7,019@1,Rye Cookie,BOOSTER PACK [Arena of Glory],COOKIE,RED,RED,1,2,Arena,SEC,,,"<{R}> I only need one shot! 1 
Then, <can be used as {R}.> If there is another 【Arena】 Cookie in your battle area, deals 1 damage.",,0,0,0,BS7-019,1,"<{R}> I only need one shot! 1 
Then, <can be used as {R}.> If there is another 【Arena】 Cookie in your battle area, deals 1 damage.",,SECRET RARE,
BS7-019,BS7,019,Rye Cookie,BOOSTER PACK [Arena of Glory],COOKIE,RED,RED,1,2,Arena,R,,,"<{R}> I only need one shot! 1 
Then, <can be used as {R}.> If there is another 【Arena】 Cookie in your battle area, deals 1 damage.",,0,0,0,BS7-019,0,"<{R}> I only need one shot! 1 
Then, <can be used as {R}.> If there is another 【Arena】 Cookie in your battle area, deals 1 damage.",,RARE,
BS7-018@1,BS7,018@1,Jalapeño Cookie,BOOSTER PACK [Arena of Glory],COOKIE,RED,RED MIX,3,5,Arena,SUR,,,"<{R}{R}{R}{N}> Aim Down Spice 4 
Then, if there is another 【Arena】 Cookie in your battle area, select up to 1 of your opponent's Cookies. That Cookie receives 1 damage.",,0,0,0,BS7-018,1,"<{R}{R}{R}{N}> Aim Down Spice 4 
Then, if there is another 【Arena】 Cookie in your battle area, select up to 1 of your opponent's Cookies. That Cookie receives 1 damage.",,SECRET ULTRA RARE,
BS7-018,BS7,018,Jalapeño Cookie,BOOSTER PACK [Arena of Glory],COOKIE,RED,RED MIX,3,5,Arena,UR,,,"<{R}{R}{R}{N}> Aim Down Spice 4 
Then, if there is another 【Arena】 Cookie in your battle area, select up to 1 of your opponent's Cookies. That Cookie receives 1 damage.",,0,0,0,BS7-018,0,"<{R}{R}{R}{N}> Aim Down Spice 4 
Then, if there is another 【Arena】 Cookie in your battle area, select up to 1 of your opponent's Cookies. That Cookie receives 1 damage.",,ULTRA RARE,
BS7-017,BS7,017,Tarte Tatin Cookie,BOOSTER PACK [Arena of Glory],COOKIE,RED,RED MIX,2,4,Arena,U,Don't fear the dragons,"【On Play】 If there is an 【Arena】 Cookie with 2 or less HP remaining in your battle area, draw up to 2 cards from your deck and discard 1 card.",<{R}{N} Dragon Hunter 1,,0,0,0,BS7-017,0,"【On Play】 If there is an 【Arena】 Cookie with 2 or less HP remaining in your battle area, draw up to 2 cards from your deck and discard 1 card.
<{R}{N} Dragon Hunter 1",,UNCOMMON,
BS7-016,BS7,016,Cream Unicorn Cookie,BOOSTER PACK [Arena of Glory],COOKIE,RED,RED MIX,2,5,Arena,C,Midsummer Night's Dream,"【On Play】 During this turn, if your 【Arena】 Cookie has dealt effect damage, draw up to 1 card from your deck.",<{R}{R}{N}> Welcome to CookieLand... 2,,0,0,0,BS7-016,0,"【On Play】 During this turn, if your 【Arena】 Cookie has dealt effect damage, draw up to 1 card from your deck.
<{R}{R}{N}> Welcome to CookieLand... 2",,COMMON,
BS7-015@1,BS7,015@1,Crushed Pepper Cookie,BOOSTER PACK [Arena of Glory],COOKIE,RED,RED MIX,2,4,Arena,SSR,,,"<{R}{R}{N}> Pepper Pummel 1 
Then, if there is another 【Arena】 Cookie in your battle area, deals 2 damage.",,0,0,0,BS7-015,1,"<{R}{R}{N}> Pepper Pummel 1 
Then, if there is another 【Arena】 Cookie in your battle area, deals 2 damage.",,SECRET SUPER RARE,
BS7-015,BS7,015,Crushed Pepper Cookie,BOOSTER PACK [Arena of Glory],COOKIE,RED,RED MIX,2,4,Arena,SR,,,"<{R}{R}{N}> Pepper Pummel 1 
Then, if there is another 【Arena】 Cookie in your battle area, deals 2 damage.",,0,0,0,BS7-015,0,"<{R}{R}{N}> Pepper Pummel 1 
Then, if there is another 【Arena】 Cookie in your battle area, deals 2 damage.",,SUPER RARE,
BS7-014@4,BS7,014@4,Capsaicin Cookie,promotion-card,COOKIE,RED,RED MIX,3,5,ARENA,P,Climbing up the Spice Scale!,"If [Kouign-Amann Cookie] or [Prune Juice Cookie] are in your battle area, this Cookie gains +1 attack damage.
【Activate】 【Once Per Turn】 <Discard 1 card.> Select up to 1 of your opponent's Cookies that is LV.2 or higher. That Cookie receives 1 damage.",<{R}{R}{N}> I'm not gonna stop! 3,,0,0,0,BS7-014,1,"If [Kouign-Amann Cookie] or [Prune Juice Cookie] are in your battle area, this Cookie gains +1 attack damage.
【Activate】 【Once Per Turn】 <Discard 1 card.> Select up to 1 of your opponent's Cookies that is LV.2 or higher. That Cookie receives 1 damage.
<{R}{R}{N}> I'm not gonna stop! 3",,PROMOTION,
BS7-014@3,BS7,014@3,Capsaicin Cookie,promotion-card,COOKIE,RED,RED MIX,3,5,ARENA,P,Climbing up the Spice Scale!,"If [Kouign-Amann Cookie] or [Prune Juice Cookie] are in your battle area, this Cookie gains +1 attack damage.
【Activate】 【Once Per Turn】 <Discard 1 card.> Select up to 1 of your opponent's Cookies that is LV.2 or higher. That Cookie receives 1 damage.",<{R}{R}{N}> I'm not gonna stop! 3,,0,0,0,BS7-014,1,"If [Kouign-Amann Cookie] or [Prune Juice Cookie] are in your battle area, this Cookie gains +1 attack damage.
【Activate】 【Once Per Turn】 <Discard 1 card.> Select up to 1 of your opponent's Cookies that is LV.2 or higher. That Cookie receives 1 damage.
<{R}{R}{N}> I'm not gonna stop! 3",,PROMOTION,
BS7-014@2,BS7,014@2,Capsaicin Cookie,promotion-card,COOKIE,RED,RED MIX,3,5,ARENA,P,Climbing up the Spice Scale!,"If [Kouign-Amann Cookie] or [Prune Juice Cookie] are in your battle area, this Cookie gains +1 attack damage.
【Activate】 【Once Per Turn】 <Discard 1 card.> Select up to 1 of your opponent's Cookies that is LV.2 or higher. That Cookie receives 1 damage.",<{R}{R}{N}> I'm not gonna stop! 3,,0,0,0,BS7-014,1,"If [Kouign-Amann Cookie] or [Prune Juice Cookie] are in your battle area, this Cookie gains +1 attack damage.
【Activate】 【Once Per Turn】 <Discard 1 card.> Select up to 1 of your opponent's Cookies that is LV.2 or higher. That Cookie receives 1 damage.
<{R}{R}{N}> I'm not gonna stop! 3",,PROMOTION,
BS7-014@1,BS7,014@1,Capsaicin Cookie,BOOSTER PACK [Arena of Glory],COOKIE,RED,RED MIX,3,5,Arena,SUR,Climbing up the Spice Scale!,"If [Kouign-Amann Cookie] or [Prune Juice Cookie] are in your battle area, this Cookie gains +1 attack damage.
【Activate】 【Once Per Turn】 <Discard 1 card.> Select up to 1 of your opponent's Cookies that is LV.2 or higher. That Cookie receives 1 damage.",<{R}{R}{N}> I'm not gonna stop! 3,,0,0,0,BS7-014,1,"If [Kouign-Amann Cookie] or [Prune Juice Cookie] are in your battle area, this Cookie gains +1 attack damage.
【Activate】 【Once Per Turn】 <Discard 1 card.> Select up to 1 of your opponent's Cookies that is LV.2 or higher. That Cookie receives 1 damage.
<{R}{R}{N}> I'm not gonna stop! 3",,SECRET ULTRA RARE,
BS7-014,BS7,014,Capsaicin Cookie,BOOSTER PACK [Arena of Glory],COOKIE,RED,RED MIX,3,5,Arena,UR,Climbing up the Spice Scale!,"If [Kouign-Amann Cookie] or [Prune Juice Cookie] are in your battle area, this Cookie gains +1 attack damage.
【Activate】 【Once Per Turn】 <Discard 1 card.> Select up to 1 of your opponent's Cookies that is LV.2 or higher. That Cookie receives 1 damage.",<{R}{R}{N}> I'm not gonna stop! 3,,0,0,0,BS7-014,0,"If [Kouign-Amann Cookie] or [Prune Juice Cookie] are in your battle area, this Cookie gains +1 attack damage.
【Activate】 【Once Per Turn】 <Discard 1 card.> Select up to 1 of your opponent's Cookies that is LV.2 or higher. That Cookie receives 1 damage.
<{R}{R}{N}> I'm not gonna stop! 3",,ULTRA RARE,
BS7-013@1,BS7,013@1,Chili Pepper Cookie,BOOSTER PACK [Arena of Glory],COOKIE,RED,RED,1,2,Arena,SSR,Opportunity Strike,"If this Cookie is in the battle area, your {R} 【Arena】 Cookies that are LV.2 or higher deal +1 effect damage.",<{R}> Hand it over! NOW! 1,,0,0,0,BS7-013,1,"If this Cookie is in the battle area, your {R} 【Arena】 Cookies that are LV.2 or higher deal +1 effect damage.
<{R}> Hand it over! NOW! 1",,SECRET SUPER RARE,
BS7-013,BS7,013,Chili Pepper Cookie,BOOSTER PACK [Arena of Glory],COOKIE,RED,RED,1,2,Arena,SR,Opportunity Strike,"If this Cookie is in the battle area, your {R} 【Arena】 Cookies that are LV.2 or higher deal +1 effect damage.",<{R}> Hand it over! NOW! 1,,0,0,0,BS7-013,0,"If this Cookie is in the battle area, your {R} 【Arena】 Cookies that are LV.2 or higher deal +1 effect damage.
<{R}> Hand it over! NOW! 1",,SUPER RARE,
BS7-012,BS7,012,Sachertorte Cookie,BOOSTER PACK [Arena of Glory],COOKIE,RED,RED MIX,2,5,Arena,C,I despise liars,"【Activate】 【Once Per Turn】 <Place 1 card from the top of your 【Arena】 Cookie's HP in your battle area into the trash.> During this turn, that Cookie gains +1 attack damage.","<{R}{R}{N}> Clemens, the Aberrant Parasol 2",,0,0,0,BS7-012,0,"【Activate】 【Once Per Turn】 <Place 1 card from the top of your 【Arena】 Cookie's HP in your battle area into the trash.> During this turn, that Cookie gains +1 attack damage.
<{R}{R}{N}> Clemens, the Aberrant Parasol 2",,COMMON,
BS7-011,BS7,011,Yoga Cookie,BOOSTER PACK [Arena of Glory],FLIP,RED,RED,3,3,Arena,C,,,<{R}{R}{R}> Namaste 3,"If your hand contains 5 cards or less and there is a {R} 【Arena】 Cookie in your battle area, draw up to 2 cards from your deck.",0,0,0,BS7-011,0,"<{R}{R}{R}> Namaste 3
If your hand contains 5 cards or less and there is a {R} 【Arena】 Cookie in your battle area, draw up to 2 cards from your deck.",,COMMON,
BS7-010,BS7,010,Olive Cookie,BOOSTER PACK [Arena of Glory],COOKIE,RED,RED,2,3,Arena,C,Successful Excavation!,"When this Cookie faints, if there is an 【Arena】 Cookie in your battle area, select up to 1 of your opponent's Cookies. That Cookie receives 1 damage.",<{R}{R}> A fellow archaeologist? 2,,0,0,0,BS7-010,0,"When this Cookie faints, if there is an 【Arena】 Cookie in your battle area, select up to 1 of your opponent's Cookies. That Cookie receives 1 damage.
<{R}{R}> A fellow archaeologist? 2",,COMMON,
BS7-009,BS7,009,Spicy Scovillia Student,BOOSTER PACK [Arena of Glory],COOKIE,,MIX,1,2,Arena,C,,,<{N}{N}> Spicy Strike 2,,0,0,0,BS7-009,0,<{N}{N}> Spicy Strike 2,,COMMON,
BS7-008,BS7,008,Earl Grey Cookie,BOOSTER PACK [Arena of Glory],COOKIE,RED,RED MIX,2,3,Arena,C,Grand Banquet,【On Play】 <Place 1 card from the top of your 【Arena】 Cookie's HP in your battle area into the trash.> Select up to 1 of your Cookies. That Cookie gains +1 HP.,<{R}{R}{N}> It is an honor to welcome you 3,,0,0,0,BS7-008,0,"【On Play】 <Place 1 card from the top of your 【Arena】 Cookie's HP in your battle area into the trash.> Select up to 1 of your Cookies. That Cookie gains +1 HP.
<{R}{R}{N}> It is an honor to welcome you 3",,COMMON,
BS7-007,BS7,007,Street Urchin Cookie,BOOSTER PACK [Arena of Glory],COOKIE,RED,RED MIX,1,3,Arena,C,The Spiky Tornado,【On Play】 Select up to 1 【Arena】 Cookie in either player's battle area. That Cookie receives 1 damage.,<{R}{N}> My spikes will sting ya! 1,,0,0,0,BS7-007,0,"【On Play】 Select up to 1 【Arena】 Cookie in either player's battle area. That Cookie receives 1 damage.
<{R}{N}> My spikes will sting ya! 1",,COMMON,
BS7-006,BS7,006,Basil Pesto Cookie,BOOSTER PACK [Arena of Glory],COOKIE,RED,RED MIX,1,2,Arena,U,Exquisite Cuisine,【On Play】 <Place 1 card from the top of this Cookie's HP into the trash.> Draw up to 1 card from your deck.,<{R}{N}> No Picky Eating! 2,,0,0,0,BS7-006,0,"【On Play】 <Place 1 card from the top of this Cookie's HP into the trash.> Draw up to 1 card from your deck.
<{R}{N}> No Picky Eating! 2",,UNCOMMON,
BS7-005,BS7,005,Marble Danish Cookie,BOOSTER PACK [Arena of Glory],COOKIE,,MIX,2,4,Arena,C,,,<{N}{N}{N}> I will reclaim it! 3,,0,0,0,BS7-005,0,<{N}{N}{N}> I will reclaim it! 3,,COMMON,
BS7-004@1,BS7,004@1,Mala Sauce Cookie,BOOSTER PACK [Arena of Glory],COOKIE,RED,RED MIX,2,4,Arena,SEC,Even Spicier!,"【Activate】 【Once Per Turn】 <{R}> During this turn, if your 【Arena】 Cookie has dealt effect damage, select up to 1 of your opponent's Cookies. That Cookie receives 1 damage.","<{R}{R}{N}> Spicy, isn't it? 3",,0,0,0,BS7-004,1,"【Activate】 【Once Per Turn】 <{R}> During this turn, if your 【Arena】 Cookie has dealt effect damage, select up to 1 of your opponent's Cookies. That Cookie receives 1 damage.
<{R}{R}{N}> Spicy, isn't it? 3",,SECRET RARE,
BS7-004,BS7,004,Mala Sauce Cookie,BOOSTER PACK [Arena of Glory],COOKIE,RED,RED MIX,2,4,Arena,R,Even Spicier!,"【Activate】 【Once Per Turn】 <{R}> During this turn, if your 【Arena】 Cookie has dealt effect damage, select up to 1 of your opponent's Cookies. That Cookie receives 1 damage.","<{R}{R}{N}> Spicy, isn't it? 3",,0,0,0,BS7-004,0,"【Activate】 【Once Per Turn】 <{R}> During this turn, if your 【Arena】 Cookie has dealt effect damage, select up to 1 of your opponent's Cookies. That Cookie receives 1 damage.
<{R}{R}{N}> Spicy, isn't it? 3",,RARE,
BS7-003,BS7,003,Raspberry Cookie,BOOSTER PACK [Arena of Glory],COOKIE,RED,RED,1,2,Arena,U,In it to win it!,"【On Play】 If there is another 【Arena】 Cookie in your battle area, during this turn, your opponent cannot activate 【Blocker】.",<{R}> Devotion to the Blade 1,,0,0,0,BS7-003,0,"【On Play】 If there is another 【Arena】 Cookie in your battle area, during this turn, your opponent cannot activate 【Blocker】.
<{R}> Devotion to the Blade 1",,UNCOMMON,
BS7-002,BS7,002,Red Osmanthus Cookie,BOOSTER PACK [Arena of Glory],FLIP,RED,RED,2,2,Arena,C,,,<{R}{R}> Beautiful Pipa Performance 2,"If there is a {R} 【Arena】 Cookie in your battle area, the LV.2 or higher Cookie with this card attached for HP gains +1 HP.",0,0,0,BS7-002,0,"<{R}{R}> Beautiful Pipa Performance 2
If there is a {R} 【Arena】 Cookie in your battle area, the LV.2 or higher Cookie with this card attached for HP gains +1 HP.",,COMMON,
BS7-001,BS7,001,Nutmeg Tiger Cookie,BOOSTER PACK [Arena of Glory],COOKIE,RED,RED MIX,1,2,Arena,C,Swarm! Prepare to attack!,"【Activate】 【Once Per Turn】 <Place 1 card from the top of this Cookie's HP into the trash.> Select up to 1 of your LV.3 Cookies. During this turn, that Cookie gains +1 attack damage.",<{R}{N}> Claws out! 1,,0,0,0,BS7-001,0,"【Activate】 【Once Per Turn】 <Place 1 card from the top of this Cookie's HP into the trash.> Select up to 1 of your LV.3 Cookies. During this turn, that Cookie gains +1 attack damage.
<{R}{N}> Claws out! 1",,COMMON,
BS7_093@2,BS7,093@2,Cream Puff Cookie,promotion-card,COOKIE,PURPLE,PURPLE,1,3,Arema,P,Cream Buff,【Activate】 <{P}> <Place this Cookie in the trash.> Draw up to 2 cards from your deck and discard 2 cards.,<{P}{P}> Cream Puff Jellies deals 1,,0,0,0,BS7_093,1,"【Activate】 <{P}> <Place this Cookie in the trash.> Draw up to 2 cards from your deck and discard 2 cards.
<{P}{P}> Cream Puff Jellies deals 1",,PROMOTION,
BS6-107,BS6,107,TBD Machine Room,BOOSTER PACK [Operation Timeguard],STAGE,PURPLE,PURPLE,,,,U,,,"<{P}> Place in your stage area.

【Activate】 <{P}> <Rest this card.> During this turn, if a Cookie was played from your trash, all of your opponent's Cookies receive 1 damage.",,0,0,0,BS6-107,0,"<{P}> Place in your stage area.

【Activate】 <{P}> <Rest this card.> During this turn, if a Cookie was played from your trash, all of your opponent's Cookies receive 1 damage.",,UNCOMMON,
BS6-106,BS6,106,Peak Engineer Performance,BOOSTER PACK [Operation Timeguard],TRAP,PURPLE,PURPLE,,,,U,,,"<{P}{P}> Select up to 1 of your opponent's Cookies. During this turn, that Cookie deals -1 attack damage. Then, play up to 1 {P} Cookie with 2 or less HP from your trash.",,0,0,0,BS6-106,0,"<{P}{P}> Select up to 1 of your opponent's Cookies. During this turn, that Cookie deals -1 attack damage. Then, play up to 1 {P} Cookie with 2 or less HP from your trash.",,UNCOMMON,
BS6-105,BS6,105,Butterfly Key Relic,BOOSTER PACK [Operation Timeguard],ITEM,PURPLE,PURPLE,,,,U,,,<{P}> <Place 1 {P} LV.1 Cookie from your battle area into the trash.> Draw up to 2 cards from your deck and discard 1 card.,,0,0,0,BS6-105,0,<{P}> <Place 1 {P} LV.1 Cookie from your battle area into the trash.> Draw up to 2 cards from your deck and discard 1 card.,,UNCOMMON,
BS6-104,BS6,104,Black Garlic Cookie,BOOSTER PACK [Operation Timeguard],FLIP,PURPLE,PURPLE,2,2,,C,,,<{P}{P}> A sub would be... Terrific!,Draw up to 1 card from your deck.,0,0,0,BS6-104,0,"<{P}{P}> A sub would be... Terrific!
Draw up to 1 card from your deck.",,COMMON,
BS6-103,BS6,103,White Ghost Cookie,BOOSTER PACK [Operation Timeguard],FLIP,PURPLE,PURPLE,1,1,,C,,,<{P}> ... You can see me? deals 2,<Discard 1 card.> The Cookie with this card attached for HP gains +1 HP.,0,0,0,BS6-103,0,"<{P}> ... You can see me? deals 2
<Discard 1 card.> The Cookie with this card attached for HP gains +1 HP.",,COMMON,
BS6-102,BS6,102,Pastel Meringue Cookie,BOOSTER PACK [Operation Timeguard],COOKIE,PURPLE,PURPLE,2,3,,C,,,"<{P}> This is not cute at all deals 1 Then, both players place 3 cards from the top of their decks into the trash.",,0,0,0,BS6-102,0,"<{P}> This is not cute at all deals 1 Then, both players place 3 cards from the top of their decks into the trash.",,COMMON,
BS6-101@1,BS6,101@1,Twizzly Gummy Cookie,BOOSTER PACK [Operation Timeguard],COOKIE,PURPLE,PURPLE,1,2,,SSR,Remember My Name!!!,"When this Cookie faints, <can be used as {P}.> Play up to 1 {P} Cookie from your trash.",<{P}{P}> Gimme everything you got! deals 1,,0,0,0,BS6-101,1,"When this Cookie faints, <can be used as {P}.> Play up to 1 {P} Cookie from your trash.
<{P}{P}> Gimme everything you got! deals 1",,SECRET SUPER RARE,
BS6-101,BS6,101,Twizzly Gummy Cookie,BOOSTER PACK [Operation Timeguard],COOKIE,PURPLE,PURPLE,1,2,,SR,Remember My Name!!!,"When this Cookie faints, <can be used as {P}.> Play up to 1 {P} Cookie from your trash.",<{P}{P}> Gimme everything you got! deals 1,,0,0,0,BS6-101,0,"When this Cookie faints, <can be used as {P}.> Play up to 1 {P} Cookie from your trash.
<{P}{P}> Gimme everything you got! deals 1",,SUPER RARE,
BS6-100,BS6,100,Croissant Cookie,BOOSTER PACK [Operation Timeguard],COOKIE,PURPLE,PURPLE MIX,3,4,,C,,,<{N}{N}{N}> Got you! deals 2,,0,0,0,BS6-100,0,<{N}{N}{N}> Got you! deals 2,,COMMON,
BS6-099,BS6,099,Crowberry Cookie,BOOSTER PACK [Operation Timeguard],COOKIE,PURPLE,PURPLE,1,2,,C,Jewel Thief,"When this Cookie is played from the trash, select up to 1 of your opponent's Cookies with 2 or more HP remaining. Place 1 card from the top of that Cookie's HP into the trash.",<{P}> Large Black Wings deals 4,,0,0,0,BS6-099,0,"When this Cookie is played from the trash, select up to 1 of your opponent's Cookies with 2 or more HP remaining. Place 1 card from the top of that Cookie's HP into the trash.
<{P}> Large Black Wings deals 4",,COMMON,
BS6-098,BS6,098,Currant Cream Cookie,BOOSTER PACK [Operation Timeguard],COOKIE,PURPLE,PURPLE,1,2,,C,Fashion World Rebel,"When this Cookie is played from the trash, place up to 5 cards from the top of your opponent's deck into the trash.",<{P}> Punk Spirit deals 1,,0,0,0,BS6-098,0,"When this Cookie is played from the trash, place up to 5 cards from the top of your opponent's deck into the trash.
<{P}> Punk Spirit deals 1",,COMMON,
BS6-097,BS6,097,Toothpaste Cookie,BOOSTER PACK [Operation Timeguard],COOKIE,PURPLE,PURPLE,2,2,,U,Are you for real?,"When this Cookie is played from the trash, this Cookie gains +2 HP.",<{P}{P}> Ugh... It's so hot deals 1,,0,0,0,BS6-097,0,"When this Cookie is played from the trash, this Cookie gains +2 HP.
<{P}{P}> Ugh... It's so hot deals 1",,UNCOMMON,
BS6-096@1,BS6,096@1,Cherry Cookie,BOOSTER PACK [Operation Timeguard],COOKIE,PURPLE,PURPLE,2,2,,SSR,,,"<{P}{P}> You can't catch me! deals 2 Then, if there is a LV.3 Cookie in your battle area, <can be used as {P}.> <Place this Cookie in the trash.> Play 1 {P} LV.1 Cookie from your trash.",,0,0,0,BS6-096,1,"<{P}{P}> You can't catch me! deals 2 Then, if there is a LV.3 Cookie in your battle area, <can be used as {P}.> <Place this Cookie in the trash.> Play 1 {P} LV.1 Cookie from your trash.",,SECRET SUPER RARE,
BS6-096,BS6,096,Cherry Cookie,BOOSTER PACK [Operation Timeguard],COOKIE,PURPLE,PURPLE,2,2,,SR,,,"<{P}{P}> You can't catch me! deals 2 Then, if there is a LV.3 Cookie in your battle area, <can be used as {P}.> <Place this Cookie in the trash.> Play 1 {P} LV.1 Cookie from your trash.",,0,0,0,BS6-096,0,"<{P}{P}> You can't catch me! deals 2 Then, if there is a LV.3 Cookie in your battle area, <can be used as {P}.> <Place this Cookie in the trash.> Play 1 {P} LV.1 Cookie from your trash.",,SUPER RARE,
BS6-095,BS6,095,Wild Strawberry Cookie,BOOSTER PACK [Operation Timeguard],COOKIE,PURPLE,PURPLE,2,3,,U,,,"<{P}{P}{P}> Enough with the drama deals 2 Then, play up to 1 {P} Cookie with 2 or less HP from your trash.",,0,0,0,BS6-095,0,"<{P}{P}{P}> Enough with the drama deals 2 Then, play up to 1 {P} Cookie with 2 or less HP from your trash.",,UNCOMMON,
BS6-094,BS6,094,Half-Avocado Cookie,BOOSTER PACK [Operation Timeguard],COOKIE,PURPLE,PURPLE,2,2,,C,I HATE JOKES!,【On Play】 Select up to 1 LV.1 Cookie in your battle area. Place that Cookie in the trash.,"<{P}{P}> You'll play with me, won't you? deals 2",,0,0,0,BS6-094,0,"【On Play】 Select up to 1 LV.1 Cookie in your battle area. Place that Cookie in the trash.
<{P}{P}> You'll play with me, won't you? deals 2",,COMMON,
BS6-093@1,BS6,093@1,Timekeeper Cookie,BOOSTER PACK [Operation Timeguard],COOKIE,PURPLE,PURPLE,3,5,,SUR,Time Rift Villain,【On Play】 Select up to 1 LV.1 Cookie in your battle area. Place that Cookie in the trash.,"<{P}{P}{P}> Wanna change the past? deals 3 Then, <can be used as {P}.> Play up to 1 {P} Cookie with 2 or less HP from your trash.",,0,0,0,BS6-093,1,"【On Play】 Select up to 1 LV.1 Cookie in your battle area. Place that Cookie in the trash.
<{P}{P}{P}> Wanna change the past? deals 3 Then, <can be used as {P}.> Play up to 1 {P} Cookie with 2 or less HP from your trash.",,SECRET ULTRA RARE,
BS6-093,BS6,093,Timekeeper Cookie,BOOSTER PACK [Operation Timeguard],COOKIE,PURPLE,PURPLE,3,5,,UR,Time Rift Villain,【On Play】 Select up to 1 LV.1 Cookie in your battle area. Place that Cookie in the trash.,"<{P}{P}{P}> Wanna change the past? deals 3 Then, <can be used as {P}.> Play up to 1 {P} Cookie with 2 or less HP from your trash.",,0,0,0,BS6-093,0,"【On Play】 Select up to 1 LV.1 Cookie in your battle area. Place that Cookie in the trash.
<{P}{P}{P}> Wanna change the past? deals 3 Then, <can be used as {P}.> Play up to 1 {P} Cookie with 2 or less HP from your trash.",,ULTRA RARE,
BS6-092@2,BS6,092@2,String Gummy Cookie,PROMOTION CARD,COOKIE,PURPLE,PURPLE,1,2,,P,Timeline Lawbringer,"【Your Turn】 When this Cookie is played from the trash, if there is a LV.3 Cookie in your battle area, select up to 1 of your opponent's Cookies. That Cookie receives 2 damage.",<{P}{P}{P}> There's no use in running! deals 2,,0,0,0,BS6-092,1,"【Your Turn】 When this Cookie is played from the trash, if there is a LV.3 Cookie in your battle area, select up to 1 of your opponent's Cookies. That Cookie receives 2 damage.
<{P}{P}{P}> There's no use in running! deals 2",,PROMOTION,
BS6-092@1,BS6,092@1,String Gummy Cookie,BOOSTER PACK [Operation Timeguard],COOKIE,PURPLE,PURPLE,1,2,,SEC,Timeline Lawbringer,"【Your Turn】 When this Cookie is played from the trash, if there is a LV.3 Cookie in your battle area, select up to 1 of your opponent's Cookies. That Cookie receives 2 damage.",<{P}{P}{P}> There's no use in running! deals 3,,0,0,0,BS6-092,1,"【Your Turn】 When this Cookie is played from the trash, if there is a LV.3 Cookie in your battle area, select up to 1 of your opponent's Cookies. That Cookie receives 2 damage.
<{P}{P}{P}> There's no use in running! deals 3",,SECRET RARE,
BS6-092,BS6,092,String Gummy Cookie,BOOSTER PACK [Operation Timeguard],COOKIE,PURPLE,PURPLE,1,2,,R,Timeline Lawbringer,"【Your Turn】 When this Cookie is played from the trash, if there is a LV.3 Cookie in your battle area, select up to 1 of your opponent's Cookies. That Cookie receives 2 damage.",<{P}{P}{P}> There's no use in running! deals 3,,0,0,0,BS6-092,0,"【Your Turn】 When this Cookie is played from the trash, if there is a LV.3 Cookie in your battle area, select up to 1 of your opponent's Cookies. That Cookie receives 2 damage.
<{P}{P}{P}> There's no use in running! deals 3",,RARE,
BS6-091@3,BS6,091@3,Schneeball Cookie,BOOSTER PACK [Operation Timeguard],FLIP,,Purple,1,2,,R,,,"Time Researcher

When this Cookie is played from the trash, Select up to 1 {P} LV.1 Cookie other than [Schneeball Cookie] from your break area. Place that Cookie in the trash.

<{P}{P}> Relic Analysis deals 2",,0,0,0,BS6-091,1,"Time Researcher

When this Cookie is played from the trash, Select up to 1 {P} LV.1 Cookie other than [Schneeball Cookie] from your break area. Place that Cookie in the trash.

<{P}{P}> Relic Analysis deals 2",,RARE,
BS6-091@2,BS6,091@2,Schneeball Cookie,BOOSTER PACK [Operation Timeguard],FLIP,,Purple,1,2,,SEC,,,"Time Researcher

When this Cookie is played from the trash, Select up to 1 {P} LV.1 Cookie other than [Schneeball Cookie] from your break area. Place that Cookie in the trash.

<{P}{P}> Relic Analysis deals 2",,0,0,0,BS6-091,1,"Time Researcher

When this Cookie is played from the trash, Select up to 1 {P} LV.1 Cookie other than [Schneeball Cookie] from your break area. Place that Cookie in the trash.

<{P}{P}> Relic Analysis deals 2",,SECRET RARE,
BS6-090,BS6,090,Candlelight Cookie,BOOSTER PACK [Operation Timeguard],COOKIE,PURPLE,PURPLE,2,3,,C,Melting Wax,"When your turn ends, place up to 2 cards from the top of your deck into the trash.",<{P}{P}> My Treasure! Ptooey! deals 2,,0,0,0,BS6-090,0,"When your turn ends, place up to 2 cards from the top of your deck into the trash.
<{P}{P}> My Treasure! Ptooey! deals 2",,COMMON,
BS6-089,BS6,089,Mustard Cookie,BOOSTER PACK [Operation Timeguard],COOKIE,PURPLE,PURPLE,3,5,,C,Dawn Rebel,【On Play】 Return up to 1 card from your trash to your hand.,<{P}{P}{P}{P}> Don't limit my freedom! deals 2,,0,0,0,BS6-089,0,"【On Play】 Return up to 1 card from your trash to your hand.
<{P}{P}{P}{P}> Don't limit my freedom! deals 2",,COMMON,
BS6-088,BS6,088,Dr. Wasabi Cookie,BOOSTER PACK [Operation Timeguard],COOKIE,PURPLE,PURPLE MIX,1,2,,C,,,<{N}{N}> Heh-heh! deals 3,,0,0,0,BS6-088,0,<{N}{N}> Heh-heh! deals 3,,COMMON,
BS6-087,BS6,087,Peeled Carrot Cookie,BOOSTER PACK [Operation Timeguard],COOKIE,PURPLE,PURPLE,2,2,,U,TIME FOR MAYHEM!,"When this Cookie is played from the trash, return up to 1 {P} card from your trash to your hand.","<{P}{P}{P}> Ugh, so annoying! deals 2",,0,0,0,BS6-087,0,"When this Cookie is played from the trash, return up to 1 {P} card from your trash to your hand.
<{P}{P}{P}> Ugh, so annoying! deals 2",,UNCOMMON,
BS6-086,BS6,086,Messy TBD Director's Office,BOOSTER PACK [Operation Timeguard],STAGE,BLUE,BLUE,,,,U,,,"<{B}> Place in your stage area.

【Activate】 <Rest this card.> <Discard 2 cards.> Select up to 1 of your {B} Cookies. During this turn, that Cookie gains +1 attack damage. Then, if there are 3 cards or less in your hand, draw up to 1 card from your deck.",,0,0,0,BS6-086,0,"<{B}> Place in your stage area.

【Activate】 <Rest this card.> <Discard 2 cards.> Select up to 1 of your {B} Cookies. During this turn, that Cookie gains +1 attack damage. Then, if there are 3 cards or less in your hand, draw up to 1 card from your deck.",,UNCOMMON,
BS6-085@1,BS6,085@1,Destruction of a Pastless Future,2-ON-2 Event,TRAP,BLUE,BLUE,,,,P,,"<{B}> <Discard 2 cards.> Select up to 1 of your opponent's Cookies. During this turn, that Cookie deals -2 attack damage. Then, if there are 4 cards or less in your hand, draw up to 2 cards from your deck.",,,0,0,0,BS6-085,1,"<{B}> <Discard 2 cards.> Select up to 1 of your opponent's Cookies. During this turn, that Cookie deals -2 attack damage. Then, if there are 4 cards or less in your hand, draw up to 2 cards from your deck.",,PROMOTION,
BS6-085,BS6,085,Destruction of a Pastless Future,BOOSTER PACK [Operation Timeguard],TRAP,BLUE,BLUE,,,,U,,,"<{B}> <Discard 2 cards.> Select up to 1 of your opponent's Cookies. During this turn, that Cookie deals -2 attack damage. Then, if there are 4 cards or less in your hand, draw up to 2 cards from your deck.",,0,0,0,BS6-085,0,"<{B}> <Discard 2 cards.> Select up to 1 of your opponent's Cookies. During this turn, that Cookie deals -2 attack damage. Then, if there are 4 cards or less in your hand, draw up to 2 cards from your deck.",,UNCOMMON,
BS6-084,BS6,084,Time Manipulator,BOOSTER PACK [Operation Timeguard],ITEM,BLUE,BLUE,,,,U,,,"<{B}> <Discard 1 card or more.> If there are 5 cards or less in your hand, select up to 1 of your opponent's Cookies. That Cookie receives 1 damage.",,0,0,0,BS6-084,0,"<{B}> <Discard 1 card or more.> If there are 5 cards or less in your hand, select up to 1 of your opponent's Cookies. That Cookie receives 1 damage.",,UNCOMMON,
BS6-083,BS6,083,Skating Queen Cookie,BOOSTER PACK [Operation Timeguard],COOKIE,BLUE,BLUE,2,2,,C,My only rival is myself!,"When this Cookie faints, draw up to 2 cards from your deck and discard 1 card.",<{B}{B}> Continuous Effort,,0,0,0,BS6-083,0,"When this Cookie faints, draw up to 2 cards from your deck and discard 1 card.
<{B}{B}> Continuous Effort",,COMMON,
BS6-082,BS6,082,Popcorn Cookie,BOOSTER PACK [Operation Timeguard],COOKIE,BLUE,BLUE,1,1,,U,Movies & Popcorn,"【On Play】 <Discard 1 card or more.> If there are 5 cards or less in your hand, draw up to 2 cards from your deck.",<{B}> Movie Night deals 2,,0,0,0,BS6-082,0,"【On Play】 <Discard 1 card or more.> If there are 5 cards or less in your hand, draw up to 2 cards from your deck.
<{B}> Movie Night deals 2",,UNCOMMON,
BS6-081@1,BS6,081@1,Truffle Cookie,BOOSTER PACK [Operation Timeguard],COOKIE,BLUE,BLUE,1,2,,SEC,Friend to All Spiders,"【Activate】 【Once Per Turn】 <{B}> Select up to 1 LV.1 Cookie in your opponent's battle area or 1 stage card from either player's stage area. Place that card on the bottom of its owner's deck. Then, if there are 5 cards or more in your hand, discard 1 card.",<{B}{B}> No one here but me deals 1,,0,0,0,BS6-081,1,"【Activate】 【Once Per Turn】 <{B}> Select up to 1 LV.1 Cookie in your opponent's battle area or 1 stage card from either player's stage area. Place that card on the bottom of its owner's deck. Then, if there are 5 cards or more in your hand, discard 1 card.
<{B}{B}> No one here but me deals 1",,SECRET RARE,
BS6-081,BS6,081,Truffle Cookie,BOOSTER PACK [Operation Timeguard],COOKIE,BLUE,BLUE,1,2,,R,Friend to All Spiders,"【Activate】 【Once Per Turn】 <{B}> Select up to 1 LV.1 Cookie in your opponent's battle area or 1 stage card from either player's stage area. Place that card on the bottom of its owner's deck. Then, if there are 5 cards or more in your hand, discard 1 card.",<{B}{B}> No one here but me deals 1,,0,0,0,BS6-081,0,"【Activate】 【Once Per Turn】 <{B}> Select up to 1 LV.1 Cookie in your opponent's battle area or 1 stage card from either player's stage area. Place that card on the bottom of its owner's deck. Then, if there are 5 cards or more in your hand, discard 1 card.
<{B}{B}> No one here but me deals 1",,RARE,
BS6-080,BS6,080,Adventurer Cookie,BOOSTER PACK [Operation Timeguard],COOKIE,BLUE,BLUE,1,3,,C,Rope Throw,"【On Play】 If there are 5 cards or less in your hand, select up to 1 Cookie in your opponent's battle area. Return that Cookie to the hand.",<{B}{B}> Where could it be... deals 1,,0,0,0,BS6-080,0,"【On Play】 If there are 5 cards or less in your hand, select up to 1 Cookie in your opponent's battle area. Return that Cookie to the hand.
<{B}{B}> Where could it be... deals 1",,COMMON,
BS6-079@1,BS6,079@1,Croissant Cookie,BOOSTER PACK [Operation Timeguard],COOKIE,BLUE,BLUE,3,5,,SUR,Director of the TBD,【On Play】 <Place 1 {B} Cookie that is LV.2 or lower from your battle area on the bottom of your deck.> Draw up to 2 cards from your deck.,"<{B}{B}{B}> This is my final order deals 1 Then, <discard 1 card.> Select up to 3 cards in your opponent's support area. Rest those cards.",,0,0,0,BS6-079,1,"【On Play】 <Place 1 {B} Cookie that is LV.2 or lower from your battle area on the bottom of your deck.> Draw up to 2 cards from your deck.
<{B}{B}{B}> This is my final order deals 1 Then, <discard 1 card.> Select up to 3 cards in your opponent's support area. Rest those cards.",,SECRET ULTRA RARE,
BS6-079,BS6,079,Croissant Cookie,BOOSTER PACK [Operation Timeguard],COOKIE,BLUE,BLUE,3,5,,UR,Director of the TBD,【On Play】 <Place 1 {B} Cookie that is LV.2 or lower from your battle area on the bottom of your deck.> Draw up to 2 cards from your deck.,"<{B}{B}{B}> This is my final order deals 1 Then, <discard 1 card.> Select up to 3 cards in your opponent's support area. Rest those cards.",,0,0,0,BS6-079,0,"【On Play】 <Place 1 {B} Cookie that is LV.2 or lower from your battle area on the bottom of your deck.> Draw up to 2 cards from your deck.
<{B}{B}{B}> This is my final order deals 1 Then, <discard 1 card.> Select up to 3 cards in your opponent's support area. Rest those cards.",,ULTRA RARE,
BS6-078,BS6,078,Coffee Cookie,BOOSTER PACK [Operation Timeguard],COOKIE,BLUE,BLUE,2,3,,C,Organic Brew,"【On Play】 <{B}> If there are 5 cards or less in your hand, this Cookie gains +1 HP.",<{B}{B}> Coffee Studies deals 3,,0,0,0,BS6-078,0,"【On Play】 <{B}> If there are 5 cards or less in your hand, this Cookie gains +1 HP.
<{B}{B}> Coffee Studies deals 3",,COMMON,
BS6-077,BS6,077,Cheerleader Cookie,BOOSTER PACK [Operation Timeguard],COOKIE,BLUE,BLUE,2,2,,U,,,"<{B}{B}> Pillow Fight! deals 2 Then, <can be used as {B}.> If there are 5 cards or less in your hand, this Cookie gains +1 HP.",,0,0,0,BS6-077,0,"<{B}{B}> Pillow Fight! deals 2 Then, <can be used as {B}.> If there are 5 cards or less in your hand, this Cookie gains +1 HP.",,UNCOMMON,
BS6-076,BS6,076,Fairy Cookie,BOOSTER PACK [Operation Timeguard],COOKIE,BLUE,BLUE,1,2,,U,,,"<{B}{B}> You can keep your teeth... deals 2 Then, <discard 1 card.> Draw up to 1 card from your deck.",,0,0,0,BS6-076,0,"<{B}{B}> You can keep your teeth... deals 2 Then, <discard 1 card.> Draw up to 1 card from your deck.",,UNCOMMON,
BS6-075,BS6,075,Onion Cookie,BOOSTER PACK [Operation Timeguard],COOKIE,BLUE,BLUE MIX,2,3,,C,,,<{N}> WAAAH! deals 2,,0,0,0,BS6-075,0,<{N}> WAAAH! deals 2,,COMMON,
BS6-074@1,BS6,074@1,String Gummy Cookie,BOOSTER PACK [Operation Timeguard],COOKIE,BLUE,BLUE,3,5,,SUR,String Gummy Blaster,【On Play】 <{B}> <Discard 2 cards.> Select up to 1 of your opponent's Cookies. That Cookie receives 2 damage.,"<{B}{B}{B}> Don't get in my way deals 1 Then, if there are 5 cards or less in your hand, draw up to 2 cards from your deck.",,0,0,0,BS6-074,1,"【On Play】 <{B}> <Discard 2 cards.> Select up to 1 of your opponent's Cookies. That Cookie receives 2 damage.
<{B}{B}{B}> Don't get in my way deals 1 Then, if there are 5 cards or less in your hand, draw up to 2 cards from your deck.",,SECRET ULTRA RARE,
BS6-074,BS6,074,String Gummy Cookie,BOOSTER PACK [Operation Timeguard],COOKIE,BLUE,BLUE,3,5,,UR,String Gummy Blaster,【On Play】 <{B}> <Discard 2 cards.> Select up to 1 of your opponent's Cookies. That Cookie receives 2 damage.,"<{B}{B}{B}> Don't get in my way deals 1 Then, if there are 5 cards or less in your hand, draw up to 2 cards from your deck.",,0,0,0,BS6-074,0,"【On Play】 <{B}> <Discard 2 cards.> Select up to 1 of your opponent's Cookies. That Cookie receives 2 damage.
<{B}{B}{B}> Don't get in my way deals 1 Then, if there are 5 cards or less in your hand, draw up to 2 cards from your deck.",,ULTRA RARE,
BS6-073@1,BS6,073@1,Schneeball Cookie,BOOSTER PACK [Operation Timeguard],COOKIE,BLUE,BLUE,2,4,,SSR,Relic Management Ace,【On Play】 <{B}> <Return 1 {B} LV.1 Cookie from your battle area to your hand.> Select up to 1 of your opponent's Cookies. That Cookie receives 1 damage.,<{B}{B}{B}> Relics?! Let me see them first! deals 3,,0,0,0,BS6-073,1,"【On Play】 <{B}> <Return 1 {B} LV.1 Cookie from your battle area to your hand.> Select up to 1 of your opponent's Cookies. That Cookie receives 1 damage.
<{B}{B}{B}> Relics?! Let me see them first! deals 3",,SECRET SUPER RARE,
BS6-073,BS6,073,Schneeball Cookie,BOOSTER PACK [Operation Timeguard],COOKIE,BLUE,BLUE,2,4,,SR,Relic Management Ace,【On Play】 <{B}> <Return 1 {B} LV.1 Cookie from your battle area to your hand.> Select up to 1 of your opponent's Cookies. That Cookie receives 1 damage.,<{B}{B}{B}> Relics?! Let me see them first! deals 3,,0,0,0,BS6-073,0,"【On Play】 <{B}> <Return 1 {B} LV.1 Cookie from your battle area to your hand.> Select up to 1 of your opponent's Cookies. That Cookie receives 1 damage.
<{B}{B}{B}> Relics?! Let me see them first! deals 3",,SUPER RARE,
BS6-072,BS6,072,Chocolate Bonbon Cookie,BOOSTER PACK [Operation Timeguard],COOKIE,BLUE,BLUE,3,5,,C,Timeless Classic,【On Play】 Draw up to 3 cards from your deck.,"<{B}{B}{B}> Perfect Measurements deals 3 Then, <discard 2 cards.> Draw up to 2 cards from your deck.",,0,0,0,BS6-072,0,"【On Play】 Draw up to 3 cards from your deck.
<{B}{B}{B}> Perfect Measurements deals 3 Then, <discard 2 cards.> Draw up to 2 cards from your deck.",,COMMON,
BS6-071,BS6,071,Soda Cookie,BOOSTER PACK [Operation Timeguard],COOKIE,BLUE,BLUE,2,3,,C,I want more fun...,"When this Cookie faints, draw up to 2 cards from your deck.",<{B}> Always surfing! deals 2,,0,0,0,BS6-071,0,"When this Cookie faints, draw up to 2 cards from your deck.
<{B}> Always surfing! deals 2",,COMMON,
BS6-070,BS6,070,Salt Cookie,BOOSTER PACK [Operation Timeguard],COOKIE,BLUE,BLUE MIX,2,2,,C,,,<{N}{N}> The Smell of Salt deals 1,,0,0,0,BS6-070,0,<{N}{N}> The Smell of Salt deals 1,,COMMON,
BS6-069,BS6,069,Sandwich Cookie,BOOSTER PACK [Operation Timeguard],FLIP,BLUE,BLUE,3,3,,C,,,<{B}{B}{B}> This'll keep you up all night! deals 3,<Discard 1 card.> The Cookie with this card attached for HP gains +1 HP.,0,0,0,BS6-069,0,"<{B}{B}{B}> This'll keep you up all night! deals 3
<Discard 1 card.> The Cookie with this card attached for HP gains +1 HP.",,COMMON,
BS6-068,BS6,068,Blackberry Cookie,BOOSTER PACK [Operation Timeguard],COOKIE,BLUE,BLUE,2,2,,C,,,"<{B}{B}> What was that noise? deals 3 Then, <can be used as {B}.> If there are 5 or less cards in your hand, select up to 1 LV.1 Cookie in your opponent's battle area. Place that Cookie on the bottom of the deck.",,0,0,0,BS6-068,0,"<{B}{B}> What was that noise? deals 3 Then, <can be used as {B}.> If there are 5 or less cards in your hand, select up to 1 LV.1 Cookie in your opponent's battle area. Place that Cookie on the bottom of the deck.",,COMMON,
BS6-067,BS6,067,Vampire Cookie,BOOSTER PACK [Operation Timeguard],FLIP,BLUE,BLUE,2,2,,C,,,<{B}{B}> Cheers to love! deals 2,Draw up to 1 card from your deck.,0,0,0,BS6-067,0,"<{B}{B}> Cheers to love! deals 2
Draw up to 1 card from your deck.",,COMMON,
BS6-066@1,BS6,066@1,Maple Taffy Cookie,BOOSTER PACK [Operation Timeguard],COOKIE,BLUE,BLUE,2,3,,SEC,Relic Manager,【On Play】 <Return 1 {B} LV.1 Cookie from your battle area to your hand.> Draw up to 1 card from your deck.,<{B}{B}> What is this place...? deals 2,,0,0,0,BS6-066,1,"【On Play】 <Return 1 {B} LV.1 Cookie from your battle area to your hand.> Draw up to 1 card from your deck.
<{B}{B}> What is this place...? deals 2",,SECRET RARE,
BS6-066,BS6,066,Maple Taffy Cookie,BOOSTER PACK [Operation Timeguard],COOKIE,BLUE,BLUE,2,3,,R,Relic Manager,【On Play】 <Return 1 {B} LV.1 Cookie from your battle area to your hand.> Draw up to 1 card from your deck.,<{B}{B}> What is this place...? deals 2,,0,0,0,BS6-066,0,"【On Play】 <Return 1 {B} LV.1 Cookie from your battle area to your hand.> Draw up to 1 card from your deck.
<{B}{B}> What is this place...? deals 2",,RARE,
BS6-065@1,BS6,065@1,Marble Bread Cookie,BOOSTER PACK [Operation Timeguard],COOKIE,BLUE,BLUE,1,3,,SSR,,,"<{B}{B}> More trash...? deals 2 Then, if there are 6 or more cards in your hand, discard 1 card.",,0,0,0,BS6-065,1,"<{B}{B}> More trash...? deals 2 Then, if there are 6 or more cards in your hand, discard 1 card.",,SECRET SUPER RARE,
BS6-065,BS6,065,Marble Bread Cookie,BOOSTER PACK [Operation Timeguard],COOKIE,BLUE,BLUE,1,3,,SR,,,"<{B}{B}> More trash...? deals 2 Then, if there are 6 or more cards in your hand, discard 1 card.",,0,0,0,BS6-065,0,"<{B}{B}> More trash...? deals 2 Then, if there are 6 or more cards in your hand, discard 1 card.",,SUPER RARE,
BS6-064,BS6,064,Broken Central Clock,BOOSTER PACK [Operation Timeguard],STAGE,GREEN,GREEN,,,,U,,,"<{G}> Place in your stage area.

【Activate】 <{G}> <Rest this card.> If there are less cards in your support area than your opponent's support area, place 1 card from your hand into your support area as active.",,0,0,0,BS6-064,0,"<{G}> Place in your stage area.

【Activate】 <{G}> <Rest this card.> If there are less cards in your support area than your opponent's support area, place 1 card from your hand into your support area as active.",,UNCOMMON,
BS6-063,BS6,063,Into a Time Pocket...,BOOSTER PACK [Operation Timeguard],TRAP,GREEN,GREEN,,,,U,,,"<{G}{G}> Select up to 1 of your opponent's Cookies. During this turn, that Cookie deals -1 attack damage. Then, if there are 5 cards in your support area, place up to 1 card from the top of your deck into your support area as rested.",,0,0,0,BS6-063,0,"<{G}{G}> Select up to 1 of your opponent's Cookies. During this turn, that Cookie deals -1 attack damage. Then, if there are 5 cards in your support area, place up to 1 card from the top of your deck into your support area as rested.",,UNCOMMON,
BS6-062,BS6,062,Time Rend Scissors,BOOSTER PACK [Operation Timeguard],ITEM,GREEN,GREEN,,,,U,,,<{G}> <Return 1 Cookie from your support area to your hand.> Select up to 1 of your opponent's Cookies. That Cookie receives 1 damage.,,0,0,0,BS6-062,0,<{G}> <Return 1 Cookie from your support area to your hand.> Select up to 1 of your opponent's Cookies. That Cookie receives 1 damage.,,UNCOMMON,
BS6-061@1,BS6,061@1,Walnut Cookie,BOOSTER PACK [Operation Timeguard],COOKIE,GREEN,GREEN,1,2,,SSR,,,"<{G}{G}> A Case? Leave it to me! Then, <return 1 Cookie from your support area to your hand.> Select up to 1 of your Cookies with 5 or less HP remaining. That Cookie gains +1 HP.",,0,0,0,BS6-061,1,"<{G}{G}> A Case? Leave it to me! Then, <return 1 Cookie from your support area to your hand.> Select up to 1 of your Cookies with 5 or less HP remaining. That Cookie gains +1 HP.",,SECRET SUPER RARE,
BS6-061,BS6,061,Walnut Cookie,BOOSTER PACK [Operation Timeguard],COOKIE,GREEN,GREEN,1,2,,SR,,,"<{G}{G}> A Case? Leave it to me! Then, <return 1 Cookie from your support area to your hand.> Select up to 1 of your Cookies with 5 or less HP remaining. That Cookie gains +1 HP.",,0,0,0,BS6-061,0,"<{G}{G}> A Case? Leave it to me! Then, <return 1 Cookie from your support area to your hand.> Select up to 1 of your Cookies with 5 or less HP remaining. That Cookie gains +1 HP.",,SUPER RARE,
BS6-060,BS6,060,Pistachio Cookie,BOOSTER PACK [Operation Timeguard],COOKIE,GREEN,GREEN,3,4,,C,,,"<{G}{G}> Without hesitation or fear! deals 2 Then, return 1 card from your support area to your hand.",,0,0,0,BS6-060,0,"<{G}{G}> Without hesitation or fear! deals 2 Then, return 1 card from your support area to your hand.",,COMMON,
BS6-059,BS6,059,Apple Cookie,BOOSTER PACK [Operation Timeguard],COOKIE,GREEN,GREEN,2,3,,C,,,"<{G}{G}> Let's play together! deals 3 Then, if there are 5 cards in your support area, you can return this Cookie to your hand.",,0,0,0,BS6-059,0,"<{G}{G}> Let's play together! deals 3 Then, if there are 5 cards in your support area, you can return this Cookie to your hand.",,COMMON,
BS6-058,BS6,058,Kiwi Cookie,BOOSTER PACK [Operation Timeguard],COOKIE,GREEN,GREEN,3,5,,C,Life of a Biker,"【On Play】 If your support area has 2 or more cards less than your opponent's support area, all of your opponent's Cookies receive 2 damage.","<{G}{G}> I ride, therefore I live! deals 1",,0,0,0,BS6-058,0,"【On Play】 If your support area has 2 or more cards less than your opponent's support area, all of your opponent's Cookies receive 2 damage.
<{G}{G}> I ride, therefore I live! deals 1",,COMMON,
BS6-057@1,BS6,057@1,Coffee Candy Cookie,BOOSTER PACK [Operation Timeguard],COOKIE,GREEN,GREEN,1,3,,SEC,Time Registry Manager,【Activate】 <{G}> <Place this Cookie in the trash.> <Return 1 Cookie from your support area to your hand.> Draw up to 1 card from your deck.,<{G}{G}> I won't doze off again! deals 1,,0,0,0,BS6-057,1,"【Activate】 <{G}> <Place this Cookie in the trash.> <Return 1 Cookie from your support area to your hand.> Draw up to 1 card from your deck.
<{G}{G}> I won't doze off again! deals 1",,SECRET RARE,
BS6-057,BS6,057,Coffee Candy Cookie,BOOSTER PACK [Operation Timeguard],COOKIE,GREEN,GREEN,1,3,,R,Time Registry Manager,【Activate】 <{G}> <Place this Cookie in the trash.> <Return 1 Cookie from your support area to your hand.> Draw up to 1 card from your deck.,<{G}{G}> I won't doze off again! deals 1,,0,0,0,BS6-057,0,"【Activate】 <{G}> <Place this Cookie in the trash.> <Return 1 Cookie from your support area to your hand.> Draw up to 1 card from your deck.
<{G}{G}> I won't doze off again! deals 1",,RARE,
BS6-056,BS6,056,Cappuccino Cookie,BOOSTER PACK [Operation Timeguard],FLIP,GREEN,GREEN,1,1,,C,,,<{G}> See you in court deals 1,Draw up to 1 card from your deck.,0,0,0,BS6-056,0,"<{G}> See you in court deals 1
Draw up to 1 card from your deck.",,COMMON,
BS6-055,BS6,055,Grapefruit Cookie,BOOSTER PACK [Operation Timeguard],COOKIE,GREEN,GREEN MIX,2,4,,C,Candy Skates,"【Your Turn】 If there are less cards in your support area than your opponent's support area, this Cookie takes no damage.",<{G}{G}{N}> Put some disco music on! deals 1,,0,0,0,BS6-055,0,"【Your Turn】 If there are less cards in your support area than your opponent's support area, this Cookie takes no damage.
<{G}{G}{N}> Put some disco music on! deals 1",,COMMON,
BS6-054,BS6,054,Orange Cookie,BOOSTER PACK [Operation Timeguard],COOKIE,GREEN,GREEN MIX,2,2,,U,,,<{N}{N}> Let's play outside! deals 2,,0,0,0,BS6-054,0,<{N}{N}> Let's play outside! deals 2,,UNCOMMON,
BS6-053,BS6,053,Cherry Ball Cookie,BOOSTER PACK [Operation Timeguard],COOKIE,GREEN,GREEN,1,3,,C,,,"<{G}{G}> We can do better than this! deals 3 Then, if there are 5 cards in your support area, this Cookie gains +1 HP.",,0,0,0,BS6-053,0,"<{G}{G}> We can do better than this! deals 3 Then, if there are 5 cards in your support area, this Cookie gains +1 HP.",,COMMON,
BS6-052,BS6,052,Almond Cookie,BOOSTER PACK [Operation Timeguard],COOKIE,GREEN,GREEN,2,2,,U,Sharp Detective,【Activate】 【Once Per Turn】 <{G}{G}> <Return 2 cards from your support area to your hand.> Select up to 1 of your opponent's LV.1 Cookies. Make that Cookie faint.,<{G}{G}> Coffee Break deals 1,,0,0,0,BS6-052,0,"【Activate】 【Once Per Turn】 <{G}{G}> <Return 2 cards from your support area to your hand.> Select up to 1 of your opponent's LV.1 Cookies. Make that Cookie faint.
<{G}{G}> Coffee Break deals 1",,UNCOMMON,
BS6-051@1,BS6,051@1,Timekeeper Cookie,BOOSTER PACK [Operation Timeguard],COOKIE,GREEN,GREEN,3,5,,SUR,Ruler of the Ephemeral Flow,"When your turn ends, select 5 cards to keep in your support area and return the rest to your hand.","<{G}{G}{G}> It's impossible! deals 2 Then, <can be used as {G}.> If there are 3 or more cards in your opponent's support area, select up to 2 {G} cards from your hand. Place those cards in your support area as active.",,0,0,0,BS6-051,1,"When your turn ends, select 5 cards to keep in your support area and return the rest to your hand.
<{G}{G}{G}> It's impossible! deals 2 Then, <can be used as {G}.> If there are 3 or more cards in your opponent's support area, select up to 2 {G} cards from your hand. Place those cards in your support area as active.",,SECRET ULTRA RARE,
BS6-051,BS6,051,Timekeeper Cookie,BOOSTER PACK [Operation Timeguard],COOKIE,GREEN,GREEN,3,5,,UR,Ruler of the Ephemeral Flow,"When your turn ends, select 5 cards to keep in your support area and return the rest to your hand.","<{G}{G}{G}> It's impossible! deals 2 Then, <can be used as {G}.> If there are 3 or more cards in your opponent's support area, select up to 2 {G} cards from your hand. Place those cards in your support area as active.",,0,0,0,BS6-051,0,"When your turn ends, select 5 cards to keep in your support area and return the rest to your hand.
<{G}{G}{G}> It's impossible! deals 2 Then, <can be used as {G}.> If there are 3 or more cards in your opponent's support area, select up to 2 {G} cards from your hand. Place those cards in your support area as active.",,ULTRA RARE,
BS6-050,BS6,050,Butter Pretzel Cookie,BOOSTER PACK [Operation Timeguard],COOKIE,GREEN,GREEN,2,2,,C,Making a Masterpiece,【Activate】 【Once Per Turn】 Select any number of {G} cards in your support area. Return those cards to your hand.,<{G}{G}> Shush! I need to focus! deals 3,,0,0,0,BS6-050,0,"【Activate】 【Once Per Turn】 Select any number of {G} cards in your support area. Return those cards to your hand.
<{G}{G}> Shush! I need to focus! deals 3",,COMMON,
BS6-049,BS6,049,Banana Cookie,BOOSTER PACK [Operation Timeguard],COOKIE,GREEN,GREEN MIX,1,3,,C,,,<{N}{N}> It's Showtime! deals 2,,0,0,0,BS6-049,0,<{N}{N}> It's Showtime! deals 2,,COMMON,
BS6-048@1,BS6,048@1,Marble Bread Cookie,BOOSTER PACK [Operation Timeguard],COOKIE,GREEN,GREEN,1,3,,SEC,Facility Manager,"When this Cookie faints, if there are less cards in your support area than your opponent's support area, draw 1 card from your deck. Then, your opponent discards 1 card.",<{G}{G}{G}> Ugh... *Yawn* deals 1,,0,0,0,BS6-048,1,"When this Cookie faints, if there are less cards in your support area than your opponent's support area, draw 1 card from your deck. Then, your opponent discards 1 card.
<{G}{G}{G}> Ugh... *Yawn* deals 1",,SECRET RARE,
BS6-048,BS6,048,Marble Bread Cookie,BOOSTER PACK [Operation Timeguard],COOKIE,GREEN,GREEN,1,3,,R,Facility Manager,"When this Cookie faints, if there are less cards in your support area than your opponent's support area, draw 1 card from your deck. Then, your opponent discards 1 card.",<{G}{G}{G}> Ugh... *Yawn* deals 1,,0,0,0,BS6-048,0,"When this Cookie faints, if there are less cards in your support area than your opponent's support area, draw 1 card from your deck. Then, your opponent discards 1 card.
<{G}{G}{G}> Ugh... *Yawn* deals 1",,RARE,
BS6-047,BS6,047,Lemon Cookie,BOOSTER PACK [Operation Timeguard],COOKIE,GREEN,GREEN,2,2,,C,Sweet and Stinging,"If there are 5 cards or less in your support area, this Cookie gains +3 attack damage.",<{G}{G}{G}> The power flows through me! deals 2,,0,0,0,BS6-047,0,"If there are 5 cards or less in your support area, this Cookie gains +3 attack damage.
<{G}{G}{G}> The power flows through me! deals 2",,COMMON,
BS6-046,BS6,046,Langue de Chat Cookie,BOOSTER PACK [Operation Timeguard],FLIP,GREEN,GREEN,2,2,,C,,,<{G}{G}> You are in good hands deals 1,<Discard 1 card.> The Cookie with this card attached for HP gains +1 HP.,0,0,0,BS6-046,0,"<{G}{G}> You are in good hands deals 1
<Discard 1 card.> The Cookie with this card attached for HP gains +1 HP.",,COMMON,
BS6-045,BS6,045,Lime Cookie,BOOSTER PACK [Operation Timeguard],COOKIE,GREEN,GREEN,1,2,,U,Somewhat Rough,"【Activate】 <{G}> <Place this Cookie in the trash.> 
If your support area has 4 or more cards less than your opponent's support area, draw 1 card from your deck. Then, select up to 1 of your opponent's Cookies. That Cookie receives 1 damage.",<{G}{G}> Hmph! deals 2,,0,0,0,BS6-045,0,"【Activate】 <{G}> <Place this Cookie in the trash.> 
If your support area has 4 or more cards less than your opponent's support area, draw 1 card from your deck. Then, select up to 1 of your opponent's Cookies. That Cookie receives 1 damage.
<{G}{G}> Hmph! deals 2",,UNCOMMON,
BS6-044@1,BS6,044@1,Roguefort Cookie,BOOSTER PACK [Operation Timeguard],COOKIE,GREEN,GREEN,1,2,,SSR,,,"<{G}{G}> Searching For The Past deals 1 Then, <return 1 Cookie from your support area to your hand.> Deals 2 damage.",,0,0,0,BS6-044,1,"<{G}{G}> Searching For The Past deals 1 Then, <return 1 Cookie from your support area to your hand.> Deals 2 damage.",,SECRET SUPER RARE,
BS6-044,BS6,044,Roguefort Cookie,BOOSTER PACK [Operation Timeguard],COOKIE,GREEN,GREEN,1,2,,SR,,,"<{G}{G}> Searching For The Past deals 1 Then, <return 1 Cookie from your support area to your hand.> Deals 2 damage.",,0,0,0,BS6-044,0,"<{G}{G}> Searching For The Past deals 1 Then, <return 1 Cookie from your support area to your hand.> Deals 2 damage.",,SUPER RARE,
BS6-043,BS6,043,Timecraft Garage,BOOSTER PACK [Operation Timeguard],STAGE,YELLOW,YELLOW,,,,U,,,"<{Y}> Place in your stage area.

When your turn ends, <place 1 {Y} Cookie from your hand into your break area.> Set up to 2 cards from your support area as active. Then, draw up to 1 card from your deck.",,0,0,0,BS6-043,0,"<{Y}> Place in your stage area.

When your turn ends, <place 1 {Y} Cookie from your hand into your break area.> Set up to 2 cards from your support area as active. Then, draw up to 1 card from your deck.",,UNCOMMON,
BS6-042,BS6,042,Clever Advice,BOOSTER PACK [Operation Timeguard],TRAP,YELLOW,YELLOW,,,,U,,,"<{Y}> If there are 3 or more Cookies in your break area, select up to 1 of your opponent's Cookies that is LV.2 or higher. During this turn, that Cookie deals -2 attack damage. Then, draw up to 1 card from your deck.",,0,0,0,BS6-042,0,"<{Y}> If there are 3 or more Cookies in your break area, select up to 1 of your opponent's Cookies that is LV.2 or higher. During this turn, that Cookie deals -2 attack damage. Then, draw up to 1 card from your deck.",,UNCOMMON,
BS6-041,BS6,041,Hourglass of Aeternus Tempora,BOOSTER PACK [Operation Timeguard],ITEM,YELLOW,YELLOW,,,,U,,,"<{Y}{Y}{Y}> If there are 3 Cookies or more in your break area, select up to 1 of your opponent's Cookies. That Cookie receives 2 damage. Then, draw up to 1 card from your deck.",,0,0,0,BS6-041,0,"<{Y}{Y}{Y}> If there are 3 Cookies or more in your break area, select up to 1 of your opponent's Cookies. That Cookie receives 2 damage. Then, draw up to 1 card from your deck.",,UNCOMMON,
BS6-040,BS6,040,Pilot Cookie,BOOSTER PACK [Operation Timeguard],COOKIE,YELLOW,YELLOW MIX,2,2,,C,,,<{N}{N}> Always follow your heart!,,0,0,0,BS6-040,0,<{N}{N}> Always follow your heart!,,COMMON,
BS6-039@1,BS6,039@1,Croissant Cookie,BOOSTER PACK [Operation Timeguard],COOKIE,YELLOW,YELLOW,3,6,,SUR,Greatest Time Engineer,"【On Play】 <{Y}> If your opponent's break area is LV.6 or lower, place 1 Cookie from your opponent's break area into the trash. Then, select up to 1 Cookie in your opponent's battle area that is 1 LV. higher than that Cookie. Place the selected Cookie in your opponent's break area.",<{Y}{Y}{Y}> Time travel! WOOT! deals 3,,0,0,0,BS6-039,1,"【On Play】 <{Y}> If your opponent's break area is LV.6 or lower, place 1 Cookie from your opponent's break area into the trash. Then, select up to 1 Cookie in your opponent's battle area that is 1 LV. higher than that Cookie. Place the selected Cookie in your opponent's break area.
<{Y}{Y}{Y}> Time travel! WOOT! deals 3",,SECRET ULTRA RARE,
BS6-039,BS6,039,Croissant Cookie,BOOSTER PACK [Operation Timeguard],COOKIE,YELLOW,YELLOW,3,6,,UR,Greatest Time Engineer,"【On Play】 <{Y}> If your opponent's break area is LV.6 or lower, place 1 Cookie from your opponent's break area into the trash. Then, select up to 1 Cookie in your opponent's battle area that is 1 LV. higher than that Cookie. Place the selected Cookie in your opponent's break area.",<{Y}{Y}{Y}> Time travel! WOOT! deals 3,,0,0,0,BS6-039,0,"【On Play】 <{Y}> If your opponent's break area is LV.6 or lower, place 1 Cookie from your opponent's break area into the trash. Then, select up to 1 Cookie in your opponent's battle area that is 1 LV. higher than that Cookie. Place the selected Cookie in your opponent's break area.
<{Y}{Y}{Y}> Time travel! WOOT! deals 3",,ULTRA RARE,
BS6-038@1,BS6,038@1,Coffee Candy Cookie,BOOSTER PACK [Operation Timeguard],COOKIE,YELLOW,YELLOW,1,3,,SSR,,,"<{Y}{Y}> I wasn't dozing off! deals 3 Then, if there is a {Y} Cookie that is LV.2 or higher in your break area, select up to 1 of your opponent's Cookies. That Cookie receives 1 damage.",,0,0,0,BS6-038,1,"<{Y}{Y}> I wasn't dozing off! deals 3 Then, if there is a {Y} Cookie that is LV.2 or higher in your break area, select up to 1 of your opponent's Cookies. That Cookie receives 1 damage.",,SECRET SUPER RARE,
BS6-038,BS6,038,Coffee Candy Cookie,BOOSTER PACK [Operation Timeguard],COOKIE,YELLOW,YELLOW,1,3,,SR,,,"<{Y}{Y}> I wasn't dozing off! deals 3 Then, if there is a {Y} Cookie that is LV.2 or higher in your break area, select up to 1 of your opponent's Cookies. That Cookie receives 1 damage.",,0,0,0,BS6-038,0,"<{Y}{Y}> I wasn't dozing off! deals 3 Then, if there is a {Y} Cookie that is LV.2 or higher in your break area, select up to 1 of your opponent's Cookies. That Cookie receives 1 damage.",,SUPER RARE,
BS6-037,BS6,037,Cannoli Cookie,BOOSTER PACK [Operation Timeguard],FLIP,YELLOW,YELLOW,2,2,,C,,,<{Y}{Y}> Is this the place? deals 1,<Discard 1 card.> The Cookie with this card attached for HP gains +1 HP.,0,0,0,BS6-037,0,"<{Y}{Y}> Is this the place? deals 1
<Discard 1 card.> The Cookie with this card attached for HP gains +1 HP.",,COMMON,
BS6-036,BS6,036,Zombie Cookie,BOOSTER PACK [Operation Timeguard],COOKIE,YELLOW,YELLOW,3,4,,U,,,"<{Y}{Y}{Y}{Y}> Fresh Jellies... Want... deals 2 Then, <can be used as {Y}.> This Cookie gains +1 HP for each LV.3 Cookie in your break area.",,0,0,0,BS6-036,0,"<{Y}{Y}{Y}{Y}> Fresh Jellies... Want... deals 2 Then, <can be used as {Y}.> This Cookie gains +1 HP for each LV.3 Cookie in your break area.",,UNCOMMON,
BS6-035@1,BS6,035@1,GingerBrave,BOOSTER PACK [Operation Timeguard],COOKIE,YELLOW,YELLOW MIX,2,4,,SEC,Our Search for Paradise,"When your turn ends, if there are 2 or more Cookies in your break area, set up to 1 card from your support area as active.",<{Y}{Y}{N}> Let's run together! deals 3,,0,0,0,BS6-035,1,"When your turn ends, if there are 2 or more Cookies in your break area, set up to 1 card from your support area as active.
<{Y}{Y}{N}> Let's run together! deals 3",,SECRET RARE,
BS6-035,BS6,035,GingerBrave,BOOSTER PACK [Operation Timeguard],COOKIE,YELLOW,YELLOW MIX,2,4,,R,Our Search for Paradise,"When your turn ends, if there are 2 or more Cookies in your break area, set up to 1 card from your support area as active.",<{Y}{Y}{N}> Let's run together! deals 3,,0,0,0,BS6-035,0,"When your turn ends, if there are 2 or more Cookies in your break area, set up to 1 card from your support area as active.
<{Y}{Y}{N}> Let's run together! deals 3",,RARE,
BS6-034,BS6,034,Prophet Cookie,BOOSTER PACK [Operation Timeguard],COOKIE,YELLOW,YELLOW,2,3,,U,The Future Speaks!,【On Play】 Select up to 1 of your Cookies. View all of that Cookie's HP cards and rearrange them in any order.,<{Y}{Y}> Place your trust in me deals 3,,0,0,0,BS6-034,0,"【On Play】 Select up to 1 of your Cookies. View all of that Cookie's HP cards and rearrange them in any order.
<{Y}{Y}> Place your trust in me deals 3",,UNCOMMON,
BS6-033,BS6,033,Cinnamon Cookie,BOOSTER PACK [Operation Timeguard],COOKIE,YELLOW,YELLOW,2,2,,C,The Great and Terrible!,"【On Play】 If your break area is LV.4 or higher, draw up to 2 cards from your deck and discard 2 cards.",<{Y}{Y}> Prepare to be amazed! deals 2,,0,0,0,BS6-033,0,"【On Play】 If your break area is LV.4 or higher, draw up to 2 cards from your deck and discard 2 cards.
<{Y}{Y}> Prepare to be amazed! deals 2",,COMMON,
BS6-032,BS6,032,Spinach Cookie,BOOSTER PACK [Operation Timeguard],COOKIE,YELLOW,YELLOW,2,4,,U,Eat your veggies!,【Activate】 【Once Per Turn】 <Place 1 Cookie from your hand into your break area.> Draw up to 2 cards from your deck.,<{Y}{Y}{Y}> Veggies are the best! deals 2,,0,0,0,BS6-032,0,"【Activate】 【Once Per Turn】 <Place 1 Cookie from your hand into your break area.> Draw up to 2 cards from your deck.
<{Y}{Y}{Y}> Veggies are the best! deals 2",,UNCOMMON,
BS6-031@2,BS6,031@2,Timekeeper Cookie,BOOSTER PACK [Operation Timeguard],COOKIE,YELLOW,YELLOW,3,5,,EXR,A Moment of Fun,【On Play】 <{Y}> Select up to 1 of your opponent's Cookies. That Cookie receives 1 damage.,"<{Y}{Y}{Y}> Instant Reversal deals 3 Then, <can be used as {Y}.> If your break area is LV.4 or higher, select up to 1 of your opponent's Cookies. That Cookie receives 2 damage.",,0,0,0,BS6-031,1,"【On Play】 <{Y}> Select up to 1 of your opponent's Cookies. That Cookie receives 1 damage.
<{Y}{Y}{Y}> Instant Reversal deals 3 Then, <can be used as {Y}.> If your break area is LV.4 or higher, select up to 1 of your opponent's Cookies. That Cookie receives 2 damage.",,ULTRA RARE,
BS6-031@1,BS6,031@1,Timekeeper Cookie,BOOSTER PACK [Operation Timeguard],COOKIE,YELLOW,YELLOW,3,5,,SUR,A Moment of Fun,【On Play】 <{Y}> Select up to 1 of your opponent's Cookies. That Cookie receives 1 damage.,"<{Y}{Y}{Y}> Instant Reversal deals 3 Then, <can be used as {Y}.> If your break area is LV.4 or higher, select up to 1 of your opponent's Cookies. That Cookie receives 2 damage.",,0,0,0,BS6-031,1,"【On Play】 <{Y}> Select up to 1 of your opponent's Cookies. That Cookie receives 1 damage.
<{Y}{Y}{Y}> Instant Reversal deals 3 Then, <can be used as {Y}.> If your break area is LV.4 or higher, select up to 1 of your opponent's Cookies. That Cookie receives 2 damage.",,SECRET ULTRA RARE,
BS6-031,BS6,031,Timekeeper Cookie,BOOSTER PACK [Operation Timeguard],COOKIE,YELLOW,YELLOW,3,5,,UR,A Moment of Fun,【On Play】 <{Y}> Select up to 1 of your opponent's Cookies. That Cookie receives 1 damage.,"<{Y}{Y}{Y}> Instant Reversal deals 3 Then, <can be used as {Y}.> If your break area is LV.4 or higher, select up to 1 of your opponent's Cookies. That Cookie receives 2 damage.",,0,0,0,BS6-031,0,"【On Play】 <{Y}> Select up to 1 of your opponent's Cookies. That Cookie receives 1 damage.
<{Y}{Y}{Y}> Instant Reversal deals 3 Then, <can be used as {Y}.> If your break area is LV.4 or higher, select up to 1 of your opponent's Cookies. That Cookie receives 2 damage.",,ULTRA RARE,
BS6-030,BS6,030,TBD Mender Cookie,BOOSTER PACK [Operation Timeguard],npc,YELLOW,YELLOW,3,4,,C,Gear Mending,【On Play】 Draw up to 1 card from your deck for each Cookie that is LV.2 or higher in your break area.,<{Y}{Y}{Y}> I'm tired! deals 3,,0,0,0,BS6-030,0,"【On Play】 Draw up to 1 card from your deck for each Cookie that is LV.2 or higher in your break area.
<{Y}{Y}{Y}> I'm tired! deals 3",,COMMON,
BS6-029,BS6,029,TBD Office Clerk Cookie,BOOSTER PACK [Operation Timeguard],npc,YELLOW,YELLOW,2,3,,C,Talent Recruiting,【On Play】 <{Y}{Y}> Select up to 1 of your Cookies. That Cookie gains +1 HP.,<{Y}{Y}> How useful! deals 3,,0,0,0,BS6-029,0,"【On Play】 <{Y}{Y}> Select up to 1 of your Cookies. That Cookie gains +1 HP.
<{Y}{Y}> How useful! deals 3",,COMMON,
BS6-028,BS6,028,TBD Delivery Cookie,BOOSTER PACK [Operation Timeguard],npc,YELLOW,YELLOW,1,2,,C,Delivery Time!,"【On Play】 If there are 3 Cookies or more in your break area, draw up to 1 card from your deck.",<{Y}{Y}> Not done delivering! deals 2,,0,0,0,BS6-028,0,"【On Play】 If there are 3 Cookies or more in your break area, draw up to 1 card from your deck.
<{Y}{Y}> Not done delivering! deals 2",,COMMON,
BS6-027,BS6,027,S'more Cookie,BOOSTER PACK [Operation Timeguard],FLIP,YELLOW,YELLOW,3,3,,C,,,<{Y}{Y}{Y}> The Joy of Camping deals 2,Draw up to 1 card from your deck.,0,0,0,BS6-027,0,"<{Y}{Y}{Y}> The Joy of Camping deals 2
Draw up to 1 card from your deck.",,COMMON,
BS6-026,BS6,026,Skater Cookie,BOOSTER PACK [Operation Timeguard],COOKIE,YELLOW,YELLOW MIX,1,3,,C,,,<{N}{N}> Let's skate! deals 3,,0,0,0,BS6-026,0,<{N}{N}> Let's skate! deals 3,,COMMON,
BS6-025@1,BS6,025@1,Baguette Cookie,BOOSTER PACK [Operation Timeguard],COOKIE,YELLOW,YELLOW,1,3,,SSR,Time Registry Head Manager,"【Activate】 【Once Per Turn】 <{Y}> If your break area is LV.2 or lower and there are 6 cards or less in your hand, draw up to 1 card from your deck.",<{Y}{Y}{Y}> Focus on the basics deals 1,,0,0,0,BS6-025,1,"【Activate】 【Once Per Turn】 <{Y}> If your break area is LV.2 or lower and there are 6 cards or less in your hand, draw up to 1 card from your deck.
<{Y}{Y}{Y}> Focus on the basics deals 1",,SECRET SUPER RARE,
BS6-025,BS6,025,Baguette Cookie,BOOSTER PACK [Operation Timeguard],COOKIE,YELLOW,YELLOW,1,3,,SR,Time Registry Head Manager,"【Activate】 【Once Per Turn】 <{Y}> If your break area is LV.2 or lower and there are 6 cards or less in your hand, draw up to 1 card from your deck.",<{Y}{Y}{Y}> Focus on the basics deals 1,,0,0,0,BS6-025,0,"【Activate】 【Once Per Turn】 <{Y}> If your break area is LV.2 or lower and there are 6 cards or less in your hand, draw up to 1 card from your deck.
<{Y}{Y}{Y}> Focus on the basics deals 1",,SUPER RARE,
BS6-024,BS6,024,Roll Cake Cookie,BOOSTER PACK [Operation Timeguard],COOKIE,YELLOW,YELLOW,3,5,,C,,,"<{Y}{Y}{Y}> Vroom, VROOM! deals 2 Then, select up to 1 of your opponent's Cookies. That Cookie receives 1 damage for each LV.3 Cookie in your break area.",,0,0,0,BS6-024,0,"<{Y}{Y}{Y}> Vroom, VROOM! deals 2 Then, select up to 1 of your opponent's Cookies. That Cookie receives 1 damage for each LV.3 Cookie in your break area.",,COMMON,
BS6-023@1,BS6,023@1,Dark Fondue Cookie,BOOSTER PACK [Operation Timeguard],COOKIE,YELLOW,YELLOW,1,3,,SEC,Pleasure to meet you,【On Play】 <Place 1 Cookie from your hand into your break area.> All of your opponent's Cookies receive 1 damage.,<{Y}{Y}> I'll look forward to it deals 2,,0,0,0,BS6-023,1,"【On Play】 <Place 1 Cookie from your hand into your break area.> All of your opponent's Cookies receive 1 damage.
<{Y}{Y}> I'll look forward to it deals 2",,SECRET RARE,
BS6-023,BS6,023,Dark Fondue Cookie,BOOSTER PACK [Operation Timeguard],COOKIE,YELLOW,YELLOW,1,3,,R,Pleasure to meet you,【On Play】 <Place 1 Cookie from your hand into your break area.> All of your opponent's Cookies receive 1 damage.,<{Y}{Y}> I'll look forward to it deals 2,,0,0,0,BS6-023,0,"【On Play】 <Place 1 Cookie from your hand into your break area.> All of your opponent's Cookies receive 1 damage.
<{Y}{Y}> I'll look forward to it deals 2",,RARE,
BS6-022,BS6,022,Ninja Cookie,BOOSTER PACK [Operation Timeguard],COOKIE,YELLOW,YELLOW,1,2,,C,,,"<{Y}{Y}> Cloning Practice deals 1 Then, <can be used as {Y}.> If your break area is LV.3 or higher, return this Cookie to your hand.",,0,0,0,BS6-022,0,"<{Y}{Y}> Cloning Practice deals 1 Then, <can be used as {Y}.> If your break area is LV.3 or higher, return this Cookie to your hand.",,COMMON,
BS6-021,BS6,021,TBD Hallway,BOOSTER PACK [Operation Timeguard],STAGE,RED,RED,,,,U,,,"deals 1 <{R}> Place in your stage area.

【Activate】 <{R}> <Rest this card.> Select up to 1 of your Cookies that is LV.2 or higher with 3 or less HP remaining. During this turn, that Cookie gains +1 attack damage. Then, if that Cookie's remaining HP is 1, draw up to 1 card from your deck.",,0,0,0,BS6-021,0,"deals 1 <{R}> Place in your stage area.

【Activate】 <{R}> <Rest this card.> Select up to 1 of your Cookies that is LV.2 or higher with 3 or less HP remaining. During this turn, that Cookie gains +1 attack damage. Then, if that Cookie's remaining HP is 1, draw up to 1 card from your deck.",,UNCOMMON,
BS6-020@1,BS6,020@1,Tonic Spray,PROMOTION CARD,TRAP,RED,RED,,,,P,,"<{R}{R}> Select up to 1 of your opponent's Cookies. During this turn, that Cookie deals -2 attack damage. Then, return up to 1 card from the top of your Cookie's HP to your hand.",,,0,0,0,BS6-020,1,"<{R}{R}> Select up to 1 of your opponent's Cookies. During this turn, that Cookie deals -2 attack damage. Then, return up to 1 card from the top of your Cookie's HP to your hand.",,PROMOTION,
BS6-020,BS6,020,Tonic Spray,BOOSTER PACK [Operation Timeguard],TRAP,RED,RED,,,,U,,,"<{R}{R}> Select up to 1 of your opponent's Cookies. During this turn, that Cookie deals -2 attack damage. Then, return up to 1 card from the top of your Cookie's HP to your hand.",,0,0,0,BS6-020,0,"<{R}{R}> Select up to 1 of your opponent's Cookies. During this turn, that Cookie deals -2 attack damage. Then, return up to 1 card from the top of your Cookie's HP to your hand.",,UNCOMMON,
BS6-019,BS6,019,Squishy Jelly Watch,BOOSTER PACK [Operation Timeguard],ITEM,RED,RED,,,,U,,,"<{R}> <Return 1 card from the top of your Cookie's HP to your hand.> If there is 1 Cookie or less in your opponent's break area, select up to 2 cards in your opponent's support area. Rest those cards.",,0,0,0,BS6-019,0,"<{R}> <Return 1 card from the top of your Cookie's HP to your hand.> If there is 1 Cookie or less in your opponent's break area, select up to 2 cards in your opponent's support area. Rest those cards.",,UNCOMMON,
BS6-018,BS6,018,White Choco Cookie,BOOSTER PACK [Operation Timeguard],COOKIE,RED,RED,1,2,,C,,,"<{R}{R}> Victory is a matter of a moment! Then, if this Cookie's remaining HP is 1, select up to 1 of your Cookies. During this turn, that Cookie gains +1 attack damage.",,0,0,0,BS6-018,0,"<{R}{R}> Victory is a matter of a moment! Then, if this Cookie's remaining HP is 1, select up to 1 of your Cookies. During this turn, that Cookie gains +1 attack damage.",,COMMON,
BS6-017,BS6,017,Pink Choco Cookie,BOOSTER PACK [Operation Timeguard],COOKIE,RED,RED,1,1,,U,Love Virus,"【On Play】 <{R}> Select up to 1 of your opponent's Cookies. During this turn, the FLIP effects of that Cookie's HP cards cannot be activated.",<{R}> Ready for action! deals 1,,0,0,0,BS6-017,0,"【On Play】 <{R}> Select up to 1 of your opponent's Cookies. During this turn, the FLIP effects of that Cookie's HP cards cannot be activated.
<{R}> Ready for action! deals 1",,UNCOMMON,
BS6-016,BS6,016,Crunchy Chip Cookie,BOOSTER PACK [Operation Timeguard],COOKIE,RED,RED,2,3,,C,,,"<{R}{R}> Never met a mountain Cookie before?! deals 1 Then, if this Cookie's remaining HP is 1, select up to 1 of your opponent's Cookies. That Cookie receives 1 damage.",,0,0,0,BS6-016,0,"<{R}{R}> Never met a mountain Cookie before?! deals 1 Then, if this Cookie's remaining HP is 1, select up to 1 of your opponent's Cookies. That Cookie receives 1 damage.",,COMMON,
BS6-015,BS6,015,Choco Ball Cookie,BOOSTER PACK [Operation Timeguard],COOKIE,RED,RED,2,3,,C,,,<{R}{N}> I was the best today again! deals 2,,0,0,0,BS6-015,0,<{R}{N}> I was the best today again! deals 2,,COMMON,
BS6-014,BS6,014,Choco Bar Cookie,BOOSTER PACK [Operation Timeguard],COOKIE,RED,RED,2,3,,C,Stunt Action,【On Play】 <Place 2 cards from the top of 1 of your Cookies' HP into the trash.> Select up to 1 of your opponent's Cookies. That Cookie receives 1 damage.,<{R}{R}> I can do it all! deals 2,,0,0,0,BS6-014,0,"【On Play】 <Place 2 cards from the top of 1 of your Cookies' HP into the trash.> Select up to 1 of your opponent's Cookies. That Cookie receives 1 damage.
<{R}{R}> I can do it all! deals 2",,COMMON,
BS6-013,BS6,013,Chess Choco Cookie,BOOSTER PACK [Operation Timeguard],COOKIE,RED,RED,1,2,,C,,,"<{R}{R}> We only need each other deals 1 Then, if there is another [Chess Choco Cookie] in your battle area, deals 1 damage.",,0,0,0,BS6-013,0,"<{R}{R}> We only need each other deals 1 Then, if there is another [Chess Choco Cookie] in your battle area, deals 1 damage.",,COMMON,
BS6-012@1,BS6,012@1,Lilybell Cookie,BOOSTER PACK [Operation Timeguard],COOKIE,RED,RED,1,3,,SEC,Song of Nature,"When your turn ends, if there are 5 cards or less in your hand, return up to 1 card from the top of your Cookie's HP to your hand.",<{R}{R}> Nature is beautiful deals 1,,0,0,0,BS6-012,1,"When your turn ends, if there are 5 cards or less in your hand, return up to 1 card from the top of your Cookie's HP to your hand.
<{R}{R}> Nature is beautiful deals 1",,SECRET RARE,
BS6-012,BS6,012,Lilybell Cookie,BOOSTER PACK [Operation Timeguard],COOKIE,RED,RED,1,3,,R,Song of Nature,"When your turn ends, if there are 5 cards or less in your hand, return up to 1 card from the top of your Cookie's HP to your hand.",<{R}{R}> Nature is beautiful deals 1,,0,0,0,BS6-012,0,"When your turn ends, if there are 5 cards or less in your hand, return up to 1 card from the top of your Cookie's HP to your hand.
<{R}{R}> Nature is beautiful deals 1",,RARE,
BS6-011,BS6,011,Rose Cookie,BOOSTER PACK [Operation Timeguard],COOKIE,RED,RED,2,2,,C,Rose Finale,"When this Cookie faints, select up to 1 of your Cookies. Return 1 card from the top of that Cookie's HP to your hand.",<{R}{R}> Shall we dance? deals 1,,0,0,0,BS6-011,0,"When this Cookie faints, select up to 1 of your Cookies. Return 1 card from the top of that Cookie's HP to your hand.
<{R}{R}> Shall we dance? deals 1",,COMMON,
BS6-010@1,BS6,010@1,Timekeeper Cookie,BOOSTER PACK [Operation Timeguard],COOKIE,RED,RED,2,4,,SUR,Shackles of Love,"If this Cookie is in the battle area, your opponent cannot use effects to move either player's Cookies from the battle area.",<{R}{R}{R}> Sweet Despair deals 2,,0,0,0,BS6-010,1,"If this Cookie is in the battle area, your opponent cannot use effects to move either player's Cookies from the battle area.
<{R}{R}{R}> Sweet Despair deals 2",,SECRET ULTRA RARE,
BS6-010,BS6,010,Timekeeper Cookie,BOOSTER PACK [Operation Timeguard],COOKIE,RED,RED,2,4,,UR,Shackles of Love,"If this Cookie is in the battle area, your opponent cannot use effects to move either player's Cookies from the battle area.",<{R}{R}{R}> Sweet Despair deals 2,,0,0,0,BS6-010,0,"If this Cookie is in the battle area, your opponent cannot use effects to move either player's Cookies from the battle area.
<{R}{R}{R}> Sweet Despair deals 2",,ULTRA RARE,
BS6-009,BS6,009,Cotton Candy Cookie,BOOSTER PACK [Operation Timeguard],FLIP,RED,RED,1,1,,C,,,<{R}> Words of Love deals 3,Draw up to 1 card from your deck.,0,0,0,BS6-009,0,"<{R}> Words of Love deals 3
Draw up to 1 card from your deck.",,COMMON,
BS6-008@1,BS6,008@1,Sugar Swan Cookie,BOOSTER PACK [Operation Timeguard],COOKIE,RED,RED,3,6,,SSR,True Love's Vow,"When this Cookie attacks, if this Cookie's remaining HP is 4 or less, during this battle, your opponent cannot activate traps.",<{R}{R}{R}> Sweet First Love deals 1,,0,0,0,BS6-008,1,"When this Cookie attacks, if this Cookie's remaining HP is 4 or less, during this battle, your opponent cannot activate traps.
<{R}{R}{R}> Sweet First Love deals 1",,SECRET SUPER RARE,
BS6-008,BS6,008,Sugar Swan Cookie,BOOSTER PACK [Operation Timeguard],COOKIE,RED,RED,3,6,,SR,True Love's Vow,"When this Cookie attacks, if this Cookie's remaining HP is 4 or less, during this battle, your opponent cannot activate traps.",<{R}{R}{R}> Sweet First Love deals 1,,0,0,0,BS6-008,0,"When this Cookie attacks, if this Cookie's remaining HP is 4 or less, during this battle, your opponent cannot activate traps.
<{R}{R}{R}> Sweet First Love deals 1",,SUPER RARE,
BS6-007@1,BS6,007@1,Blue Slushy Cookie,BOOSTER PACK [Operation Timeguard],COOKIE,RED,RED,2,4,,SEC,,,"<{R}{R}{R}> Relentless Chirping deals 3 Then, if your opponent's Cookie faints from this Cookie's attack, rest up to 2 cards in your opponent's support area.",,0,0,0,BS6-007,1,"<{R}{R}{R}> Relentless Chirping deals 3 Then, if your opponent's Cookie faints from this Cookie's attack, rest up to 2 cards in your opponent's support area.",,SECRET RARE,
BS6-007,BS6,007,Blue Slushy Cookie,BOOSTER PACK [Operation Timeguard],COOKIE,RED,RED,2,4,,R,,,"<{R}{R}{R}> Relentless Chirping deals 3 Then, if your opponent's Cookie faints from this Cookie's attack, rest up to 2 cards in your opponent's support area.",,0,0,0,BS6-007,0,"<{R}{R}{R}> Relentless Chirping deals 3 Then, if your opponent's Cookie faints from this Cookie's attack, rest up to 2 cards in your opponent's support area.",,RARE,
BS6-006,BS6,006,Cherry Blossom Cookie,BOOSTER PACK [Operation Timeguard],FLIP,RED,RED,3,3,,C,,,<{R}{R}{R}> Yay! This is fun! deals 3,<Discard 1 card.> The Cookie with this card attached for HP gains +1 HP.,0,0,0,BS6-006,0,"<{R}{R}{R}> Yay! This is fun! deals 3
<Discard 1 card.> The Cookie with this card attached for HP gains +1 HP.",,COMMON,
BS6-005,BS6,005,Buttercream Choco Cookie,BOOSTER PACK [Operation Timeguard],COOKIE,RED,RED MIX,1,2,,C,,,<{N}> Just let me know deals 3,,0,0,0,BS6-005,0,<{N}> Just let me know deals 3,,COMMON,
BS6-004,BS6,004,Mint Choco Cookie,BOOSTER PACK [Operation Timeguard],COOKIE,RED,RED,2,2,,C,Enchanting Performance,【On Play】 <Place 1 card from the top of your {R} Cookie's HP into the trash.> Draw up to 2 cards from your deck.,<{R}{R}> Look forward to it! deals 1,,0,0,0,BS6-004,0,"【On Play】 <Place 1 card from the top of your {R} Cookie's HP into the trash.> Draw up to 2 cards from your deck.
<{R}{R}> Look forward to it! deals 1",,COMMON,
BS6-003,BS6,003,Strawberry Stick Cookie,BOOSTER PACK [Operation Timeguard],COOKIE,RED,RED,3,4,,U,,,"<{R}{R}{R}> Let's have fun! deals 2 Then, <place 1 card from the top of your {R} Cookie's HP into the trash.> Select up to 1 of your opponent's Cookies. That Cookie receives 1 damage.",,0,0,0,BS6-003,0,"<{R}{R}{R}> Let's have fun! deals 2 Then, <place 1 card from the top of your {R} Cookie's HP into the trash.> Select up to 1 of your opponent's Cookies. That Cookie receives 1 damage.",,UNCOMMON,
BS6-002,BS6,002,Dark Choco Cookie,BOOSTER PACK [Operation Timeguard],COOKIE,RED,RED,2,4,,U,Someone's Hero,"【Activate】 【Once Per Turn】 <{R}> If this Cookie's remaining HP is 2 or less, during this turn, this Cookie gains +1 attack damage.",<{R}{R}{R}> It's dark... deals 3,,0,0,0,BS6-002,0,"【Activate】 【Once Per Turn】 <{R}> If this Cookie's remaining HP is 2 or less, during this turn, this Cookie gains +1 attack damage.
<{R}{R}{R}> It's dark... deals 3",,UNCOMMON,
BS6-001@1,BS6,001@1,Blue Lily Cookie,BOOSTER PACK [Operation Timeguard],COOKIE,RED,RED,1,3,,SSR,Sweet Heartmender,"【Activate】 【Once Per Turn】 <Place 2 cards from the top of 1 of your {R} Cookies' HP into the trash.> Select up to 1 of your Cookies. During this turn, that Cookie gains +1 attack damage.",<{R}{R}> Feelings of Fondness deals 3,,0,0,0,BS6-001,1,"【Activate】 【Once Per Turn】 <Place 2 cards from the top of 1 of your {R} Cookies' HP into the trash.> Select up to 1 of your Cookies. During this turn, that Cookie gains +1 attack damage.
<{R}{R}> Feelings of Fondness deals 3",,SECRET SUPER RARE,
BS6-001,BS6,001,Blue Lily Cookie,BOOSTER PACK [Operation Timeguard],COOKIE,RED,RED,1,3,,SR,Sweet Heartmender,"【Activate】 【Once Per Turn】 <Place 2 cards from the top of 1 of your {R} Cookies' HP into the trash.> Select up to 1 of your Cookies. During this turn, that Cookie gains +1 attack damage.",<{R}{R}> Feelings of Fondness deals 3,,0,0,0,BS6-001,0,"【Activate】 【Once Per Turn】 <Place 2 cards from the top of 1 of your {R} Cookies' HP into the trash.> Select up to 1 of your Cookies. During this turn, that Cookie gains +1 attack damage.
<{R}{R}> Feelings of Fondness deals 3",,SUPER RARE,
BS5-111@1,BS5,111@1,Wrath of the Dragons,BOOSTER PACK [Operation Timeguard],ITEM,,MIX,,,,EXR,,,"<{N}> 【Equip】 this card to one of your 【Dragon】 Cookies. If that Cookie's remaining HP is 3 or less, that Cookie gains +1 attack damage and receives -1 attack damage.",,0,0,0,BS5-111,1,"<{N}> 【Equip】 this card to one of your 【Dragon】 Cookies. If that Cookie's remaining HP is 3 or less, that Cookie gains +1 attack damage and receives -1 attack damage.",,EXTRA RARE,
BS5-111,BS5,111,Wrath of the Dragons,BOOSTER PACK [Operation Timeguard],ITEM,,MIX,,,,UR,,,"<{N}> 【Equip】 this card to one of your 【Dragon】 Cookies. If that Cookie's remaining HP is 3 or less, that Cookie gains +1 attack damage and receives -1 attack damage.",,0,0,0,BS5-111,0,"<{N}> 【Equip】 this card to one of your 【Dragon】 Cookies. If that Cookie's remaining HP is 3 or less, that Cookie gains +1 attack damage and receives -1 attack damage.",,ULTRA RARE,
BS5-110,BS5,110,Lychee Dragon Cookie's Cave,BOOSTER PACK [Operation Timeguard],STAGE,PURPLE,PURPLE,,,,U,,,"<{P}> Place in your stage area.

【Activate】 <{P}> <Rest this card.> Place up to 2 cards from the top of your deck into the trash. Then, if [Lychee Dragon Cookie] is in your battle area, select up to 1 of your opponent's Cookies. That Cookie receives 1 damage.",,0,0,0,BS5-110,0,"<{P}> Place in your stage area.

【Activate】 <{P}> <Rest this card.> Place up to 2 cards from the top of your deck into the trash. Then, if [Lychee Dragon Cookie] is in your battle area, select up to 1 of your opponent's Cookies. That Cookie receives 1 damage.",,UNCOMMON,
BS5-109,BS5,109,Charmed Miners,BOOSTER PACK [Operation Timeguard],TRAP,PURPLE,PURPLE,,,,U,,,"<{P}> Select up to 1 of your opponent's Cookies. During this turn, that Cookie deals -1 attack damage. Then, if there are 15 cards or more in your trash, select up to 1 of your opponent's LV.1 Cookies. During this turn, that Cookie deals -1 attack damage.",,0,0,0,BS5-109,0,"<{P}> Select up to 1 of your opponent's Cookies. During this turn, that Cookie deals -1 attack damage. Then, if there are 15 cards or more in your trash, select up to 1 of your opponent's LV.1 Cookies. During this turn, that Cookie deals -1 attack damage.",,UNCOMMON,
BS5-108,BS5,108,Rambirdtan Handler Glove,BOOSTER PACK [Operation Timeguard],ITEM,PURPLE,PURPLE,,,,U,,,"<{P}> View 3 cards from the top of your deck, reveal up to 1 {P} Cookie from the viewed cards, and add it to your hand. Then, place the remaining cards in the trash.",,0,0,0,BS5-108,0,"<{P}> View 3 cards from the top of your deck, reveal up to 1 {P} Cookie from the viewed cards, and add it to your hand. Then, place the remaining cards in the trash.",,UNCOMMON,
BS5-107,BS5,107,Red Pepper Cookie,BOOSTER PACK [Operation Timeguard],COOKIE,PURPLE,PURPLE,1,1,,C,Undying Fighting Spirit,"When this Cookie faints, both players place 2 cards from the top of their decks into the trash.",<{P}> Red Hot Fiery Punch deals 1,,0,0,0,BS5-107,0,"When this Cookie faints, both players place 2 cards from the top of their decks into the trash.
<{P}> Red Hot Fiery Punch deals 1",,COMMON,
BS5-106,BS5,106,Plain Yogurt Cookie,BOOSTER PACK [Operation Timeguard],COOKIE,PURPLE,PURPLE,1,2,,C,,,"<{P}{P}{P}> Sinister Plot deals 1 
Then, draw 1 card from your deck and place up to 3 cards from the top of your deck into the trash.",,0,0,0,BS5-106,0,"<{P}{P}{P}> Sinister Plot deals 1 
Then, draw 1 card from your deck and place up to 3 cards from the top of your deck into the trash.",,COMMON,
BS5-105,BS5,105,Cocoa Cookie,BOOSTER PACK [Operation Timeguard],COOKIE,PURPLE,PURPLE MIX,1,3,,C,,,<{N}{N}> Cup of Cocoa deals 1,,0,0,0,BS5-105,0,<{N}{N}> Cup of Cocoa deals 1,,COMMON,
BS5-104,BS5,104,Chili Pepper Cookie,BOOSTER PACK [Operation Timeguard],COOKIE,PURPLE,PURPLE,1,2,,C,Treasure Hunting,【On Play】 Both players place 2 cards from the top of their decks into the trash.,<{P}> Watch your pockets! deals 1,,0,0,0,BS5-104,0,"【On Play】 Both players place 2 cards from the top of their decks into the trash.
<{P}> Watch your pockets! deals 1",,COMMON,
BS5-103@1,BS5,103@1,Scorpion Cookie,BOOSTER PACK [Operation Timeguard],COOKIE,PURPLE,PURPLE,3,5,,SEC,Venom Sting,"For every 15 cards in your trash, this Cookie gains +1 attack damage.",<{P}{P}{P}> This might sting a little deals 3,,0,0,0,BS5-103,1,"For every 15 cards in your trash, this Cookie gains +1 attack damage.
<{P}{P}{P}> This might sting a little deals 3",,SECRET RARE,
BS5-103,BS5,103,Scorpion Cookie,BOOSTER PACK [Operation Timeguard],COOKIE,PURPLE,PURPLE,3,5,,R,Venom Sting,"For every 15 cards in your trash, this Cookie gains +1 attack damage.",<{P}{P}{P}> This might sting a little deals 3,,0,0,0,BS5-103,0,"For every 15 cards in your trash, this Cookie gains +1 attack damage.
<{P}{P}{P}> This might sting a little deals 3",,RARE,
BS5-102,BS5,102,Purple Yam Cookie,BOOSTER PACK [Operation Timeguard],COOKIE,PURPLE,PURPLE,2,3,,C,Raging Tornado,【On Play】 Place up to 3 cards from the top of your deck into the trash.,<{P}{P}> Violet Dragonstorm deals 2,,0,0,0,BS5-102,0,"【On Play】 Place up to 3 cards from the top of your deck into the trash.
<{P}{P}> Violet Dragonstorm deals 2",,COMMON,
BS5-101,BS5,101,GingerBrave,BOOSTER PACK [Operation Timeguard],COOKIE,PURPLE,PURPLE,2,4,,U,BRAVE! Buff,"【On Play】 If there are 10 cards or more in your trash, select up to 1 of your opponent's Cookies. Place 1 card from the top of that Cookie's HP into the trash.",<{P}{P}{P}> I need to escape! deals 2,,0,0,0,BS5-101,0,"【On Play】 If there are 10 cards or more in your trash, select up to 1 of your opponent's Cookies. Place 1 card from the top of that Cookie's HP into the trash.
<{P}{P}{P}> I need to escape! deals 2",,UNCOMMON,
BS5-100@2,BS5,100@2,Yogurt Cream Cookie,promotion card,COOKIE,PURPLE,PURPLE,1,2,,P,Magical Spirits of the Lamp,"When this Cookie is placed from the battle area into the trash, view 3 cards from the top of your deck, reveal up to 1 {P} card from the viewed cards, and add it to your hand. Then, place the remaining cards in the trash.",<{P}{P}> Magic Carpet Ride deals 2,,0,0,0,BS5-100,1,"When this Cookie is placed from the battle area into the trash, view 3 cards from the top of your deck, reveal up to 1 {P} card from the viewed cards, and add it to your hand. Then, place the remaining cards in the trash.
<{P}{P}> Magic Carpet Ride deals 2",,PROMOTION,
BS5-100@1,BS5,100@1,Yogurt Cream Cookie,BOOSTER PACK [Operation Timeguard],COOKIE,PURPLE,PURPLE,1,2,,SSR,Magical Spirits of the Lamp,"When this Cookie is placed from the battle area into the trash, view 3 cards from the top of your deck, reveal up to 1 {P} card from the viewed cards, and add it to your hand. Then, place the remaining cards in the trash.",<{P}{P}> Magic Carpet Ride deals 2,,0,0,0,BS5-100,1,"When this Cookie is placed from the battle area into the trash, view 3 cards from the top of your deck, reveal up to 1 {P} card from the viewed cards, and add it to your hand. Then, place the remaining cards in the trash.
<{P}{P}> Magic Carpet Ride deals 2",,SECRET SUPER RARE,
BS5-100,BS5,100,Yogurt Cream Cookie,BOOSTER PACK [Operation Timeguard],COOKIE,PURPLE,PURPLE,1,2,,SR,Magical Spirits of the Lamp,"When this Cookie is placed from the battle area into the trash, view 3 cards from the top of your deck, reveal up to 1 {P} card from the viewed cards, and add it to your hand. Then, place the remaining cards in the trash.",<{P}{P}> Magic Carpet Ride deals 2,,0,0,0,BS5-100,0,"When this Cookie is placed from the battle area into the trash, view 3 cards from the top of your deck, reveal up to 1 {P} card from the viewed cards, and add it to your hand. Then, place the remaining cards in the trash.
<{P}{P}> Magic Carpet Ride deals 2",,SUPER RARE,
BS5-099,BS5,099,Avocado Cookie,BOOSTER PACK [Operation Timeguard],COOKIE,PURPLE,PURPLE,2,2,,C,,,"<{P}{P}> Dragonscale Armorsmith deals 2 
Then, both players place 2 cards from the top of their decks into the trash.",,0,0,0,BS5-099,0,"<{P}{P}> Dragonscale Armorsmith deals 2 
Then, both players place 2 cards from the top of their decks into the trash.",,COMMON,
BS5-098,BS5,098,Centipede Cookie,BOOSTER PACK [Operation Timeguard],COOKIE,PURPLE,PURPLE,1,3,,U,Desert's Patience,"When your turn ends, place 1 card from the top of this Cookie's HP into the trash.","<{P}{P}> Summon Centipede King deals 1 
Then, <place 1 card from the top of this Cookie's HP into the trash.> If the attacked Cookie is LV.1, place that Cookie into the trash.",,0,0,0,BS5-098,0,"When your turn ends, place 1 card from the top of this Cookie's HP into the trash.
<{P}{P}> Summon Centipede King deals 1 
Then, <place 1 card from the top of this Cookie's HP into the trash.> If the attacked Cookie is LV.1, place that Cookie into the trash.",,UNCOMMON,
BS5-097,BS5,097,Peppercorn Cookie,BOOSTER PACK [Operation Timeguard],COOKIE,PURPLE,PURPLE,3,4,,U,,,"<{P}{P}{P}> Pepper Smoke Balls deals 4 
Then, if your opponent's Cookie faints from this Cookie's attack, draw up to 2 cards from your deck and discard 2 cards.",,0,0,0,BS5-097,0,"<{P}{P}{P}> Pepper Smoke Balls deals 4 
Then, if your opponent's Cookie faints from this Cookie's attack, draw up to 2 cards from your deck and discard 2 cards.",,UNCOMMON,
BS5-096,BS5,096,Mint Choco Cookie,BOOSTER PACK [Operation Timeguard],COOKIE,PURPLE,PURPLE MIX,2,2,,C,,,<{N}{N}> Any requests? deals 3,,0,0,0,BS5-096,0,<{N}{N}> Any requests? deals 3,,COMMON,
BS5-095,BS5,095,Mint Wafer Cookie,BOOSTER PACK [Operation Timeguard],FLIP,PURPLE,PURPLE,3,3,,C,,,<{P}{P}{P}> Enchanting Melody deals 3,<Discard 1 card.> The Cookie with this card attached for HP gains +1 HP.,0,0,0,BS5-095,0,"<{P}{P}{P}> Enchanting Melody deals 3
<Discard 1 card.> The Cookie with this card attached for HP gains +1 HP.",,COMMON,
BS5-094,BS5,094,Mangosteen Cookie,BOOSTER PACK [Operation Timeguard],COOKIE,PURPLE,PURPLE MIX,2,2,,C,,,"<{P}{N}> You'll play with me, won't you? deals 2 
Then, <return 5 {P} Cookies that do not have FLIP from your trash to your deck and shuffle it.> Select up to 1 of your opponent's Cookies. That Cookie receives 1 damage.",,0,0,0,BS5-094,0,"<{P}{N}> You'll play with me, won't you? deals 2 
Then, <return 5 {P} Cookies that do not have FLIP from your trash to your deck and shuffle it.> Select up to 1 of your opponent's Cookies. That Cookie receives 1 damage.",,COMMON,
BS5-093@1,BS5,093@1,Lychee Dragon Cookie,BOOSTER PACK [Operation Timeguard],COOKIE,PURPLE,PURPLE,3,5,Dragon,SUR,Captivating Charm,【Activate】 【Once Per Turn】 <{P}> <Return 3 {P} Cookies that do not have FLIP from your trash to your deck and shuffle it.> Select up to 1 of your opponent's Cookies. That Cookie receives 1 damage.,<{P}{P}{P}> Dragon Enchantment deals 3,,0,0,0,BS5-093,1,"【Activate】 【Once Per Turn】 <{P}> <Return 3 {P} Cookies that do not have FLIP from your trash to your deck and shuffle it.> Select up to 1 of your opponent's Cookies. That Cookie receives 1 damage.
<{P}{P}{P}> Dragon Enchantment deals 3",,SECRET ULTRA RARE,
BS5-093,BS5,093,Lychee Dragon Cookie,BOOSTER PACK [Operation Timeguard],COOKIE,PURPLE,PURPLE,3,5,Dragon,UR,Captivating Charm,【Activate】 【Once Per Turn】 <{P}> <Return 3 {P} Cookies that do not have FLIP from your trash to your deck and shuffle it.> Select up to 1 of your opponent's Cookies. That Cookie receives 1 damage.,<{P}{P}{P}> Dragon Enchantment deals 3,,0,0,0,BS5-093,0,"【Activate】 【Once Per Turn】 <{P}> <Return 3 {P} Cookies that do not have FLIP from your trash to your deck and shuffle it.> Select up to 1 of your opponent's Cookies. That Cookie receives 1 damage.
<{P}{P}{P}> Dragon Enchantment deals 3",,ULTRA RARE,
BS5-092@1,BS5,092@1,Rambutan Cookie,BOOSTER PACK [Operation Timeguard],COOKIE,PURPLE,PURPLE,2,4,,SUR,Leader of the Tribe,"【Once Per Turn】 When your opponent's Cookie attacks, <return 3 non-Cookie cards from your trash to your deck and shuffle it.> Select up to 1 of your opponent's Cookies. During this turn, that Cookie deals -1 attack damage.",<{P}{P}{P}> Raise your spears! deals 3,,0,0,0,BS5-092,1,"【Once Per Turn】 When your opponent's Cookie attacks, <return 3 non-Cookie cards from your trash to your deck and shuffle it.> Select up to 1 of your opponent's Cookies. During this turn, that Cookie deals -1 attack damage.
<{P}{P}{P}> Raise your spears! deals 3",,SECRET ULTRA RARE,
BS5-092,BS5,092,Rambutan Cookie,BOOSTER PACK [Operation Timeguard],COOKIE,PURPLE,PURPLE,2,4,,UR,Leader of the Tribe,"【Once Per Turn】 When your opponent's Cookie attacks, <return 3 non-Cookie cards from your trash to your deck and shuffle it.> Select up to 1 of your opponent's Cookies. During this turn, that Cookie deals -1 attack damage.",<{P}{P}{P}> Raise your spears! deals 3,,0,0,0,BS5-092,0,"【Once Per Turn】 When your opponent's Cookie attacks, <return 3 non-Cookie cards from your trash to your deck and shuffle it.> Select up to 1 of your opponent's Cookies. During this turn, that Cookie deals -1 attack damage.
<{P}{P}{P}> Raise your spears! deals 3",,ULTRA RARE,
BS5-091@1,BS5,091@1,Lilac Cookie,BOOSTER PACK [Operation Timeguard],COOKIE,PURPLE,PURPLE,2,4,,SSR,Desert Winds,"【On Play】 If there are 15 cards or more in your trash, select up to 1 of your opponent's rested LV.2 or lower Cookies. That Cookie receives 2 damage.",<{P}{P}{P}> Razor-Sharp Chakrams deals 3,,0,0,0,BS5-091,1,"【On Play】 If there are 15 cards or more in your trash, select up to 1 of your opponent's rested LV.2 or lower Cookies. That Cookie receives 2 damage.
<{P}{P}{P}> Razor-Sharp Chakrams deals 3",,SECRET SUPER RARE,
BS5-091,BS5,091,Lilac Cookie,BOOSTER PACK [Operation Timeguard],COOKIE,PURPLE,PURPLE,2,4,,SR,Desert Winds,"【On Play】 If there are 15 cards or more in your trash, select up to 1 of your opponent's rested LV.2 or lower Cookies. That Cookie receives 2 damage.",<{P}{P}{P}> Razor-Sharp Chakrams deals 3,,0,0,0,BS5-091,0,"【On Play】 If there are 15 cards or more in your trash, select up to 1 of your opponent's rested LV.2 or lower Cookies. That Cookie receives 2 damage.
<{P}{P}{P}> Razor-Sharp Chakrams deals 3",,SUPER RARE,
BS5-090,BS5,090,Strawberry Stick Cookie,BOOSTER PACK [Operation Timeguard],FLIP,PURPLE,PURPLE,2,2,,C,,,<{P}{P}> Feel the Rhythm! deals 2,Draw up to 1 card from your deck.,0,0,0,BS5-090,0,"<{P}{P}> Feel the Rhythm! deals 2
Draw up to 1 card from your deck.",,COMMON,
BS5-089@2,BS5,089@2,Muscle Cookie,PROMOTION CARD,FLIP,PURPLE,PURPLE,1,2,,P,,,,<{P}{P}> Kettlebell Throw,0,0,0,BS5-089,1,<{P}{P}> Kettlebell Throw,,PROMOTION,
BS5-089@1,BS5,089@1,Muscle Cookie,BOOSTER PACK [Operation Timeguard],COOKIE,PURPLE,PURPLE,1,2,,SEC,,,"<{P}{P}> Kettlebell Throw deals 2 Then, place up to 3 cards from the top of your deck into the trash.",,0,0,0,BS5-089,1,"<{P}{P}> Kettlebell Throw deals 2 Then, place up to 3 cards from the top of your deck into the trash.",,SECRET RARE,
BS5-089,BS5,089,Muscle Cookie,BOOSTER PACK [Operation Timeguard],COOKIE,PURPLE,PURPLE,1,2,,R,,,"<{P}{P}> Kettlebell Throw deals 2 Then, place up to 3 cards from the top of your deck into the trash.",,0,0,0,BS5-089,0,"<{P}{P}> Kettlebell Throw deals 2 Then, place up to 3 cards from the top of your deck into the trash.",,RARE,
BS5-088,BS5,088,Lotus Palace,BOOSTER PACK [Operation Timeguard],STAGE,BLUE,BLUE,,,,U,,,"<{B}> Place in your stage area.

【Activate】 <{B}> <Rest this card.> If there are 3 cards or less in your hand, select up to 1 of your Cookies. During this turn, that Cookie gains +1 attack damage. Then, if [Lotus Dragon Cookie] is in your battle area, draw up to 2 cards from your deck.",,0,0,0,BS5-088,0,"<{B}> Place in your stage area.

【Activate】 <{B}> <Rest this card.> If there are 3 cards or less in your hand, select up to 1 of your Cookies. During this turn, that Cookie gains +1 attack damage. Then, if [Lotus Dragon Cookie] is in your battle area, draw up to 2 cards from your deck.",,UNCOMMON,
BS5-087,BS5,087,Dino Greetings,BOOSTER PACK [Operation Timeguard],TRAP,BLUE,BLUE,,,,U,,,"<{B}{B}> Select up to 1 of your opponent's Cookies. During this turn, that Cookie deals -1 attack damage. Then, if your break area is LV.6 or higher, draw up to 2 cards from your deck.",,0,0,0,BS5-087,0,"<{B}{B}> Select up to 1 of your opponent's Cookies. During this turn, that Cookie deals -1 attack damage. Then, if your break area is LV.6 or higher, draw up to 2 cards from your deck.",,UNCOMMON,
BS5-086,BS5,086,Tales of the Lotus,BOOSTER PACK [Operation Timeguard],ITEM,BLUE,BLUE,,,,U,,,"<{B}{B}> If there is 1 Cookie in your battle area, view 3 cards from the top of your deck and select up to 1 {B} Cookie from the viewed cards. Play that Cookie with +1 HP. Then, place the remaining cards on the bottom of your deck in any order.",,0,0,0,BS5-086,0,"<{B}{B}> If there is 1 Cookie in your battle area, view 3 cards from the top of your deck and select up to 1 {B} Cookie from the viewed cards. Play that Cookie with +1 HP. Then, place the remaining cards on the bottom of your deck in any order.",,UNCOMMON,
BS5-085,BS5,085,Pirate Cookie,BOOSTER PACK [Operation Timeguard],COOKIE,BLUE,BLUE MIX,3,4,,C,,,"<{B}{B}{N}> Treasures! Treasures!!! deals 2 Then, if your opponent's Cookie faints from this Cookie's attack, this Cookie gains +1 HP. Draw up to 1 card from your deck.",,0,0,0,BS5-085,0,"<{B}{B}{N}> Treasures! Treasures!!! deals 2 Then, if your opponent's Cookie faints from this Cookie's attack, this Cookie gains +1 HP. Draw up to 1 card from your deck.",,COMMON,
BS5-084,BS5,084,Apple Cookie,BOOSTER PACK [Operation Timeguard],COOKIE,BLUE,BLUE,2,3,,C,Bubbles! Bubbles!,【Activate】 <Rest this card.> <Discard 1 card.> Select up to 1 of your other {B} Cookies. Set that Cookie as active.,<{B}{B}> Let's play outside! YAY! deals 2,,0,0,0,BS5-084,0,"【Activate】 <Rest this card.> <Discard 1 card.> Select up to 1 of your other {B} Cookies. Set that Cookie as active.
<{B}{B}> Let's play outside! YAY! deals 2",,COMMON,
BS5-083,BS5,083,Bell Pepper Cookie,BOOSTER PACK [Operation Timeguard],COOKIE,BLUE,BLUE,2,4,,C,PepperBot,【On Play】 <Discard your entire hand.> This Cookie gains +2 HP. Draw up to 1 card from your deck.,<{B}{B}{B}> Pepper Grenade deals 2,,0,0,0,BS5-083,0,"【On Play】 <Discard your entire hand.> This Cookie gains +2 HP. Draw up to 1 card from your deck.
<{B}{B}{B}> Pepper Grenade deals 2",,COMMON,
BS5-082,BS5,082,Ion Cookie Robot,BOOSTER PACK [Operation Timeguard],FLIP,BLUE,BLUE,3,3,,C,,,<{B}{B}{B}> Upload in progress... deals 3,<Discard 1 card.> The Cookie with this card attached for HP gains +1 HP.,0,0,0,BS5-082,0,"<{B}{B}{B}> Upload in progress... deals 3
<Discard 1 card.> The Cookie with this card attached for HP gains +1 HP.",,COMMON,
BS5-081,BS5,081,Squid Ink Cookie,BOOSTER PACK [Operation Timeguard],COOKIE,BLUE,BLUE,1,3,,C,Hungry Giant Squid,"【Once Per Turn】 When your opponent's Cookie attacks, <discard 4 cards.> During this battle, this Cookie's HP cannot reach 0.",<{B}{B}> Shiny... things... deals 1,,0,0,0,BS5-081,0,"【Once Per Turn】 When your opponent's Cookie attacks, <discard 4 cards.> During this battle, this Cookie's HP cannot reach 0.
<{B}{B}> Shiny... things... deals 1",,COMMON,
BS5-080@1,BS5,080@1,Alchemist Cookie,BOOSTER PACK [Operation Timeguard],COOKIE,BLUE,BLUE,1,2,,SEC,,,"<{B}{B}> Rainbow Alchemy deals 2 
Then, <discard 2 cards.> Select up to 1 of your opponent's Cookies. That Cookie receives 1 damage.",,0,0,0,BS5-080,1,"<{B}{B}> Rainbow Alchemy deals 2 
Then, <discard 2 cards.> Select up to 1 of your opponent's Cookies. That Cookie receives 1 damage.",,SECRET RARE,
BS5-080,BS5,080,Alchemist Cookie,BOOSTER PACK [Operation Timeguard],COOKIE,BLUE,BLUE,1,2,,R,,,"<{B}{B}> Rainbow Alchemy deals 2 
Then, <discard 2 cards.> Select up to 1 of your opponent's Cookies. That Cookie receives 1 damage.",,0,0,0,BS5-080,0,"<{B}{B}> Rainbow Alchemy deals 2 
Then, <discard 2 cards.> Select up to 1 of your opponent's Cookies. That Cookie receives 1 damage.",,RARE,
BS5-079,BS5,079,Lotus Root Cookie,BOOSTER PACK [Operation Timeguard],COOKIE,BLUE,BLUE MIX,1,2,,C,,,<{N}{N}> Diving for Herbs deals 2,,0,0,0,BS5-079,0,<{N}{N}> Diving for Herbs deals 2,,COMMON,
BS5-078,BS5,078,Aloe Cookie,BOOSTER PACK [Operation Timeguard],COOKIE,BLUE,BLUE,1,3,,C,Data Defragmentation,【On Play】 <{B}> Draw up to 1 card from your deck.,<{B}{B}> Science Prevails deals 1,,0,0,0,BS5-078,0,"【On Play】 <{B}> Draw up to 1 card from your deck.
<{B}{B}> Science Prevails deals 1",,COMMON,
BS5-077,BS5,077,Ice Candy Cookie,BOOSTER PACK [Operation Timeguard],COOKIE,BLUE,BLUE MIX,2,3,,C,,,<{N}> Rainbow Dribble deals 1,,0,0,0,BS5-077,0,<{N}> Rainbow Dribble deals 1,,COMMON,
BS5-076@2,BS5,076@2,Cream Puff Cookie,PROMOTION CARD,FLIP,BLUE,BLUE,1,3,,P,Jellius Extremus!,【Activate】 <{B}> <Rest this card.> <Discard 1 card.> Select up to 1 LV.1 Cookie in your opponent's battle area that does not have 【Skill】. Make that Cookie faint.,<{B}{B}> I can do it...! deals 1,<{B}{B}> I can do it...!,0,0,0,BS5-076,1,"【Activate】 <{B}> <Rest this card.> <Discard 1 card.> Select up to 1 LV.1 Cookie in your opponent's battle area that does not have 【Skill】. Make that Cookie faint.
<{B}{B}> I can do it...! deals 1
<{B}{B}> I can do it...!",,PROMOTION,
BS5-076@1,BS5,076@1,Cream Puff Cookie,BOOSTER PACK [Operation Timeguard],COOKIE,BLUE,BLUE,1,3,,SEC,Jellius Extremus!,【Activate】 <{B}> <Rest this card.> <Discard 1 card.> Select up to 1 LV.1 Cookie in your opponent's battle area that does not have 【Skill】. Make that Cookie faint.,<{B}{B}> I can do it...! deals 1,,0,0,0,BS5-076,1,"【Activate】 <{B}> <Rest this card.> <Discard 1 card.> Select up to 1 LV.1 Cookie in your opponent's battle area that does not have 【Skill】. Make that Cookie faint.
<{B}{B}> I can do it...! deals 1",,SECRET RARE,
BS5-076,BS5,076,Cream Puff Cookie,BOOSTER PACK [Operation Timeguard],COOKIE,BLUE,BLUE,1,3,,R,Jellius Extremus!,【Activate】 <{B}> <Rest this card.> <Discard 1 card.> Select up to 1 LV.1 Cookie in your opponent's battle area that does not have 【Skill】. Make that Cookie faint.,<{B}{B}> I can do it...! deals 1,,0,0,0,BS5-076,0,"【Activate】 <{B}> <Rest this card.> <Discard 1 card.> Select up to 1 LV.1 Cookie in your opponent's battle area that does not have 【Skill】. Make that Cookie faint.
<{B}{B}> I can do it...! deals 1",,RARE,
BS5-075@1,BS5,075@1,Hydrangea Cookie,BOOSTER PACK [Operation Timeguard],COOKIE,BLUE,BLUE,2,4,,SSR,Hydrangea Field,"【On Play】 If there are 5 cards or more in your hand, select up to 1 of your opponent's rested LV.2 or lower Cookies. That Cookie receives 2 damage.",<{B}{B}{B}> Let us go see some flowers! deals 3,,0,0,0,BS5-075,1,"【On Play】 If there are 5 cards or more in your hand, select up to 1 of your opponent's rested LV.2 or lower Cookies. That Cookie receives 2 damage.
<{B}{B}{B}> Let us go see some flowers! deals 3",,SECRET SUPER RARE,
BS5-075,BS5,075,Hydrangea Cookie,BOOSTER PACK [Operation Timeguard],COOKIE,BLUE,BLUE,2,4,,SR,Hydrangea Field,"【On Play】 If there are 5 cards or more in your hand, select up to 1 of your opponent's rested LV.2 or lower Cookies. That Cookie receives 2 damage.",<{B}{B}{B}> Let us go see some flowers! deals 3,,0,0,0,BS5-075,0,"【On Play】 If there are 5 cards or more in your hand, select up to 1 of your opponent's rested LV.2 or lower Cookies. That Cookie receives 2 damage.
<{B}{B}{B}> Let us go see some flowers! deals 3",,SUPER RARE,
BS5-074,BS5,074,Sorbet Shark Cookie,BOOSTER PACK [Operation Timeguard],FLIP,BLUE,BLUE,2,4,,U,o!00!,【On Play】 <{B}> Draw up to 2 cards from your deck.,<{B}{B}{B}> 0Ooo0ooOo! deals 3,Draw up to 1 card from your deck.,0,0,0,BS5-074,0,"【On Play】 <{B}> Draw up to 2 cards from your deck.
<{B}{B}{B}> 0Ooo0ooOo! deals 3
Draw up to 1 card from your deck.",,UNCOMMON,
BS5-073,BS5,073,Cyborg Cookie,BOOSTER PACK [Operation Timeguard],COOKIE,BLUE,BLUE,2,2,,C,,,<{B}{B}> High Voltage deals 2,,0,0,0,BS5-073,0,<{B}{B}> High Voltage deals 2,,COMMON,
BS5-072,BS5,072,Gumball Cookie,BOOSTER PACK [Operation Timeguard],COOKIE,BLUE,BLUE,2,2,,C,Art-illery,"When this Cookie faints and your break area is LV.6 or higher, draw up to 2 cards from your deck.",<{B}{B}> Gumball Cannon deals 2,,0,0,0,BS5-072,0,"When this Cookie faints and your break area is LV.6 or higher, draw up to 2 cards from your deck.
<{B}{B}> Gumball Cannon deals 2",,COMMON,
BS5-071@1,BS5,071@1,Lotus Dragon Cookie,BOOSTER PACK [Operation Timeguard],COOKIE,BLUE,BLUE,3,5,Dragon,SUR,Blue Dragon's Melody,"【Activate】 【Once Per Turn】 <Discard 3 or more {B} cards.> If your break area is LV.2 or higher, select up to 1 of your opponent's Cookies. That Cookie receives 2 damage.","<{B}{B}{B}> Dragon Tide deals 2 
Then, if there are 3 cards or less in your hand, draw up to 2 cards from your deck.",,0,0,0,BS5-071,1,"【Activate】 【Once Per Turn】 <Discard 3 or more {B} cards.> If your break area is LV.2 or higher, select up to 1 of your opponent's Cookies. That Cookie receives 2 damage.
<{B}{B}{B}> Dragon Tide deals 2 
Then, if there are 3 cards or less in your hand, draw up to 2 cards from your deck.",,SECRET ULTRA RARE,
BS5-071,BS5,071,Lotus Dragon Cookie,BOOSTER PACK [Operation Timeguard],COOKIE,BLUE,BLUE,3,5,Dragon,UR,Blue Dragon's Melody,"【Activate】 【Once Per Turn】 <Discard 3 or more {B} cards.> If your break area is LV.2 or higher, select up to 1 of your opponent's Cookies. That Cookie receives 2 damage.","<{B}{B}{B}> Dragon Tide deals 2 
Then, if there are 3 cards or less in your hand, draw up to 2 cards from your deck.",,0,0,0,BS5-071,0,"【Activate】 【Once Per Turn】 <Discard 3 or more {B} cards.> If your break area is LV.2 or higher, select up to 1 of your opponent's Cookies. That Cookie receives 2 damage.
<{B}{B}{B}> Dragon Tide deals 2 
Then, if there are 3 cards or less in your hand, draw up to 2 cards from your deck.",,ULTRA RARE,
BS5-070,BS5,070,Peppermint Cookie,BOOSTER PACK [Operation Timeguard],COOKIE,BLUE,BLUE,2,3,,U,Whale Surfing,【On Play】 Select up to 1 Cookie in your opponent's battle area. Return that Cookie to your opponent's hand.,<{B}{B}> Listen to the waves... deals 2,,0,0,0,BS5-070,0,"【On Play】 Select up to 1 Cookie in your opponent's battle area. Return that Cookie to your opponent's hand.
<{B}{B}> Listen to the waves... deals 2",,UNCOMMON,
BS5-069@1,BS5,069@1,Pond Dino Cookie,BOOSTER PACK [Operation Timeguard],COOKIE,BLUE,BLUE,1,2,,SSR,Pond Swimmer,"If there are 3 cards or less in your hand, this Cookie gains +1 attack damage.",<{B}{B}> Muh muh! deals 2,,0,0,0,BS5-069,1,"If there are 3 cards or less in your hand, this Cookie gains +1 attack damage.
<{B}{B}> Muh muh! deals 2",,SECRET SUPER RARE,
BS5-069,BS5,069,Pond Dino Cookie,BOOSTER PACK [Operation Timeguard],COOKIE,BLUE,BLUE,1,2,,SR,Pond Swimmer,"If there are 3 cards or less in your hand, this Cookie gains +1 attack damage.",<{B}{B}> Muh muh! deals 2,,0,0,0,BS5-069,0,"If there are 3 cards or less in your hand, this Cookie gains +1 attack damage.
<{B}{B}> Muh muh! deals 2",,SUPER RARE,
BS5-068,BS5,068,GingerBright,BOOSTER PACK [Operation Timeguard],COOKIE,BLUE,BLUE,1,2,,U,Cheery Vibes,"If this Cookie remains in the battle area after receiving damage, draw up to 1 card from your deck.","<{B}> Happy mind, happy life! deals 1",,0,0,0,BS5-068,0,"If this Cookie remains in the battle area after receiving damage, draw up to 1 card from your deck.
<{B}> Happy mind, happy life! deals 1",,UNCOMMON,
BS5-067,BS5,067,Snow Sugar Cookie,BOOSTER PACK [Operation Timeguard],COOKIE,BLUE,BLUE,2,3,,C,,,"<{B}> Snow Cones! deals 1 Then, view 3 cards from the top of your deck and place them on the top of your deck in any order.",,0,0,0,BS5-067,0,"<{B}> Snow Cones! deals 1 Then, view 3 cards from the top of your deck and place them on the top of your deck in any order.",,COMMON,
BS5-066,BS5,066,Longan Palace,BOOSTER PACK [Operation Timeguard],STAGE,GREEN,GREEN,,,,U,,,"<{G}> Place in your stage area.

When your turn ends, <discard 1 card.> Set up to 1 card from your support area as active. Then, if [Longan Dragon Cookie] is in your battle area, draw up to 1 card from your deck.",,0,0,0,BS5-066,0,"<{G}> Place in your stage area.

When your turn ends, <discard 1 card.> Set up to 1 card from your support area as active. Then, if [Longan Dragon Cookie] is in your battle area, draw up to 1 card from your deck.",,UNCOMMON,
BS5-065,BS5,065,Petrification,BOOSTER PACK [Operation Timeguard],TRAP,GREEN,GREEN,,,,U,,,"<{G}{G}{G}> Select up to 1 of your opponent's Cookies. During this turn, that Cookie deals -2 attack damage. Then, if there are 7 cards or more in your support area, your opponent selects 1 active card from their support area. Rest that card.",,0,0,0,BS5-065,0,"<{G}{G}{G}> Select up to 1 of your opponent's Cookies. During this turn, that Cookie deals -2 attack damage. Then, if there are 7 cards or more in your support area, your opponent selects 1 active card from their support area. Rest that card.",,UNCOMMON,
BS5-064,BS5,064,Dragon Orb,BOOSTER PACK [Operation Timeguard],ITEM,GREEN,GREEN,,,,U,,,"<{G}{G}{G}> Place up to 1 card from the top of your deck into your support area as rested. Then, if there are 7 cards or more in your support area, draw up to 1 card from your deck.",,0,0,0,BS5-064,0,"<{G}{G}{G}> Place up to 1 card from the top of your deck into your support area as rested. Then, if there are 7 cards or more in your support area, draw up to 1 card from your deck.",,UNCOMMON,
BS5-063,BS5,063,Hero Cookie,BOOSTER PACK [Operation Timeguard],COOKIE,GREEN,GREEN,3,5,,U,Hero Mode,"When your turn ends, if there are 2 active cards or more in your support area, draw up to 2 cards from your deck.",<{G}{G}{G}> Caramel Syrup Suit deals 3,,0,0,0,BS5-063,0,"When your turn ends, if there are 2 active cards or more in your support area, draw up to 2 cards from your deck.
<{G}{G}{G}> Caramel Syrup Suit deals 3",,UNCOMMON,
BS5-062,BS5,062,Pumpkin Cookie,BOOSTER PACK [Operation Timeguard],COOKIE,GREEN,GREEN MIX,2,2,,C,,,<{N}{N}> Cheese Stone Appraisal deals 3,,0,0,0,BS5-062,0,<{N}{N}> Cheese Stone Appraisal deals 3,,COMMON,
BS5-061,BS5,061,Pancake Cookie,BOOSTER PACK [Operation Timeguard],COOKIE,GREEN,GREEN,2,2,,C,ACORN JELLIES!,"When your turn ends, if there are 3 active cards or more in your support area, <can be used as {G}.> This Cookie gains +1 HP.",<{G}{G}> Sweet Tooth deals 2,,0,0,0,BS5-061,0,"When your turn ends, if there are 3 active cards or more in your support area, <can be used as {G}.> This Cookie gains +1 HP.
<{G}{G}> Sweet Tooth deals 2",,COMMON,
BS5-060,BS5,060,Croissant Cookie,BOOSTER PACK [Operation Timeguard],COOKIE,GREEN,GREEN,2,4,,U,,,"<{G}{G}{G}> Time Rift Mending deals 2 
Then, when your turn ends, set up to 3 cards from your support area as active.",,0,0,0,BS5-060,0,"<{G}{G}{G}> Time Rift Mending deals 2 
Then, when your turn ends, set up to 3 cards from your support area as active.",,UNCOMMON,
BS5-059@1,BS5,059@1,Purple Yam Cookie,BOOSTER PACK [Operation Timeguard],COOKIE,GREEN,GREEN,3,5,,SSR,Exploding Rage,【On Play】 Select up to 1 of your opponent's rested LV.2 or lower Cookies. That Cookie receives 2 damage.,"<{G}{G}{G}> Come at me, NOW! deals 3 
Then, <return 1 card from your support area to your hand.> Draw up to 1 card from your deck.",,0,0,0,BS5-059,1,"【On Play】 Select up to 1 of your opponent's rested LV.2 or lower Cookies. That Cookie receives 2 damage.
<{G}{G}{G}> Come at me, NOW! deals 3 
Then, <return 1 card from your support area to your hand.> Draw up to 1 card from your deck.",,SECRET SUPER RARE,
BS5-059,BS5,059,Purple Yam Cookie,BOOSTER PACK [Operation Timeguard],COOKIE,GREEN,GREEN,3,5,,SR,Exploding Rage,【On Play】 Select up to 1 of your opponent's rested LV.2 or lower Cookies. That Cookie receives 2 damage.,"<{G}{G}{G}> Come at me, NOW! deals 3 
Then, <return 1 card from your support area to your hand.> Draw up to 1 card from your deck.",,0,0,0,BS5-059,0,"【On Play】 Select up to 1 of your opponent's rested LV.2 or lower Cookies. That Cookie receives 2 damage.
<{G}{G}{G}> Come at me, NOW! deals 3 
Then, <return 1 card from your support area to your hand.> Draw up to 1 card from your deck.",,SUPER RARE,
BS5-058@1,BS5,058@1,Ginseng Cookie,BOOSTER PACK [Operation Timeguard],COOKIE,GREEN,GREEN,1,2,,SEC,Ginseng Revival,"When your turn ends, if there are 3 cards or less in your support area, <can be used as {G}.> Draw up to 1 card from your deck.",<{G}> You seem exhausted! deals 1,,0,0,0,BS5-058,1,"When your turn ends, if there are 3 cards or less in your support area, <can be used as {G}.> Draw up to 1 card from your deck.
<{G}> You seem exhausted! deals 1",,SECRET RARE,
BS5-058,BS5,058,Ginseng Cookie,BOOSTER PACK [Operation Timeguard],COOKIE,GREEN,GREEN,1,2,,R,Ginseng Revival,"When your turn ends, if there are 3 cards or less in your support area, <can be used as {G}.> Draw up to 1 card from your deck.",<{G}> You seem exhausted! deals 1,,0,0,0,BS5-058,0,"When your turn ends, if there are 3 cards or less in your support area, <can be used as {G}.> Draw up to 1 card from your deck.
<{G}> You seem exhausted! deals 1",,RARE,
BS5-057,BS5,057,Werewolf Cookie,BOOSTER PACK [Operation Timeguard],COOKIE,GREEN,GREEN MIX,1,3,,C,Just stay calm...,【Activate】 【Once Per Turn】 <Place 1 card from your support area into the trash.> This Cookie gains +1 HP.,<{G}{N}> Don't come near! deals 1,,0,0,0,BS5-057,0,"【Activate】 【Once Per Turn】 <Place 1 card from your support area into the trash.> This Cookie gains +1 HP.
<{G}{N}> Don't come near! deals 1",,COMMON,
BS5-056@5,BS5,056@5,Longan Dragon Cookie,2026 Brave League Season 2 FINAL Top 4,COOKIE,GREEN,GREEN,3,5,DRAGON,P,Ivory Dragon's Eye,"When your turn ends, if there are 3 active cards or more in your support area, <{G}> Select up to 1 of your opponent's Cookies. That Cookie receives 2 damage.","<{G}{G}{G}> Draconic Ascension deals 2
Then, when your turn ends, set up to 1 card from your support area as active.",,0,0,0,BS5-056,1,"When your turn ends, if there are 3 active cards or more in your support area, <{G}> Select up to 1 of your opponent's Cookies. That Cookie receives 2 damage.
<{G}{G}{G}> Draconic Ascension deals 2
Then, when your turn ends, set up to 1 card from your support area as active.",,PROMOTION,
BS5-056@4,BS5,056@4,Longan Dragon Cookie,2026 Brave League Season 2 FINAL Runner-Up,COOKIE,GREEN,GREEN,3,5,DRAGON,P,Ivory Dragon's Eye,"When your turn ends, if there are 3 active cards or more in your support area, <{G}> Select up to 1 of your opponent's Cookies. That Cookie receives 2 damage.","<{G}{G}{G}> Draconic Ascension deals 2
Then, when your turn ends, set up to 1 card from your support area as active.",,0,0,0,BS5-056,1,"When your turn ends, if there are 3 active cards or more in your support area, <{G}> Select up to 1 of your opponent's Cookies. That Cookie receives 2 damage.
<{G}{G}{G}> Draconic Ascension deals 2
Then, when your turn ends, set up to 1 card from your support area as active.",,PROMOTION,
BS5-056@3,BS5,056@3,Longan Dragon Cookie,2026 Brave League Season 2 FINAL Champion,COOKIE,GREEN,GREEN,3,5,DRAGON,P,Ivory Dragon's Eye,"When your turn ends, if there are 3 active cards or more in your support area, <{G}> Select up to 1 of your opponent's Cookies. That Cookie receives 2 damage.","<{G}{G}{G}> Draconic Ascension deals 2
Then, when your turn ends, set up to 1 card from your support area as active.",,0,0,0,BS5-056,1,"When your turn ends, if there are 3 active cards or more in your support area, <{G}> Select up to 1 of your opponent's Cookies. That Cookie receives 2 damage.
<{G}{G}{G}> Draconic Ascension deals 2
Then, when your turn ends, set up to 1 card from your support area as active.",,PROMOTION,
BS5-056@2,BS5,056@2,Longan Dragon Cookie,PROMOTION CARD,FLIP,GREEN,GREEN,3,5,Dragon,P,Ivory Dragon's Eye,"When your turn ends, if there are 3 active cards or more in your support area, <can be used as {G}.> Select up to 1 of your opponent's Cookies. That Cookie receives 2 damage.","<{G}{G}{G}> Draconic Ascension deals 2 Then, when your turn ends, set up to 1 card from your support area as active.",<{G}{G}{G}> Draconic Ascension,0,0,0,BS5-056,1,"When your turn ends, if there are 3 active cards or more in your support area, <can be used as {G}.> Select up to 1 of your opponent's Cookies. That Cookie receives 2 damage.
<{G}{G}{G}> Draconic Ascension deals 2 Then, when your turn ends, set up to 1 card from your support area as active.
<{G}{G}{G}> Draconic Ascension",,PROMOTION,
BS5-056@1,BS5,056@1,Longan Dragon Cookie,BOOSTER PACK [Operation Timeguard],COOKIE,GREEN,GREEN,3,5,Dragon,SUR,Ivory Dragon's Eye,"When your turn ends, if there are 3 active cards or more in your support area, <can be used as {G}.> Select up to 1 of your opponent's Cookies. That Cookie receives 2 damage.","<{G}{G}{G}> Draconic Ascension deals 2 .
Then, when your turn ends, set up to 1 card from your support area as active.",,0,0,0,BS5-056,1,"When your turn ends, if there are 3 active cards or more in your support area, <can be used as {G}.> Select up to 1 of your opponent's Cookies. That Cookie receives 2 damage.
<{G}{G}{G}> Draconic Ascension deals 2 .
Then, when your turn ends, set up to 1 card from your support area as active.",,SECRET ULTRA RARE,
BS5-056,BS5,056,Longan Dragon Cookie,BOOSTER PACK [Operation Timeguard],COOKIE,GREEN,GREEN,3,5,Dragon,UR,Ivory Dragon's Eye,"When your turn ends, if there are 3 active cards or more in your support area, <can be used as {G}.> Select up to 1 of your opponent's Cookies. That Cookie receives 2 damage.","<{G}{G}{G}> Draconic Ascension deals 2 
Then, when your turn ends, set up to 1 card from your support area as active.",,0,0,0,BS5-056,0,"When your turn ends, if there are 3 active cards or more in your support area, <can be used as {G}.> Select up to 1 of your opponent's Cookies. That Cookie receives 2 damage.
<{G}{G}{G}> Draconic Ascension deals 2 
Then, when your turn ends, set up to 1 card from your support area as active.",,ULTRA RARE,
BS5-055,BS5,055,Spinach Cookie,BOOSTER PACK [Operation Timeguard],COOKIE,GREEN,GREEN,1,2,,C,Eat your veggies!,"【On Play】 If there are 5 cards or more in your support area, during this turn, this Cookie gains +1 attack damage.",<{G}> Veggies are good for you! deals 1,,0,0,0,BS5-055,0,"【On Play】 If there are 5 cards or more in your support area, during this turn, this Cookie gains +1 attack damage.
<{G}> Veggies are good for you! deals 1",,COMMON,
BS5-054@1,BS5,054@1,Snake Fruit Cookie,BOOSTER PACK [Operation Timeguard],COOKIE,GREEN,GREEN,2,4,,SUR,Coiling Grasp,"【Once Per Turn】 When your opponent's Cookie attacks, <can be used as {G}.> <Place 1 card from your support area into the trash.> Select up to 1 of your opponent's Cookies. During this turn, that Cookie deals -2 attack damage.",<{G}{G}{G}> Aspiring Serpent deals 3,,0,0,0,BS5-054,1,"【Once Per Turn】 When your opponent's Cookie attacks, <can be used as {G}.> <Place 1 card from your support area into the trash.> Select up to 1 of your opponent's Cookies. During this turn, that Cookie deals -2 attack damage.
<{G}{G}{G}> Aspiring Serpent deals 3",,SECRET ULTRA RARE,
BS5-054,BS5,054,Snake Fruit Cookie,BOOSTER PACK [Operation Timeguard],COOKIE,GREEN,GREEN,2,4,,UR,Coiling Grasp,"【Once Per Turn】 When your opponent's Cookie attacks, <can be used as {G}.> <Place 1 card from your support area into the trash.> Select up to 1 of your opponent's Cookies. During this turn, that Cookie deals -2 attack damage.",<{G}{G}{G}> Aspiring Serpent deals 3,,0,0,0,BS5-054,0,"【Once Per Turn】 When your opponent's Cookie attacks, <can be used as {G}.> <Place 1 card from your support area into the trash.> Select up to 1 of your opponent's Cookies. During this turn, that Cookie deals -2 attack damage.
<{G}{G}{G}> Aspiring Serpent deals 3",,ULTRA RARE,
BS5-053@1,BS5,053@1,Shine Muscat Cookie,BOOSTER PACK [Operation Timeguard],COOKIE,GREEN,GREEN,2,4,,SSR,Ready... ACTION!,【On Play】 <{G}{G}> Place up to 1 card from the top of your deck into your support area as rested.,<{G}{G}{G}{G}> Mistakes are for amateurs deals 3,,0,0,0,BS5-053,1,"【On Play】 <{G}{G}> Place up to 1 card from the top of your deck into your support area as rested.
<{G}{G}{G}{G}> Mistakes are for amateurs deals 3",,SECRET SUPER RARE,
BS5-053,BS5,053,Shine Muscat Cookie,BOOSTER PACK [Operation Timeguard],COOKIE,GREEN,GREEN,2,4,,SR,Ready... ACTION!,【On Play】 <{G}{G}> Place up to 1 card from the top of your deck into your support area as rested.,<{G}{G}{G}{G}> Mistakes are for amateurs deals 3,,0,0,0,BS5-053,0,"【On Play】 <{G}{G}> Place up to 1 card from the top of your deck into your support area as rested.
<{G}{G}{G}{G}> Mistakes are for amateurs deals 3",,SUPER RARE,
BS5-052@1,BS5,052@1,Sandwich Cookie,PROMOTION CARD,FLIP,GREEN,GREEN,1,3,,P,Fresh Ingredients,"【On Play】 If there are 5 cards or more in your support area, this Cookie gains +1 HP.",<{G}{G}> Coming right up! deals 1,<{G}{G}> Coming right up!,0,0,0,BS5-052,1,"【On Play】 If there are 5 cards or more in your support area, this Cookie gains +1 HP.
<{G}{G}> Coming right up! deals 1
<{G}{G}> Coming right up!",,PROMOTION,
BS5-052,BS5,052,Sandwich Cookie,BOOSTER PACK [Operation Timeguard],COOKIE,GREEN,GREEN,1,3,,C,Fresh Ingredients,"【On Play】 If there are 5 cards or more in your support area, this Cookie gains +1 HP.",<{G}{G}> Coming right up! deals 1,,0,0,0,BS5-052,0,"【On Play】 If there are 5 cards or more in your support area, this Cookie gains +1 HP.
<{G}{G}> Coming right up! deals 1",,COMMON,
BS5-051,BS5,051,Beet Cookie,BOOSTER PACK [Operation Timeguard],COOKIE,GREEN,GREEN,1,2,,C,Expert Camouflager,"When your turn ends, if there are 2 active cards or more in your support area, <can be used as {G}.> Place this Cookie on the bottom of your deck.",<{G}{G}> Snipe Shot deals 1,,0,0,0,BS5-051,0,"When your turn ends, if there are 2 active cards or more in your support area, <can be used as {G}.> Place this Cookie on the bottom of your deck.
<{G}{G}> Snipe Shot deals 1",,COMMON,
BS5-050,BS5,050,Fig Cookie,BOOSTER PACK [Operation Timeguard],COOKIE,GREEN,GREEN MIX,2,3,,C,,,<{N}> Soul of the Forest deals 1,,0,0,0,BS5-050,0,<{N}> Soul of the Forest deals 1,,COMMON,
BS5-049,BS5,049,Melon Bun Cookie,BOOSTER PACK [Operation Timeguard],FLIP,GREEN,GREEN,2,2,,C,,,<{G}{G}> Time to go home! deals 2,Draw up to 1 card from your deck.,0,0,0,BS5-049,0,"<{G}{G}> Time to go home! deals 2
Draw up to 1 card from your deck.",,COMMON,
BS5-048@1,BS5,048@1,Bellflower Cookie,BOOSTER PACK [Operation Timeguard],COOKIE,GREEN,GREEN,1,3,,SEC,Healthy Eating,【Activate】 <{G}> <Rest this card.> <Discard 1 card.> Select up to 1 LV.1 Cookie in your opponent's battle area that does not have 【Skill】. Make that Cookie faint.,<{G}{G}> Herbal Harvesting deals 1,,0,0,0,BS5-048,1,"【Activate】 <{G}> <Rest this card.> <Discard 1 card.> Select up to 1 LV.1 Cookie in your opponent's battle area that does not have 【Skill】. Make that Cookie faint.
<{G}{G}> Herbal Harvesting deals 1",,SECRET RARE,
BS5-048,BS5,048,Bellflower Cookie,BOOSTER PACK [Operation Timeguard],COOKIE,GREEN,GREEN,1,3,,R,Healthy Eating,【Activate】 <{G}> <Rest this card.> <Discard 1 card.> Select up to 1 LV.1 Cookie in your opponent's battle area that does not have 【Skill】. Make that Cookie faint.,<{G}{G}> Herbal Harvesting deals 1,,0,0,0,BS5-048,0,"【Activate】 <{G}> <Rest this card.> <Discard 1 card.> Select up to 1 LV.1 Cookie in your opponent's battle area that does not have 【Skill】. Make that Cookie faint.
<{G}{G}> Herbal Harvesting deals 1",,RARE,
BS5-047,BS5,047,Carrot Cookie,BOOSTER PACK [Operation Timeguard],COOKIE,GREEN,GREEN MIX,2,4,,C,Carrot Harvest,"When this Cookie faints, <place 1 card from your support area into the trash.> Set 1 card from your support area as active.",<{G}{N}> Carrot Rockets deals 1,,0,0,0,BS5-047,0,"When this Cookie faints, <place 1 card from your support area into the trash.> Set 1 card from your support area as active.
<{G}{N}> Carrot Rockets deals 1",,COMMON,
BS5-046,BS5,046,Goblin Cookie,BOOSTER PACK [Operation Timeguard],COOKIE,GREEN,GREEN,3,3,,C,,<Discard 1 card.> The Cookie with this card attached for HP gains +1 HP.,<{G}{G}{G}> Gimme! ALL MINE! deals 3,,0,0,0,BS5-046,0,"<Discard 1 card.> The Cookie with this card attached for HP gains +1 HP.
<{G}{G}{G}> Gimme! ALL MINE! deals 3",,COMMON,
BS5-045,BS5,045,Potato Cookie,BOOSTER PACK [Operation Timeguard],COOKIE,GREEN,GREEN,1,1,,U,Pigtatoes!,【On Play】 <Return 1 card from your support area to your hand.> Draw up to 1 card from your deck.,<{G}> Need some potatoes? deals 1,,0,0,0,BS5-045,0,"【On Play】 <Return 1 card from your support area to your hand.> Draw up to 1 card from your deck.
<{G}> Need some potatoes? deals 1",,UNCOMMON,
BS5-044,BS5,044,Ananas Dragon Cookie's Nest,BOOSTER PACK [Operation Timeguard],STAGE,YELLOW,YELLOW,,,,U,,,"<{Y}> Place in your stage area.

【Activate】 <{Y}> <Rest this card.> During this turn, if any of your Cookies gained HP, select up to 1 of your opponent's Cookies. That Cookie receives 1 damage. Then, <can be used as {Y}.> 1 of your [Ananas Dragon Cookie] gains +1 HP.",,0,0,0,BS5-044,0,"<{Y}> Place in your stage area.

【Activate】 <{Y}> <Rest this card.> During this turn, if any of your Cookies gained HP, select up to 1 of your opponent's Cookies. That Cookie receives 1 damage. Then, <can be used as {Y}.> 1 of your [Ananas Dragon Cookie] gains +1 HP.",,UNCOMMON,
BS5-043,BS5,043,Seasick Canoeing,BOOSTER PACK [Operation Timeguard],TRAP,YELLOW,YELLOW,,,,U,,,"<{Y}> Select up to 1 of your opponent's Cookies. During this turn, that Cookie deals -1 attack damage for each LV.3 Cookie in your break area.",,0,0,0,BS5-043,0,"<{Y}> Select up to 1 of your opponent's Cookies. During this turn, that Cookie deals -1 attack damage for each LV.3 Cookie in your break area.",,UNCOMMON,
BS5-042,BS5,042,Sniffly Cocoa Palm,BOOSTER PACK [Operation Timeguard],ITEM,YELLOW,YELLOW,,,,U,,,"<{Y}> <Place 1 of your Cookies' HP cards in the trash.> If your break area is LV.5 or higher, draw up to 2 cards from your deck.",,0,0,0,BS5-042,0,"<{Y}> <Place 1 of your Cookies' HP cards in the trash.> If your break area is LV.5 or higher, draw up to 2 cards from your deck.",,UNCOMMON,
BS5-041,BS5,041,Firecracker Cookie,BOOSTER PACK [Operation Timeguard],FLIP,YELLOW,YELLOW,3,3,,C,,,<{Y}{Y}{Y}> Here a POW! There a POW! deals 3,<Discard 1 card.> The Cookie with this card attached for HP gains +1 HP.,0,0,0,BS5-041,0,"<{Y}{Y}{Y}> Here a POW! There a POW! deals 3
<Discard 1 card.> The Cookie with this card attached for HP gains +1 HP.",,COMMON,
BS5-040@1,BS5,040@1,Ananas Dragon Cookie,BOOSTER PACK [Operation Timeguard],COOKIE,YELLOW,YELLOW,3,5,Dragon,SUR,Radiance of the Golden Dragon,【Activate】 【Once Per Turn】 <Place 1 card from the top of this Cookie's HP into the trash.> Select up to 1 of your opponent's Cookies. That Cookie receives 1 damage.,"<{Y}{Y}{Y}> Dragon Geomancy deals 3 
Then, <can be used as {Y}.> If this Cookie's remaining HP is 4 or less, this Cookie gains +1 HP.",,0,0,0,BS5-040,1,"【Activate】 【Once Per Turn】 <Place 1 card from the top of this Cookie's HP into the trash.> Select up to 1 of your opponent's Cookies. That Cookie receives 1 damage.
<{Y}{Y}{Y}> Dragon Geomancy deals 3 
Then, <can be used as {Y}.> If this Cookie's remaining HP is 4 or less, this Cookie gains +1 HP.",,SECRET ULTRA RARE,
BS5-040,BS5,040,Ananas Dragon Cookie,BOOSTER PACK [Operation Timeguard],COOKIE,YELLOW,YELLOW,3,5,Dragon,UR,Radiance of the Golden Dragon,【Activate】 【Once Per Turn】 <Place 1 card from the top of this Cookie's HP into the trash.> Select up to 1 of your opponent's Cookies. That Cookie receives 1 damage.,"<{Y}{Y}{Y}> Dragon Geomancy deals 3 
Then, <can be used as {Y}.> If this Cookie's remaining HP is 4 or less, this Cookie gains +1 HP.",,0,0,0,BS5-040,0,"【Activate】 【Once Per Turn】 <Place 1 card from the top of this Cookie's HP into the trash.> Select up to 1 of your opponent's Cookies. That Cookie receives 1 damage.
<{Y}{Y}{Y}> Dragon Geomancy deals 3 
Then, <can be used as {Y}.> If this Cookie's remaining HP is 4 or less, this Cookie gains +1 HP.",,ULTRA RARE,
BS5-039@2,BS5,039@2,Cheesecake Cookie,PROMOTION CARD,FLIP,YELLOW,YELLOW,2,3,,P,Coin Fireworks Party,【On Play】 Select up to 1 of your opponent's LV.2 or lower Cookies whose remaining HP is 3 or more. That Cookie receives 1 damage.,<{Y}{Y}> Fun Parties deals 2,<{Y}{Y}> Fun Parties,0,0,0,BS5-039,1,"【On Play】 Select up to 1 of your opponent's LV.2 or lower Cookies whose remaining HP is 3 or more. That Cookie receives 1 damage.
<{Y}{Y}> Fun Parties deals 2
<{Y}{Y}> Fun Parties",,PROMOTION,
BS5-039@1,BS5,039@1,Cheesecake Cookie,BOOSTER PACK [Operation Timeguard],COOKIE,YELLOW,YELLOW,2,3,,SEC,Coin Fireworks Party,【On Play】 Select up to 1 of your opponent's LV.2 or lower Cookies whose remaining HP is 3 or more. That Cookie receives 1 damage.,<{Y}{Y}> Fun Parties deals 2,,0,0,0,BS5-039,1,"【On Play】 Select up to 1 of your opponent's LV.2 or lower Cookies whose remaining HP is 3 or more. That Cookie receives 1 damage.
<{Y}{Y}> Fun Parties deals 2",,SECRET RARE,
BS5-039,BS5,039,Cheesecake Cookie,BOOSTER PACK [Operation Timeguard],COOKIE,YELLOW,YELLOW,2,3,,R,Coin Fireworks Party,【On Play】 Select up to 1 of your opponent's LV.2 or lower Cookies whose remaining HP is 3 or more. That Cookie receives 1 damage.,<{Y}{Y}> Fun Parties deals 2,,0,0,0,BS5-039,0,"【On Play】 Select up to 1 of your opponent's LV.2 or lower Cookies whose remaining HP is 3 or more. That Cookie receives 1 damage.
<{Y}{Y}> Fun Parties deals 2",,RARE,
BS5-038,BS5,038,Cherry Cookie,BOOSTER PACK [Operation Timeguard],COOKIE,YELLOW,YELLOW,1,1,,C,,Draw up to 1 card from your deck.,<{Y}> Do you like fireworks?! deals 1,,0,0,0,BS5-038,0,"Draw up to 1 card from your deck.
<{Y}> Do you like fireworks?! deals 1",,COMMON,
BS5-037,BS5,037,Plum Cookie,BOOSTER PACK [Operation Timeguard],COOKIE,YELLOW,YELLOW,1,3,,C,"Know yourself, know your enemy!","【On Play】 If your break area LV. is higher than your opponent's break area LV., select up to 1 of your other {Y} Cookies in your battle area. During this turn, that Cookie gains +1 attack damage.",<{Y}{Y}> Plum Fist deals 1,,0,0,0,BS5-037,0,"【On Play】 If your break area LV. is higher than your opponent's break area LV., select up to 1 of your other {Y} Cookies in your battle area. During this turn, that Cookie gains +1 attack damage.
<{Y}{Y}> Plum Fist deals 1",,COMMON,
BS5-036@1,BS5,036@1,Milk Cookie,BOOSTER PACK [Operation Timeguard],COOKIE,YELLOW,YELLOW,1,3,,SEC,Into Pure Light!,【Activate】 <{Y}> <Rest this card.> <Discard 1 card.> Select up to 1 LV.1 Cookie in your opponent's battle area that does not have 【Skill】. Make that Cookie faint.,<{Y}{Y}> Fortified Shield deals 1,,0,0,0,BS5-036,1,"【Activate】 <{Y}> <Rest this card.> <Discard 1 card.> Select up to 1 LV.1 Cookie in your opponent's battle area that does not have 【Skill】. Make that Cookie faint.
<{Y}{Y}> Fortified Shield deals 1",,SECRET RARE,
BS5-036,BS5,036,Milk Cookie,BOOSTER PACK [Operation Timeguard],COOKIE,YELLOW,YELLOW,1,3,,R,Into Pure Light!,【Activate】 <{Y}> <Rest this card.> <Discard 1 card.> Select up to 1 LV.1 Cookie in your opponent's battle area that does not have 【Skill】. Make that Cookie faint.,<{Y}{Y}> Fortified Shield deals 1,,0,0,0,BS5-036,0,"【Activate】 <{Y}> <Rest this card.> <Discard 1 card.> Select up to 1 LV.1 Cookie in your opponent's battle area that does not have 【Skill】. Make that Cookie faint.
<{Y}{Y}> Fortified Shield deals 1",,RARE,
BS5-035,BS5,035,Artichoke Cookie,BOOSTER PACK [Operation Timeguard],COOKIE,YELLOW,YELLOW,3,4,,U,,,"<{Y}{Y}{Y}> Drum Solo deals 3 
Then, if this Cookie's remaining HP is 1, select up to 1 of your opponent's Cookies. That Cookie receives 1 damage.",,0,0,0,BS5-035,0,"<{Y}{Y}{Y}> Drum Solo deals 3 
Then, if this Cookie's remaining HP is 1, select up to 1 of your opponent's Cookies. That Cookie receives 1 damage.",,UNCOMMON,
BS5-034,BS5,034,Sparkling Cookie,BOOSTER PACK [Operation Timeguard],COOKIE,YELLOW,YELLOW,1,3,,C,Sparkling Party,"【Activate】 【Once Per Turn】 <Place 1 {Y} Cookie from your hand into your break area.> During this turn, this Cookie gains +1 attack damage.",<{Y}{Y}> Shall we raise a glass? deals 1,,0,0,0,BS5-034,0,"【Activate】 【Once Per Turn】 <Place 1 {Y} Cookie from your hand into your break area.> During this turn, this Cookie gains +1 attack damage.
<{Y}{Y}> Shall we raise a glass? deals 1",,COMMON,
BS5-033,BS5,033,Cotton Candy Cookie,BOOSTER PACK [Operation Timeguard],COOKIE,YELLOW,YELLOW MIX,2,3,,C,,,<{Y}{N}> Love at First Sight deals 2,,0,0,0,BS5-033,0,<{Y}{N}> Love at First Sight deals 2,,COMMON,
BS5-032,BS5,032,Birthday Cake Cookie,BOOSTER PACK [Operation Timeguard],COOKIE,YELLOW,YELLOW MIX,2,4,,U,,,"<{Y}{Y}{N}> Perfect Party deals 2 
Then, if your break area LV. is higher than your opponent's break area LV., select up to 1 of your opponent's Cookies. That Cookie receives 1 damage.",,0,0,0,BS5-032,0,"<{Y}{Y}{N}> Perfect Party deals 2 
Then, if your break area LV. is higher than your opponent's break area LV., select up to 1 of your opponent's Cookies. That Cookie receives 1 damage.",,UNCOMMON,
BS5-031,BS5,031,Peach Cookie,BOOSTER PACK [Operation Timeguard],COOKIE,YELLOW,YELLOW,1,1,,C,Hit. Jump. Strike. Win!,"【On Play】 If your break area LV. is higher than your opponent's break area LV., draw up to 1 card from your deck.",<{Y}{Y}> Peachy Bo-Staff deals 1,,0,0,0,BS5-031,0,"【On Play】 If your break area LV. is higher than your opponent's break area LV., draw up to 1 card from your deck.
<{Y}{Y}> Peachy Bo-Staff deals 1",,COMMON,
BS5-030,BS5,030,Buttercream Choco Cookie,BOOSTER PACK [Operation Timeguard],COOKIE,YELLOW,YELLOW,1,1,,C,,,"<{Y}{Y}> Buttercream Coins deals 1 
Then, <place this Cookie in your break area.> Select up to 1 {Y} LV.1 Cookie from your break area. Play that Cookie.",,0,0,0,BS5-030,0,"<{Y}{Y}> Buttercream Coins deals 1 
Then, <place this Cookie in your break area.> Select up to 1 {Y} LV.1 Cookie from your break area. Play that Cookie.",,COMMON,
BS5-029,BS5,029,Mustard Cookie,BOOSTER PACK [Operation Timeguard],COOKIE,YELLOW,YELLOW,2,3,,C,Graffiti,"【On Play】 If there is a {Y} LV.3 Cookie in your break area, draw up to 1 card from your deck.",<{Y}{Y}> Don't judge me! deals 2,,0,0,0,BS5-029,0,"【On Play】 If there is a {Y} LV.3 Cookie in your break area, draw up to 1 card from your deck.
<{Y}{Y}> Don't judge me! deals 2",,COMMON,
BS5-028@1,BS5,028@1,Mango Cookie,BOOSTER PACK [Operation Timeguard],COOKIE,YELLOW,YELLOW,1,2,,SSR,Mango Juice Wave,"【On Play】 <{Y}> If your break area is LV.3 or higher, select up to 1 of your opponent's rested LV.2 or lower Cookies. That Cookie receives 2 damage.",<{Y}> Mango Canoe deals 1,,0,0,0,BS5-028,1,"【On Play】 <{Y}> If your break area is LV.3 or higher, select up to 1 of your opponent's rested LV.2 or lower Cookies. That Cookie receives 2 damage.
<{Y}> Mango Canoe deals 1",,SECRET SUPER RARE,
BS5-028,BS5,028,Mango Cookie,BOOSTER PACK [Operation Timeguard],COOKIE,YELLOW,YELLOW,1,2,,SR,Mango Juice Wave,"【On Play】 <{Y}> If your break area is LV.3 or higher, select up to 1 of your opponent's rested LV.2 or lower Cookies. That Cookie receives 2 damage.",<{Y}> Mango Canoe deals 1,,0,0,0,BS5-028,0,"【On Play】 <{Y}> If your break area is LV.3 or higher, select up to 1 of your opponent's rested LV.2 or lower Cookies. That Cookie receives 2 damage.
<{Y}> Mango Canoe deals 1",,SUPER RARE,
BS5-027,BS5,027,Mango Tribe Chieftain,BOOSTER PACK [Operation Timeguard],COOKIE,YELLOW,YELLOW MIX,1,2,,C,,,"<{N}> Welcome, welcome! deals 1",,0,0,0,BS5-027,0,"<{N}> Welcome, welcome! deals 1",,COMMON,
BS5-026,BS5,026,DJ Cookie,BOOSTER PACK [Operation Timeguard],COOKIE,YELLOW,YELLOW,2,2,,U,Rainbow DJing,"When this Cookie faints, <place 1 {Y} LV.2 or lower Cookie from your hand into your break area.> Return this Cookie to your hand.",<{Y}{Y}{Y}> Put your hands up! deals 2,,0,0,0,BS5-026,0,"When this Cookie faints, <place 1 {Y} LV.2 or lower Cookie from your hand into your break area.> Return this Cookie to your hand.
<{Y}{Y}{Y}> Put your hands up! deals 2",,UNCOMMON,
BS5-025,BS5,025,Leek Cookie,BOOSTER PACK [Operation Timeguard],COOKIE,YELLOW,YELLOW,1,2,,C,,,"<{Y}{Y}> Leek Slash deals 2 
Then, if this Cookie's remaining HP is 1, you can return this Cookie to your hand.",,0,0,0,BS5-025,0,"<{Y}{Y}> Leek Slash deals 2 
Then, if this Cookie's remaining HP is 1, you can return this Cookie to your hand.",,COMMON,
BS5-024,BS5,024,Dr. Wasabi Cookie,BOOSTER PACK [Operation Timeguard],COOKIE,YELLOW,YELLOW,1,1,,C,,,"<{Y}{Y}> Wasabi Syrup deals 1 
Then, if the attacked Cookie's remaining HP is 2 or less, that Cookie receives 1 damage.",,0,0,0,BS5-024,0,"<{Y}{Y}> Wasabi Syrup deals 1 
Then, if the attacked Cookie's remaining HP is 2 or less, that Cookie receives 1 damage.",,COMMON,
BS5-023@1,BS5,023@1,Dino-Sour Cookie,BOOSTER PACK [Operation Timeguard],COOKIE,YELLOW,YELLOW,2,5,,SSR,Jellysaur Rider,"【Activate】 【Once Per Turn】 <Place 3 cards from the top of this Cookie's HP into the trash.> During this turn, this Cookie gains +2 attack damage.","<{Y}{Y}{Y}> I'm a dinosaur! deals 2 
Then, if this Cookie's remaining HP is 3 or less, this Cookie gains +1 HP.",,0,0,0,BS5-023,1,"【Activate】 【Once Per Turn】 <Place 3 cards from the top of this Cookie's HP into the trash.> During this turn, this Cookie gains +2 attack damage.
<{Y}{Y}{Y}> I'm a dinosaur! deals 2 
Then, if this Cookie's remaining HP is 3 or less, this Cookie gains +1 HP.",,SECRET SUPER RARE,
BS5-023,BS5,023,Dino-Sour Cookie,BOOSTER PACK [Operation Timeguard],COOKIE,YELLOW,YELLOW,2,5,,SR,Jellysaur Rider,"【Activate】 【Once Per Turn】 <Place 3 cards from the top of this Cookie's HP into the trash.> During this turn, this Cookie gains +2 attack damage.","<{Y}{Y}{Y}> I'm a dinosaur! deals 2 
Then, if this Cookie's remaining HP is 3 or less, this Cookie gains +1 HP.",,0,0,0,BS5-023,0,"【Activate】 【Once Per Turn】 <Place 3 cards from the top of this Cookie's HP into the trash.> During this turn, this Cookie gains +2 attack damage.
<{Y}{Y}{Y}> I'm a dinosaur! deals 2 
Then, if this Cookie's remaining HP is 3 or less, this Cookie gains +1 HP.",,SUPER RARE,
BS5-022,BS5,022,Pitaya Dragon Cookie's Nest,BOOSTER PACK [Operation Timeguard],STAGE,RED,RED,,,,U,,,"<{R}> Place in your stage area.

【Activate】 <{R}> <Rest this card.> <Place 1 card from the top of your LV.2 or higher Cookie's HP into the trash.> During this turn, that Cookie gains +1 attack damage. Then, if [Pitaya Dragon Cookie] is in your battle area, draw up to 1 card from your deck.",,0,0,0,BS5-022,0,"<{R}> Place in your stage area.

【Activate】 <{R}> <Rest this card.> <Place 1 card from the top of your LV.2 or higher Cookie's HP into the trash.> During this turn, that Cookie gains +1 attack damage. Then, if [Pitaya Dragon Cookie] is in your battle area, draw up to 1 card from your deck.",,UNCOMMON,
BS5-021,BS5,021,Draconic Aura,BOOSTER PACK [Operation Timeguard],TRAP,RED,RED,,,,U,,,"<{R}> If there is a LV.3 Cookie in your battle area, select up to 2 of your opponent's Cookies. During this turn, those Cookies deal -1 attack damage each. Then, return up to 1 card from the top of 1 of your Cookies' HP to your hand.",,0,0,0,BS5-021,0,"<{R}> If there is a LV.3 Cookie in your battle area, select up to 2 of your opponent's Cookies. During this turn, those Cookies deal -1 attack damage each. Then, return up to 1 card from the top of 1 of your Cookies' HP to your hand.",,UNCOMMON,
BS5-020,BS5,020,Crimson Dragon Mask,BOOSTER PACK [Operation Timeguard],ITEM,RED,RED,,,,U,,,"<{R}{R}> If there are 2 Cookies whose remaining HP is 1 in your battle area, deals 2 damage to all of your opponent's Cookies.",,0,0,0,BS5-020,0,"<{R}{R}> If there are 2 Cookies whose remaining HP is 1 in your battle area, deals 2 damage to all of your opponent's Cookies.",,UNCOMMON,
BS5-019,BS5,019,Pudding Cookie,BOOSTER PACK [Operation Timeguard],COOKIE,RED,RED,2,3,,C,Golden Bells,"【Activate】 【Once Per Turn】 <{R}> <Discard 1 {R} Cookie from your hand.> During this turn, this Cookie gains +1 attack damage.",<{R}{R}{R}> Bell-Ringer deals 3,,0,0,0,BS5-019,0,"【Activate】 【Once Per Turn】 <{R}> <Discard 1 {R} Cookie from your hand.> During this turn, this Cookie gains +1 attack damage.
<{R}{R}{R}> Bell-Ringer deals 3",,COMMON,
BS5-018@1,BS5,018@1,Flat Tofu Cookie,BOOSTER PACK [Operation Timeguard],COOKIE,RED,RED,2,4,,SEC,White Stock Sorcery,【On Play】 <Discard 1 {R} trap card from your hand.> Select up to 1 of your opponent's Cookies. That Cookie receives 1 damage.,<{R}{R}{R}> Flat Tofu Staff deals 3,,0,0,0,BS5-018,1,"【On Play】 <Discard 1 {R} trap card from your hand.> Select up to 1 of your opponent's Cookies. That Cookie receives 1 damage.
<{R}{R}{R}> Flat Tofu Staff deals 3",,SECRET RARE,
BS5-018,BS5,018,Flat Tofu Cookie,BOOSTER PACK [Operation Timeguard],COOKIE,RED,RED,2,4,,R,White Stock Sorcery,【On Play】 <Discard 1 {R} trap card from your hand.> Select up to 1 of your opponent's Cookies. That Cookie receives 1 damage.,<{R}{R}{R}> Flat Tofu Staff deals 3,,0,0,0,BS5-018,0,"【On Play】 <Discard 1 {R} trap card from your hand.> Select up to 1 of your opponent's Cookies. That Cookie receives 1 damage.
<{R}{R}{R}> Flat Tofu Staff deals 3",,RARE,
BS5-017,BS5,017,Peppernut Cookie,BOOSTER PACK [Operation Timeguard],COOKIE,RED,RED MIX,1,3,,C,,,<{N}{N}> Gift Artistry deals 1,,0,0,0,BS5-017,0,<{N}{N}> Gift Artistry deals 1,,COMMON,
BS5-016,BS5,016,Tiramisu Cookie,BOOSTER PACK [Operation Timeguard],COOKIE,RED,RED,1,3,,C,No gifts for you!,"【Activate】 【Once Per Turn】 <Place 1 card from the top of this Cookie's HP into the trash.> If that card is a non-Cookie card, select up to 1 of your opponent's Cookies. That Cookie receives 1 damage.",<{R}{R}> Fast and Reliable Delivery deals 1,,0,0,0,BS5-016,0,"【Activate】 【Once Per Turn】 <Place 1 card from the top of this Cookie's HP into the trash.> If that card is a non-Cookie card, select up to 1 of your opponent's Cookies. That Cookie receives 1 damage.
<{R}{R}> Fast and Reliable Delivery deals 1",,COMMON,
BS5-015,BS5,015,Carol Cookie,BOOSTER PACK [Operation Timeguard],COOKIE,RED,RED MIX,2,4,,U,Magic Songs,【On Play】 <Place 1 card from the top of your other Cookie's HP into the trash.> Select up to 1 of your opponent's Cookies. That Cookie receives 1 damage.,<{R}{N}> Songs of Love and Peace deals 1,,0,0,0,BS5-015,0,"【On Play】 <Place 1 card from the top of your other Cookie's HP into the trash.> Select up to 1 of your opponent's Cookies. That Cookie receives 1 damage.
<{R}{N}> Songs of Love and Peace deals 1",,UNCOMMON,
BS5-014@1,BS5,014@1,Knight Cookie,PROMOTION CARD,FLIP,RED,RED,2,5,,P,Cut the Dragon's Tail,【Activate】 【Once Per Turn】 Select up to 1 of your opponent's [Pitaya Dragon Cookie]. That Cookie receives 2 damage.,<{R}{R}{R}{R}> To arms! deals 3,<{R}{R}{R}{R}> To arms!,0,0,0,BS5-014,1,"【Activate】 【Once Per Turn】 Select up to 1 of your opponent's [Pitaya Dragon Cookie]. That Cookie receives 2 damage.
<{R}{R}{R}{R}> To arms! deals 3
<{R}{R}{R}{R}> To arms!",,PROMOTION,
BS5-014,BS5,014,Knight Cookie,BOOSTER PACK [Operation Timeguard],COOKIE,RED,RED,2,5,,U,Cut the Dragon's Tail,【Activate】 【Once Per Turn】 Select up to 1 of your opponent's [Pitaya Dragon Cookie]. That Cookie receives 2 damage.,<{R}{R}{R}{R}> To arms! deals 3,,0,0,0,BS5-014,0,"【Activate】 【Once Per Turn】 Select up to 1 of your opponent's [Pitaya Dragon Cookie]. That Cookie receives 2 damage.
<{R}{R}{R}{R}> To arms! deals 3",,UNCOMMON,
BS5-013@5,BS5,013@5,Pitaya Dragon Cookie,NA Regionals I,COOKIE,RED,RED,3,5,DRAGON,P,Red Dragon's Ferocity,【On Play】 <Discard 1 {R} Cookie from your hand.> Select up to 1 of your opponent's Cookies. That Cookie receives 1 damage.,"<{R}{R}{R}> Draconic Bladestorm deals 3
Then, <can be used as {R}.> If this Cookie's remaining HP is 4 or less, select up to 2 of your opponent's Cookies. Those Cookies receive 1 damage each.",,0,0,0,BS5-013,1,"【On Play】 <Discard 1 {R} Cookie from your hand.> Select up to 1 of your opponent's Cookies. That Cookie receives 1 damage.
<{R}{R}{R}> Draconic Bladestorm deals 3
Then, <can be used as {R}.> If this Cookie's remaining HP is 4 or less, select up to 2 of your opponent's Cookies. Those Cookies receive 1 damage each.",,PROMOTION,
BS5-013@4,BS5,013@4,Pitaya Dragon Cookie,NA Regionals I,COOKIE,RED,RED,3,5,DRAGON,P,Red Dragon's Ferocity,【On Play】 <Discard 1 {R} Cookie from your hand.> Select up to 1 of your opponent's Cookies. That Cookie receives 1 damage.,"<{R}{R}{R}> Draconic Bladestorm deals 3
Then, <can be used as {R}.> If this Cookie's remaining HP is 4 or less, select up to 2 of your opponent's Cookies. Those Cookies receive 1 damage each.",,0,0,0,BS5-013,1,"【On Play】 <Discard 1 {R} Cookie from your hand.> Select up to 1 of your opponent's Cookies. That Cookie receives 1 damage.
<{R}{R}{R}> Draconic Bladestorm deals 3
Then, <can be used as {R}.> If this Cookie's remaining HP is 4 or less, select up to 2 of your opponent's Cookies. Those Cookies receive 1 damage each.",,PROMOTION,
BS5-013@3,BS5,013@3,Pitaya Dragon Cookie,NA Regionals I,COOKIE,RED,RED,3,5,DRAGON,P,Red Dragon's Ferocity,【On Play】 <Discard 1 {R} Cookie from your hand.> Select up to 1 of your opponent's Cookies. That Cookie receives 1 damage.,"<{R}{R}{R}> Draconic Bladestorm deals 3
Then, <can be used as {R}.> If this Cookie's remaining HP is 4 or less, select up to 2 of your opponent's Cookies. Those Cookies receive 1 damage each.",,0,0,0,BS5-013,1,"【On Play】 <Discard 1 {R} Cookie from your hand.> Select up to 1 of your opponent's Cookies. That Cookie receives 1 damage.
<{R}{R}{R}> Draconic Bladestorm deals 3
Then, <can be used as {R}.> If this Cookie's remaining HP is 4 or less, select up to 2 of your opponent's Cookies. Those Cookies receive 1 damage each.",,PROMOTION,
BS5-013@2,BS5,013@2,Pitaya Dragon Cookie,NA Regionals I,COOKIE,RED,RED,3,5,DRAGON,P,Red Dragon's Ferocity,【On Play】 <Discard 1 {R} Cookie from your hand.> Select up to 1 of your opponent's Cookies. That Cookie receives 1 damage.,"<{R}{R}{R}> Draconic Bladestorm deals 3
Then, <can be used as {R}.> If this Cookie's remaining HP is 4 or less, select up to 2 of your opponent's Cookies. Those Cookies receive 1 damage each.",,0,0,0,BS5-013,1,"【On Play】 <Discard 1 {R} Cookie from your hand.> Select up to 1 of your opponent's Cookies. That Cookie receives 1 damage.
<{R}{R}{R}> Draconic Bladestorm deals 3
Then, <can be used as {R}.> If this Cookie's remaining HP is 4 or less, select up to 2 of your opponent's Cookies. Those Cookies receive 1 damage each.",,PROMOTION,
BS5-013@1,BS5,013@1,Pitaya Dragon Cookie,BOOSTER PACK [Operation Timeguard],COOKIE,RED,RED,3,5,Dragon,SUR,Red Dragon's Ferocity,【On Play】 <Discard 1 {R} Cookie from your hand.> Select up to 1 of your opponent's Cookies. That Cookie receives 1 damage.,"<{R}{R}{R}> Draconic Bladestorm deals 3 Then, <can be used as {R}.> If this Cookie's remaining HP is 4 or less, select up to 2 of your opponent's Cookies. Those Cookies receive 1 damage each.",,0,0,0,BS5-013,1,"【On Play】 <Discard 1 {R} Cookie from your hand.> Select up to 1 of your opponent's Cookies. That Cookie receives 1 damage.
<{R}{R}{R}> Draconic Bladestorm deals 3 Then, <can be used as {R}.> If this Cookie's remaining HP is 4 or less, select up to 2 of your opponent's Cookies. Those Cookies receive 1 damage each.",,SECRET ULTRA RARE,
BS5-013,BS5,013,Pitaya Dragon Cookie,BOOSTER PACK [Operation Timeguard],COOKIE,RED,RED,3,5,Dragon,UR,Red Dragon's Ferocity,【On Play】 <Discard 1 {R} Cookie from your hand.> Select up to 1 of your opponent's Cookies. That Cookie receives 1 damage.,"<{R}{R}{R}> Draconic Bladestorm deals 3 
Then, <can be used as {R}.> If this Cookie's remaining HP is 4 or less, select up to 2 of your opponent's Cookies. Those Cookies receive 1 damage each.",,0,0,0,BS5-013,0,"【On Play】 <Discard 1 {R} Cookie from your hand.> Select up to 1 of your opponent's Cookies. That Cookie receives 1 damage.
<{R}{R}{R}> Draconic Bladestorm deals 3 
Then, <can be used as {R}.> If this Cookie's remaining HP is 4 or less, select up to 2 of your opponent's Cookies. Those Cookies receive 1 damage each.",,ULTRA RARE,
BS5-012,BS5,012,Eggnog Cookie,BOOSTER PACK [Operation Timeguard],COOKIE,RED,RED,1,2,,C,,,"<{R}{R}> Great job! HAHAHO! deals 1 
Then, if the attacked Cookie is LV.3, that Cookie receives 1 damage.",,0,0,0,BS5-012,0,"<{R}{R}> Great job! HAHAHO! deals 1 
Then, if the attacked Cookie is LV.3, that Cookie receives 1 damage.",,COMMON,
BS5-011@1,BS5,011@1,Stollen Cookie,BOOSTER PACK [Operation Timeguard],COOKIE,RED,RED,2,3,,SEC,Gift Delivery Exam,"When this Cookie faints, <can be used as {R}.> Select up to 1 LV.1 Cookie in your opponent's battle area. That Cookie receives 1 damage.",<{R}{R}> Veteran Engineer deals 2,,0,0,0,BS5-011,1,"When this Cookie faints, <can be used as {R}.> Select up to 1 LV.1 Cookie in your opponent's battle area. That Cookie receives 1 damage.
<{R}{R}> Veteran Engineer deals 2",,SECRET RARE,
BS5-011,BS5,011,Stollen Cookie,BOOSTER PACK [Operation Timeguard],COOKIE,RED,RED,2,3,,R,Gift Delivery Exam,"When this Cookie faints, <can be used as {R}.> Select up to 1 LV.1 Cookie in your opponent's battle area. That Cookie receives 1 damage.",<{R}{R}> Veteran Engineer deals 2,,0,0,0,BS5-011,0,"When this Cookie faints, <can be used as {R}.> Select up to 1 LV.1 Cookie in your opponent's battle area. That Cookie receives 1 damage.
<{R}{R}> Veteran Engineer deals 2",,RARE,
BS5-010@1,BS5,010@1,Starch Noodle Cookie,BOOSTER PACK [Operation Timeguard],COOKIE,RED,RED MIX,3,5,,SSR,Pterosaur Flight,【On Play】 Select up to 1 of your opponent's rested LV.2 or lower Cookies. That Cookie receives 2 damage.,"<{R}{R}{R}{R}> Diamond Formation! deals 4 Then, <place 1 card from the top of this Cookie's HP into the trash.> Draw up to 1 card from your deck.",,0,0,0,BS5-010,1,"【On Play】 Select up to 1 of your opponent's rested LV.2 or lower Cookies. That Cookie receives 2 damage.
<{R}{R}{R}{R}> Diamond Formation! deals 4 Then, <place 1 card from the top of this Cookie's HP into the trash.> Draw up to 1 card from your deck.",,SECRET SUPER RARE,
BS5-010,BS5,010,Starch Noodle Cookie,BOOSTER PACK [Operation Timeguard],COOKIE,RED,RED MIX,3,5,,SR,Pterosaur Flight,【On Play】 Select up to 1 of your opponent's rested LV.2 or lower Cookies. That Cookie receives 2 damage.,"<{R}{R}{R}{R}> Diamond Formation! deals 4 Then, <place 1 card from the top of this Cookie's HP into the trash.> Draw up to 1 card from your deck.",,0,0,0,BS5-010,0,"【On Play】 Select up to 1 of your opponent's rested LV.2 or lower Cookies. That Cookie receives 2 damage.
<{R}{R}{R}{R}> Diamond Formation! deals 4 Then, <place 1 card from the top of this Cookie's HP into the trash.> Draw up to 1 card from your deck.",,SUPER RARE,
BS5-009,BS5,009,Butterbear Cookie,BOOSTER PACK [Operation Timeguard],FLIP,RED,RED,3,3,,C,,,<{R}{R}{R}> Toymaker deals 3,Draw up to 1 card from your deck.,0,0,0,BS5-009,0,"<{R}{R}{R}> Toymaker deals 3
Draw up to 1 card from your deck.",,COMMON,
BS5-008,BS5,008,Chestnut Cookie,BOOSTER PACK [Operation Timeguard],COOKIE,RED,RED MIX,1,1,,C,,,"<{R}> Extra! Extra! deals 1 
Then, if the attacked Cookie's remaining HP is 3 or more, that Cookie receives 1 damage.",,0,0,0,BS5-008,0,"<{R}> Extra! Extra! deals 1 
Then, if the attacked Cookie's remaining HP is 3 or more, that Cookie receives 1 damage.",,COMMON,
BS5-007,BS5,007,Macaron Cookie,BOOSTER PACK [Operation Timeguard],COOKIE,RED,RED,1,1,,C,What a fun parade!,"When this Cookie faints, <discard 1 {R} item card from your hand.> Select up to 1 of your opponent's Cookies. That Cookie receives 1 damage.",<{R}> Macaron Parade deals 1,,0,0,0,BS5-007,0,"When this Cookie faints, <discard 1 {R} item card from your hand.> Select up to 1 of your opponent's Cookies. That Cookie receives 1 damage.
<{R}> Macaron Parade deals 1",,COMMON,
BS5-006,BS5,006,Marshmallow Cookie,BOOSTER PACK [Operation Timeguard],COOKIE,RED,RED,3,5,,C,,,"<{R}{R}{R}{R}> Follow my lead! deals 3 
Then, if your break area is LV.6 or higher, select up to 1 of your opponent's Cookies. That Cookie receives 1 damage.",,0,0,0,BS5-006,0,"<{R}{R}{R}{R}> Follow my lead! deals 3 
Then, if your break area is LV.6 or higher, select up to 1 of your opponent's Cookies. That Cookie receives 1 damage.",,COMMON,
BS5-005@1,BS5,005@1,Mala Sauce Cookie,BOOSTER PACK [Operation Timeguard],COOKIE,RED,RED,1,2,,SSR,Time to spice things up!,【Activate】 【Once Per Turn】 <{R}> <Place 1 card from the top of your {R} LV.2 or higher Cookie's HP into the trash.> Select up to 1 of your opponent's Cookies. That Cookie receives 1 damage.,<{R}{R}> Morning Star Anise deals 2,,0,0,0,BS5-005,1,"【Activate】 【Once Per Turn】 <{R}> <Place 1 card from the top of your {R} LV.2 or higher Cookie's HP into the trash.> Select up to 1 of your opponent's Cookies. That Cookie receives 1 damage.
<{R}{R}> Morning Star Anise deals 2",,SECRET SUPER RARE,
BS5-005,BS5,005,Mala Sauce Cookie,BOOSTER PACK [Operation Timeguard],COOKIE,RED,RED,1,2,,SR,Time to spice things up!,【Activate】 【Once Per Turn】 <{R}> <Place 1 card from the top of your {R} LV.2 or higher Cookie's HP into the trash.> Select up to 1 of your opponent's Cookies. That Cookie receives 1 damage.,<{R}{R}> Morning Star Anise deals 2,,0,0,0,BS5-005,0,"【Activate】 【Once Per Turn】 <{R}> <Place 1 card from the top of your {R} LV.2 or higher Cookie's HP into the trash.> Select up to 1 of your opponent's Cookies. That Cookie receives 1 damage.
<{R}{R}> Morning Star Anise deals 2",,SUPER RARE,
BS5-004,BS5,004,Lollipop Cookie,BOOSTER PACK [Operation Timeguard],FLIP,RED,RED,2,2,,C,,,<{R}{R}> Winter nights are cold! deals 2,<Discard 1 card.> The Cookie with this card attached for HP gains +1 HP.,0,0,0,BS5-004,0,"<{R}{R}> Winter nights are cold! deals 2
<Discard 1 card.> The Cookie with this card attached for HP gains +1 HP.",,COMMON,
BS5-003,BS5,003,Strawberry Cream Cookie,BOOSTER PACK [Operation Timeguard],COOKIE,RED,RED,2,3,,U,,,"<{R}{R}{R}> Sugar Fox Rider deals 3 
Then, <discard 1 card.> Deals 1 damage.",,0,0,0,BS5-003,0,"<{R}{R}{R}> Sugar Fox Rider deals 3 
Then, <discard 1 card.> Deals 1 damage.",,UNCOMMON,
BS5-002,BS5,002,Strawberry Cookie,BOOSTER PACK [Operation Timeguard],COOKIE,RED,RED MIX,2,4,,C,,,<{N}{N}{N}> Will you be my friend? deals 3,,0,0,0,BS5-002,0,<{N}{N}{N}> Will you be my friend? deals 3,,COMMON,
BS5-001,BS5,001,Dark Choco Cookie,BOOSTER PACK [Operation Timeguard],COOKIE,RED,RED,1,3,,C,Indomitable Will,"If this Cookie's remaining HP is 1, this Cookie gains +1 attack damage.",<{R}{R}> Dark Swordsmanship deals 1,,0,0,0,BS5-001,0,"If this Cookie's remaining HP is 1, this Cookie gains +1 attack damage.
<{R}{R}> Dark Swordsmanship deals 1",,COMMON,
BS4-111@1,BS4,111@1,Cookies of Legend,BOOSTER PACK [Age of Heroes and Kingdoms],STAGE,,MIX,,,,EXR,,<{N}{N}{N}{N}{N}> Place in your stage area.,"【Activate】 <{N}{N}{N}{N}{N}> <Rest this card.> Place all LV.2 or lower Cookies in both battle areas on the bottom of each deck. Then, select up to 1 of your LV.3 Cookies. That Cookie gains +1 HP.",,0,0,0,BS4-111,1,"<{N}{N}{N}{N}{N}> Place in your stage area.
【Activate】 <{N}{N}{N}{N}{N}> <Rest this card.> Place all LV.2 or lower Cookies in both battle areas on the bottom of each deck. Then, select up to 1 of your LV.3 Cookies. That Cookie gains +1 HP.",,EXTRA RARE,
BS4-111,BS4,111,Cookies of Legend,BOOSTER PACK [Age of Heroes and Kingdoms],STAGE,,MIX,,,,UR,,<{N}{N}{N}{N}{N}> Place in your stage area.,"【Activate】 <{N}{N}{N}{N}{N}> <Rest this card.> Place all LV.2 or lower Cookies in both battle areas on the bottom of each deck. Then, select up to 1 of your LV.3 Cookies. That Cookie gains +1 HP.",,0,0,0,BS4-111,0,"<{N}{N}{N}{N}{N}> Place in your stage area.
【Activate】 <{N}{N}{N}{N}{N}> <Rest this card.> Place all LV.2 or lower Cookies in both battle areas on the bottom of each deck. Then, select up to 1 of your LV.3 Cookies. That Cookie gains +1 HP.",,ULTRA RARE,
BS4-110,BS4,110,City of Wizards,BOOSTER PACK [Age of Heroes and Kingdoms],STAGE,PURPLE,PURPLE,,,,U,,<{P}> Place in your stage area.,"【Activate】 <{P}> <Rest this card.> <Discard 2 cards.> If your trash contains 15 cards or less, draw up to 2 cards from your deck.",,0,0,0,BS4-110,0,"<{P}> Place in your stage area.
【Activate】 <{P}> <Rest this card.> <Discard 2 cards.> If your trash contains 15 cards or less, draw up to 2 cards from your deck.",,UNCOMMON,
BS4-109,BS4,109,Slumbering Moon's Invitation,BOOSTER PACK [Age of Heroes and Kingdoms],TRAP,PURPLE,PURPLE,,,,U,,,"<{P}{P}> Select up to 1 of your opponent's Cookies. During this turn, that Cookie deals -1 attack damage. Then, view 3 cards from the top of your deck. Out of the 3 cards, reveal up to 1 {P} card and add that card to your hand. Place the remaining cards in the trash.",,0,0,0,BS4-109,0,"<{P}{P}> Select up to 1 of your opponent's Cookies. During this turn, that Cookie deals -1 attack damage. Then, view 3 cards from the top of your deck. Out of the 3 cards, reveal up to 1 {P} card and add that card to your hand. Place the remaining cards in the trash.",,UNCOMMON,
BS4-108,BS4,108,Plasma Crystal Ball,BOOSTER PACK [Age of Heroes and Kingdoms],ITEM,PURPLE,PURPLE,,,,U,,,"<{P}{P}{P}> <Discard 1 card.> Return up to 1 {P} card from your trash to your hand. Then, select up to 1 of your opponent's Cookies. That Cookie receives 1 damage.",,0,0,0,BS4-108,0,"<{P}{P}{P}> <Discard 1 card.> Return up to 1 {P} card from your trash to your hand. Then, select up to 1 of your opponent's Cookies. That Cookie receives 1 damage.",,UNCOMMON,
BS4-107@1,BS4,107@1,Moonlight Shards,BOOSTER PACK [Age of Heroes and Kingdoms],ITEM,PURPLE,PURPLE,,,,SSR,,,"<{P}{P}> If your opponent's trash contains 15 cards or more, select up to 1 of your opponent's Cookies. That Cookie receives 2 damage. Then, place up to 3 cards from the top of your deck into the trash.",,0,0,0,BS4-107,1,"<{P}{P}> If your opponent's trash contains 15 cards or more, select up to 1 of your opponent's Cookies. That Cookie receives 2 damage. Then, place up to 3 cards from the top of your deck into the trash.",,SECRET SUPER RARE,
BS4-107,BS4,107,Moonlight Shards,BOOSTER PACK [Age of Heroes and Kingdoms],ITEM,PURPLE,PURPLE,,,,SR,,,"<{P}{P}> If your opponent's trash contains 15 cards or more, select up to 1 of your opponent's Cookies. That Cookie receives 2 damage. Then, place up to 3 cards from the top of your deck into the trash.",,0,0,0,BS4-107,0,"<{P}{P}> If your opponent's trash contains 15 cards or more, select up to 1 of your opponent's Cookies. That Cookie receives 2 damage. Then, place up to 3 cards from the top of your deck into the trash.",,SUPER RARE,
BS4-106,BS4,106,Butterfly Brooch,BOOSTER PACK [Age of Heroes and Kingdoms],ITEM,PURPLE,PURPLE,,,,U,,,"<{P}{P}> If your opponent's trash contains 10 cards or more, select up to 1 of your opponent's LV.2 or lower Cookies. Place up to 1 card from the top of that Cookie's HP into the trash.",,0,0,0,BS4-106,0,"<{P}{P}> If your opponent's trash contains 10 cards or more, select up to 1 of your opponent's LV.2 or lower Cookies. Place up to 1 card from the top of that Cookie's HP into the trash.",,UNCOMMON,
BS4-105,BS4,105,Financier Cookie,BOOSTER PACK [Age of Heroes and Kingdoms],FLIP,PURPLE,PURPLE,3,3,,C,,,<{P}{P}{P}> Guidance of the Light deals 3,<Discard 1 card.> The Cookie with this card attached for HP gains +1 HP.,0,0,0,BS4-105,0,"<{P}{P}{P}> Guidance of the Light deals 3
<Discard 1 card.> The Cookie with this card attached for HP gains +1 HP.",,COMMON,
BS4-104,BS4,104,Parfait Cookie,BOOSTER PACK [Age of Heroes and Kingdoms],COOKIE,PURPLE,PURPLE MIX,1,2,,C,,,<{N}> Paru-paru-PARFAIT! deals 1,,0,0,0,BS4-104,0,<{N}> Paru-paru-PARFAIT! deals 1,,COMMON,
BS4-103,BS4,103,Cream Unicorn Cookie,BOOSTER PACK [Age of Heroes and Kingdoms],COOKIE,PURPLE,PURPLE,1,3,,C,,,"<{P}{P}> Dreamy Parade deals 1
Then, place up to 3 cards from the top of your deck into the trash.",,0,0,0,BS4-103,0,"<{P}{P}> Dreamy Parade deals 1
Then, place up to 3 cards from the top of your deck into the trash.",,COMMON,
BS4-102,BS4,102,Wildberry Cookie,BOOSTER PACK [Age of Heroes and Kingdoms],FLIP,PURPLE,PURPLE,1,1,,C,,,<{P}> Taste THIS! deals 1,Place up to 3 cards from the top of either player's deck into the trash.,0,0,0,BS4-102,0,"<{P}> Taste THIS! deals 1
Place up to 3 cards from the top of either player's deck into the trash.",,COMMON,
BS4-101,BS4,101,Eclair Cookie,BOOSTER PACK [Age of Heroes and Kingdoms],FLIP,PURPLE,PURPLE,2,2,,C,,,<{P}{P}> Curator's Guidance deals 2,Draw up to 1 card from your deck.,0,0,0,BS4-101,0,"<{P}{P}> Curator's Guidance deals 2
Draw up to 1 card from your deck.",,COMMON,
BS4-100@1,BS4,100@1,Space Doughnut,BOOSTER PACK [Age of Heroes and Kingdoms],COOKIE,PURPLE,PURPLE MIX,2,4,,SEC,Dooonuuut!,"{bl} <Rest this card.> (When one of your opponent's Cookies attacks, you can redirect the attack to this Cookie.)
【Once Per Turn】 This Cookie receives -1 attack damage from LV.1 Cookies.",<{P}{P}{N}> Doo-DOA!!! deals 2,,0,0,0,BS4-100,1,"{bl} <Rest this card.> (When one of your opponent's Cookies attacks, you can redirect the attack to this Cookie.)
【Once Per Turn】 This Cookie receives -1 attack damage from LV.1 Cookies.
<{P}{P}{N}> Doo-DOA!!! deals 2",,SECRET RARE,
BS4-100,BS4,100,Space Doughnut,BOOSTER PACK [Age of Heroes and Kingdoms],COOKIE,PURPLE,PURPLE MIX,2,4,,R,Dooonuuut!,"{bl} <Rest this card.> (When one of your opponent's Cookies attacks, you can redirect the attack to this Cookie.)
【Once Per Turn】 This Cookie receives -1 attack damage from LV.1 Cookies.",<{P}{P}{N}> Doo-DOA!!! deals 2,,0,0,0,BS4-100,0,"{bl} <Rest this card.> (When one of your opponent's Cookies attacks, you can redirect the attack to this Cookie.)
【Once Per Turn】 This Cookie receives -1 attack damage from LV.1 Cookies.
<{P}{P}{N}> Doo-DOA!!! deals 2",,RARE,
BS4-099,BS4,099,Amber Sugar Cookie,BOOSTER PACK [Age of Heroes and Kingdoms],COOKIE,PURPLE,PURPLE,1,2,,U,Honeydipper Staff,【Activate】 <{P}> Place up to 3 cards from the top of either player's deck into the trash.,"<{P}> *Buzz, Buzz* deals 1",,0,0,0,BS4-099,0,"【Activate】 <{P}> Place up to 3 cards from the top of either player's deck into the trash.
<{P}> *Buzz, Buzz* deals 1",,UNCOMMON,
BS4-098@4,BS4,098@4,Stardust Cookie,2-ON-2 Event,COOKIE,PURPLE,PURPLE,3,5,,P,Sign of the Stars,"【Activate】 【Once Per Turn】 <{P}> <Discard 1 card.> Select up to 1 of your opponent's Cookies. During this turn, that Cookie's HP-attached FLIP effects cannot be activated. Then, that Cookie receives 1 damage.","<{P}{P}{P}> Wrath of the Stars deals 2
Then, <{P}> If your trash contains 15 {P} cards or more, deals 2 damage.",,0,0,0,BS4-098,1,"【Activate】 【Once Per Turn】 <{P}> <Discard 1 card.> Select up to 1 of your opponent's Cookies. During this turn, that Cookie's HP-attached FLIP effects cannot be activated. Then, that Cookie receives 1 damage.
<{P}{P}{P}> Wrath of the Stars deals 2
Then, <{P}> If your trash contains 15 {P} cards or more, deals 2 damage.",,PROMOTION,
BS4-098@3,BS4,098@3,Stardust Cookie,2-ON-2 Event,COOKIE,PURPLE,PURPLE,3,5,,P,Sign of the Stars,"【Activate】 【Once Per Turn】 <{P}> <Discard 1 card.> Select up to 1 of your opponent's Cookies. During this turn, that Cookie's HP-attached FLIP effects cannot be activated. Then, that Cookie receives 1 damage.","<{P}{P}{P}> Wrath of the Stars deals 2
Then, <{P}> If your trash contains 15 {P} cards or more, deals 2 damage.",,0,0,0,BS4-098,1,"【Activate】 【Once Per Turn】 <{P}> <Discard 1 card.> Select up to 1 of your opponent's Cookies. During this turn, that Cookie's HP-attached FLIP effects cannot be activated. Then, that Cookie receives 1 damage.
<{P}{P}{P}> Wrath of the Stars deals 2
Then, <{P}> If your trash contains 15 {P} cards or more, deals 2 damage.",,PROMOTION,
BS4-098@2,BS4,098@2,Stardust Cookie,2-ON-2 Event,COOKIE,PURPLE,PURPLE,3,5,,P,Sign of the Stars,"【Activate】 【Once Per Turn】 <{P}> <Discard 1 card.> Select up to 1 of your opponent's Cookies. During this turn, that Cookie's HP-attached FLIP effects cannot be activated. Then, that Cookie receives 1 damage.","<{P}{P}{P}> Wrath of the Stars deals 2
Then, <{P}> If your trash contains 15 {P} cards or more, deals 2 damage.",,0,0,0,BS4-098,1,"【Activate】 【Once Per Turn】 <{P}> <Discard 1 card.> Select up to 1 of your opponent's Cookies. During this turn, that Cookie's HP-attached FLIP effects cannot be activated. Then, that Cookie receives 1 damage.
<{P}{P}{P}> Wrath of the Stars deals 2
Then, <{P}> If your trash contains 15 {P} cards or more, deals 2 damage.",,PROMOTION,
BS4-098@1,BS4,098@1,Stardust Cookie,BOOSTER PACK [Age of Heroes and Kingdoms],COOKIE,PURPLE,PURPLE,3,5,,SUR,Sign of the Stars,"【Activate】 【Once Per Turn】 <{P}> <Discard 1 card.> Select up to 1 of your opponent's Cookies. During this turn, that Cookie's HP-attached FLIP effects cannot be activated. Then, that Cookie receives 1 damage.","<{P}{P}{P}> Wrath of the Stars deals 2
Then, <can be used as {P}.> If your trash contains 15 {P} cards or more, deals 2 damage.",,0,0,0,BS4-098,1,"【Activate】 【Once Per Turn】 <{P}> <Discard 1 card.> Select up to 1 of your opponent's Cookies. During this turn, that Cookie's HP-attached FLIP effects cannot be activated. Then, that Cookie receives 1 damage.
<{P}{P}{P}> Wrath of the Stars deals 2
Then, <can be used as {P}.> If your trash contains 15 {P} cards or more, deals 2 damage.",,SECRET ULTRA RARE,
BS4-098,BS4,098,Stardust Cookie,BOOSTER PACK [Age of Heroes and Kingdoms],COOKIE,PURPLE,PURPLE,3,5,,UR,Sign of the Stars,"【Activate】 【Once Per Turn】 <{P}> <Discard 1 card.> Select up to 1 of your opponent's Cookies. During this turn, that Cookie's HP-attached FLIP effects cannot be activated. Then, that Cookie receives 1 damage.","<{P}{P}{P}> Wrath of the Stars deals 2
Then, <can be used as {P}.> If your trash contains 15 {P} cards or more, deals 2 damage.",,0,0,0,BS4-098,0,"【Activate】 【Once Per Turn】 <{P}> <Discard 1 card.> Select up to 1 of your opponent's Cookies. During this turn, that Cookie's HP-attached FLIP effects cannot be activated. Then, that Cookie receives 1 damage.
<{P}{P}{P}> Wrath of the Stars deals 2
Then, <can be used as {P}.> If your trash contains 15 {P} cards or more, deals 2 damage.",,ULTRA RARE,
BS4-097@1,BS4,097@1,Cream Puff Cookie,PROMOTION CARD,FLIP,PURPLE,PURPLE,1,2,,P,,,<{P}{P}{N}{N}> I won't give up! deals 1,<{P}{P}{N}{N}> I won't give up!,0,0,0,BS4-097,1,"<{P}{P}{N}{N}> I won't give up! deals 1
<{P}{P}{N}{N}> I won't give up!",,PROMOTION,
BS4-097,BS4,097,Cream Puff Cookie,BOOSTER PACK [Age of Heroes and Kingdoms],COOKIE,PURPLE,PURPLE MIX,2,5,,C,,,<{P}{P}{N}{N}> Jellious Extremo! deals 3,,0,0,0,BS4-097,0,<{P}{P}{N}{N}> Jellious Extremo! deals 3,,COMMON,
BS4-096@1,BS4,096@1,Sugar Glass Cookie,BOOSTER PACK [Age of Heroes and Kingdoms],COOKIE,PURPLE,PURPLE,1,3,,SSR,Stained Glass,【Activate】 【Once Per Turn】 <{P}> <Place 1 card from the top of this Cookie's HP card into the trash.> Draw up to 1 card from your deck.,<{P}{P}> Memory Fragments deals 1,,0,0,0,BS4-096,1,"【Activate】 【Once Per Turn】 <{P}> <Place 1 card from the top of this Cookie's HP card into the trash.> Draw up to 1 card from your deck.
<{P}{P}> Memory Fragments deals 1",,SECRET SUPER RARE,
BS4-096,BS4,096,Sugar Glass Cookie,BOOSTER PACK [Age of Heroes and Kingdoms],COOKIE,PURPLE,PURPLE,1,3,,SR,Stained Glass,【Activate】 【Once Per Turn】 <{P}> <Place 1 card from the top of this Cookie's HP card into the trash.> Draw up to 1 card from your deck.,<{P}{P}> Memory Fragments deals 1,,0,0,0,BS4-096,0,"【Activate】 【Once Per Turn】 <{P}> <Place 1 card from the top of this Cookie's HP card into the trash.> Draw up to 1 card from your deck.
<{P}{P}> Memory Fragments deals 1",,SUPER RARE,
BS4-095,BS4,095,Shining Glitter Cookie,BOOSTER PACK [Age of Heroes and Kingdoms],COOKIE,PURPLE,PURPLE,2,4,,C,All Eyes on the Stage!,【Activate】 <{P}> Place up to 1 of your opponent's stage cards in the trash.,<{P}{P}{P}> Shining Syndrome deals 3,,0,0,0,BS4-095,0,"【Activate】 <{P}> Place up to 1 of your opponent's stage cards in the trash.
<{P}{P}{P}> Shining Syndrome deals 3",,COMMON,
BS4-094@1,BS4,094@1,Blueberry Pie Cookie,BOOSTER PACK [Age of Heroes and Kingdoms],COOKIE,PURPLE,PURPLE,2,4,,SEC,Cursed Tome,"【Activate】 【Once Per Turn】 If there is a {P} LV.3 Cookie in your battle area, both players place the top 3 cards from their decks into the trash.",<{P}{P}{P}> Power Unleashed deals 3,,0,0,0,BS4-094,1,"【Activate】 【Once Per Turn】 If there is a {P} LV.3 Cookie in your battle area, both players place the top 3 cards from their decks into the trash.
<{P}{P}{P}> Power Unleashed deals 3",,SECRET RARE,
BS4-094,BS4,094,Blueberry Pie Cookie,BOOSTER PACK [Age of Heroes and Kingdoms],COOKIE,PURPLE,PURPLE,2,4,,R,Cursed Tome,"【Activate】 【Once Per Turn】 If there is a {P} LV.3 Cookie in your battle area, both players place the top 3 cards from their decks into the trash.",<{P}{P}{P}> Power Unleashed deals 3,,0,0,0,BS4-094,0,"【Activate】 【Once Per Turn】 If there is a {P} LV.3 Cookie in your battle area, both players place the top 3 cards from their decks into the trash.
<{P}{P}{P}> Power Unleashed deals 3",,RARE,
BS4-093,BS4,093,Black Lemonade Cookie,BOOSTER PACK [Age of Heroes and Kingdoms],COOKIE,PURPLE,PURPLE,2,2,,C,Electrifying Rock!,"When this Cookie faints, <can be used as {P}.> Place up to 1 of your opponent's LV.2 or lower Cookies from their battle area into the trash.",<{P}{P}> Epic Guitar Solo! deals 2,,0,0,0,BS4-093,0,"When this Cookie faints, <can be used as {P}.> Place up to 1 of your opponent's LV.2 or lower Cookies from their battle area into the trash.
<{P}{P}> Epic Guitar Solo! deals 2",,COMMON,
BS4-092@4,BS4,092@4,Milky Way Cookie,PROMOTION CARD,COOKIE,PURPLE,PURPLE,2,4,,P,Sugarcloud Express,【On Play】 <{P}> <Place 1 of your other {P} LV.2 or lower Cookies from your battle area into the trash.> Select up to 1 of your opponent's LV.1 Cookies. That Cookie receives 2 damage.,<{P}{P}{P}> All Aboard for Victory! deals 3,,0,0,0,BS4-092,1,"【On Play】 <{P}> <Place 1 of your other {P} LV.2 or lower Cookies from your battle area into the trash.> Select up to 1 of your opponent's LV.1 Cookies. That Cookie receives 2 damage.
<{P}{P}{P}> All Aboard for Victory! deals 3",,PROMOTION,
BS4-092@3,BS4,092@3,Milky Way Cookie,PROMOTION CARD,COOKIE,PURPLE,PURPLE,2,4,,P,Sugarcloud Express,【On Play】 <{P}> <Place 1 of your other {P} LV.2 or lower Cookies from your battle area into the trash.> Select up to 1 of your opponent's LV.1 Cookies. That Cookie receives 2 damage.,<{P}{P}{P}> All Aboard for Victory! deals 3,,0,0,0,BS4-092,1,"【On Play】 <{P}> <Place 1 of your other {P} LV.2 or lower Cookies from your battle area into the trash.> Select up to 1 of your opponent's LV.1 Cookies. That Cookie receives 2 damage.
<{P}{P}{P}> All Aboard for Victory! deals 3",,PROMOTION,
BS4-092@2,BS4,092@2,Milky Way Cookie,PROMOTION CARD,COOKIE,PURPLE,PURPLE,2,4,,P,Sugarcloud Express,【On Play】 <{P}> <Place 1 of your other {P} LV.2 or lower Cookies from your battle area into the trash.> Select up to 1 of your opponent's LV.1 Cookies. That Cookie receives 2 damage.,<{P}{P}{P}> All Aboard for Victory! deals 3,,0,0,0,BS4-092,1,"【On Play】 <{P}> <Place 1 of your other {P} LV.2 or lower Cookies from your battle area into the trash.> Select up to 1 of your opponent's LV.1 Cookies. That Cookie receives 2 damage.
<{P}{P}{P}> All Aboard for Victory! deals 3",,PROMOTION,
BS4-092@1,BS4,092@1,Milky Way Cookie,BOOSTER PACK [Age of Heroes and Kingdoms],COOKIE,PURPLE,PURPLE,2,4,,SSR,Sugarcloud Express,【Activate】 <{P}> <Place 1 of your other {P} LV.2 or lower Cookies from your battle area into the trash.> Select up to 1 of your opponent's LV.1 Cookies. That Cookie receives 2 damage.,<{P}{P}{P}> All Aboard for Victory! deals 3,,0,0,0,BS4-092,1,"【Activate】 <{P}> <Place 1 of your other {P} LV.2 or lower Cookies from your battle area into the trash.> Select up to 1 of your opponent's LV.1 Cookies. That Cookie receives 2 damage.
<{P}{P}{P}> All Aboard for Victory! deals 3",,SECRET SUPER RARE,
BS4-092,BS4,092,Milky Way Cookie,BOOSTER PACK [Age of Heroes and Kingdoms],COOKIE,PURPLE,PURPLE,2,4,,SR,Sugarcloud Express,【Activate】 <{P}> <Place 1 of your other {P} LV.2 or lower Cookies from your battle area into the trash.> Select up to 1 of your opponent's LV.1 Cookies. That Cookie receives 2 damage.,<{P}{P}{P}> All Aboard for Victory! deals 3,,0,0,0,BS4-092,0,"【Activate】 <{P}> <Place 1 of your other {P} LV.2 or lower Cookies from your battle area into the trash.> Select up to 1 of your opponent's LV.1 Cookies. That Cookie receives 2 damage.
<{P}{P}{P}> All Aboard for Victory! deals 3",,SUPER RARE,
BS4-091,BS4,091,Wizard Cookie,BOOSTER PACK [Age of Heroes and Kingdoms],COOKIE,PURPLE,PURPLE,2,3,,U,,,"<{P}{P}> Magic Circle deals 2
Then, select up to 3 cards from your trash that do not have FLIP. Place them on the bottom of your deck in any order.",,0,0,0,BS4-091,0,"<{P}{P}> Magic Circle deals 2
Then, select up to 3 cards from your trash that do not have FLIP. Place them on the bottom of your deck in any order.",,UNCOMMON,
BS4-090,BS4,090,Rockstar Cookie,BOOSTER PACK [Age of Heroes and Kingdoms],COOKIE,PURPLE,PURPLE,2,3,,C,,,"<{P}> Rock 'n' Roll!!! deals 1
Then, if your trash contains 3 cards or more that have FLIP, deals 1 damage.",,0,0,0,BS4-090,0,"<{P}> Rock 'n' Roll!!! deals 1
Then, if your trash contains 3 cards or more that have FLIP, deals 1 damage.",,COMMON,
BS4-089@2,BS4,089@2,Moonlight Cookie,promotion card,COOKIE,PURPLE,PURPLE,3,6,,P,Dreaming Moonlight,"【On Play】 Place 5 cards from the top of your opponent's deck in the trash. Then, if your opponent has 2 Cookies in their battle area, select up to 1 of your opponent's Cookies. Place that Cookie in the trash.","<{P}{P}{P}> Dreams of Victory deals 3
Then, if your opponent's trash contains 15 cards or more, draw up to 2 cards from your deck and discard 1 card.",,0,0,0,BS4-089,1,"【On Play】 Place 5 cards from the top of your opponent's deck in the trash. Then, if your opponent has 2 Cookies in their battle area, select up to 1 of your opponent's Cookies. Place that Cookie in the trash.
<{P}{P}{P}> Dreams of Victory deals 3
Then, if your opponent's trash contains 15 cards or more, draw up to 2 cards from your deck and discard 1 card.",,PROMOTION,
BS4-089@1,BS4,089@1,Moonlight Cookie,BOOSTER PACK [Age of Heroes and Kingdoms],COOKIE,PURPLE,PURPLE,3,6,,SUR,Dreaming Moonlight,"【Activate】 Place 5 cards from the top of your opponent's deck in the trash. Then, if your opponent has 2 Cookies in their battle area, select up to 1 of your opponent's Cookies. Place that Cookie in the trash.","<{P}{P}{P}> Dreams of Victory deals 3
Then, if your opponent's trash contains 15 cards or more, draw up to 2 cards from your deck and discard 1 card.",,0,0,0,BS4-089,1,"【Activate】 Place 5 cards from the top of your opponent's deck in the trash. Then, if your opponent has 2 Cookies in their battle area, select up to 1 of your opponent's Cookies. Place that Cookie in the trash.
<{P}{P}{P}> Dreams of Victory deals 3
Then, if your opponent's trash contains 15 cards or more, draw up to 2 cards from your deck and discard 1 card.",,SECRET ULTRA RARE,
BS4-089,BS4,089,Moonlight Cookie,BOOSTER PACK [Age of Heroes and Kingdoms],COOKIE,PURPLE,PURPLE,3,6,,UR,Dreaming Moonlight,"【Activate】 Place 5 cards from the top of your opponent's deck in the trash. Then, if your opponent has 2 Cookies in their battle area, select up to 1 of your opponent's Cookies. Place that Cookie in the trash.","<{P}{P}{P}> Dreams of Victory deals 3
Then, if your opponent's trash contains 15 cards or more, draw up to 2 cards from your deck and discard 1 card.",,0,0,0,BS4-089,0,"【Activate】 Place 5 cards from the top of your opponent's deck in the trash. Then, if your opponent has 2 Cookies in their battle area, select up to 1 of your opponent's Cookies. Place that Cookie in the trash.
<{P}{P}{P}> Dreams of Victory deals 3
Then, if your opponent's trash contains 15 cards or more, draw up to 2 cards from your deck and discard 1 card.",,ULTRA RARE,
BS4-088,BS4,088,Tower of Frozen Waves,BOOSTER PACK [Age of Heroes and Kingdoms],STAGE,BLUE,BLUE,,,,U,,<{B}{B}> Place in your stage area.,【Activate】 <{B}> <Rest this card.> <Discard 1 card.> Select up to 1 of your {B} LV.2 or lower Cookies whose remaining HP is 4 or more. Return that Cookie to your hand.,,0,0,0,BS4-088,0,"<{B}{B}> Place in your stage area.
【Activate】 <{B}> <Rest this card.> <Discard 1 card.> Select up to 1 of your {B} LV.2 or lower Cookies whose remaining HP is 4 or more. Return that Cookie to your hand.",,UNCOMMON,
BS4-087,BS4,087,Mermaid's Tale,BOOSTER PACK [Age of Heroes and Kingdoms],TRAP,BLUE,BLUE,,,,U,,,"<{B}> <Discard 2 cards.> Select up to 2 of your opponent's Cookies. During this turn, those Cookies deal -1 attack damage.",,0,0,0,BS4-087,0,"<{B}> <Discard 2 cards.> Select up to 2 of your opponent's Cookies. During this turn, those Cookies deal -1 attack damage.",,UNCOMMON,
BS4-086,BS4,086,Weeping Cries of the Deep,BOOSTER PACK [Age of Heroes and Kingdoms],TRAP,BLUE,BLUE,,,,U,,,"<{B}{B}> If your hand contains 2 cards or less, select up to 1 of your opponent's Cookies. During this turn, that Cookie deals -3 attack damage.",,0,0,0,BS4-086,0,"<{B}{B}> If your hand contains 2 cards or less, select up to 1 of your opponent's Cookies. During this turn, that Cookie deals -3 attack damage.",,UNCOMMON,
BS4-085@1,BS4,085@1,Tide Shards,BOOSTER PACK [Age of Heroes and Kingdoms],ITEM,BLUE,BLUE,,,,SSR,,,"<{B}{B}> <Discard 4 cards.> Select up to 2 of your opponent's Cookies. Those Cookies receive 1 damage each. Then, draw up to 4 cards from your deck.",,0,0,0,BS4-085,1,"<{B}{B}> <Discard 4 cards.> Select up to 2 of your opponent's Cookies. Those Cookies receive 1 damage each. Then, draw up to 4 cards from your deck.",,SECRET SUPER RARE,
BS4-085,BS4,085,Tide Shards,BOOSTER PACK [Age of Heroes and Kingdoms],ITEM,BLUE,BLUE,,,,SR,,,"<{B}{B}> <Discard 4 cards.> Select up to 2 of your opponent's Cookies. Those Cookies receive 1 damage each. Then, draw up to 4 cards from your deck.",,0,0,0,BS4-085,0,"<{B}{B}> <Discard 4 cards.> Select up to 2 of your opponent's Cookies. Those Cookies receive 1 damage each. Then, draw up to 4 cards from your deck.",,SUPER RARE,
BS4-084,BS4,084,Heart of the Deep Sea,BOOSTER PACK [Age of Heroes and Kingdoms],ITEM,BLUE,BLUE,,,,U,,,<{B}{B}{B}> Draw cards from your deck until the number of cards in your hand equals the number of cards in your opponent's hand.,,0,0,0,BS4-084,0,<{B}{B}{B}> Draw cards from your deck until the number of cards in your hand equals the number of cards in your opponent's hand.,,UNCOMMON,
BS4-083,BS4,083,Pirate Cookie,BOOSTER PACK [Age of Heroes and Kingdoms],COOKIE,BLUE,BLUE MIX,3,4,,C,,,"<{B}{B}{N}> Ghost Cannons deals 3
Then, if your hand contains 5 cards or more, deals 1 damage.",,0,0,0,BS4-083,0,"<{B}{B}{N}> Ghost Cannons deals 3
Then, if your hand contains 5 cards or more, deals 1 damage.",,COMMON,
BS4-082,BS4,082,Frilled Jellyfish Cookie,BOOSTER PACK [Age of Heroes and Kingdoms],COOKIE,BLUE,BLUE,1,2,,U,Clean and Pristine,【Activate】 <{B}> Draw up to 3 cards from your deck and discard 2 cards.,<{B}> Frilled Snare deals 1,,0,0,0,BS4-082,0,"【Activate】 <{B}> Draw up to 3 cards from your deck and discard 2 cards.
<{B}> Frilled Snare deals 1",,UNCOMMON,
BS4-081@1,BS4,081@1,Crimson Coral Cookie,BOOSTER PACK [Age of Heroes and Kingdoms],COOKIE,BLUE,BLUE,2,4,,SSR,Somber Affection,"【Activate】 <Discard 1 card.> Select 1 of the following.
・Select up to 1 LV.1 Cookie in your opponent's battle area. Place that Cookie on the bottom of your opponent's deck.
・Draw up to 2 cards from your deck.",<{B}{B}{B}> Legion of Tearcrown deals 3,,0,0,0,BS4-081,1,"【Activate】 <Discard 1 card.> Select 1 of the following.
・Select up to 1 LV.1 Cookie in your opponent's battle area. Place that Cookie on the bottom of your opponent's deck.
・Draw up to 2 cards from your deck.
<{B}{B}{B}> Legion of Tearcrown deals 3",,SECRET SUPER RARE,
BS4-081,BS4,081,Crimson Coral Cookie,BOOSTER PACK [Age of Heroes and Kingdoms],COOKIE,BLUE,BLUE,2,4,,SR,Somber Affection,"【Activate】 <Discard 1 card.> Select 1 of the following.
・Select up to 1 LV.1 Cookie in your opponent's battle area. Place that Cookie on the bottom of your opponent's deck.
・Draw up to 2 cards from your deck.",<{B}{B}{B}> Legion of Tearcrown deals 3,,0,0,0,BS4-081,0,"【Activate】 <Discard 1 card.> Select 1 of the following.
・Select up to 1 LV.1 Cookie in your opponent's battle area. Place that Cookie on the bottom of your opponent's deck.
・Draw up to 2 cards from your deck.
<{B}{B}{B}> Legion of Tearcrown deals 3",,SUPER RARE,
BS4-080@2,BS4,080@2,Captain Ice Cookie,PROMOTION CARD,FLIP,,Blue,2,3,,P,,,"Icy Glare

【Blocker】 (When one of your opponent's Cookies attacks, you can redirect the attack to this Cookie.)
【Once Per Turn】 This Cookie receives -1 attack damage from LV.1 Cookies.

<{B}{B}{N}> Set Sail! deals 2 Then, if there are 5 cards or less in your hand, draw up to 2 cards from your deck.

<em><strong>FLIP</strong> <{B}{B}{N}> Set Sail!</em>",,0,0,0,BS4-080,1,"Icy Glare

【Blocker】 (When one of your opponent's Cookies attacks, you can redirect the attack to this Cookie.)
【Once Per Turn】 This Cookie receives -1 attack damage from LV.1 Cookies.

<{B}{B}{N}> Set Sail! deals 2 Then, if there are 5 cards or less in your hand, draw up to 2 cards from your deck.

<em><strong>FLIP</strong> <{B}{B}{N}> Set Sail!</em>",,PROMOTION,
BS4-080@1,BS4,080@1,Captain Ice Cookie,PROMOTION CARD,FLIP,BLUE,BLUE,2,3,,P,Icy Glare,"【Blocker】 <Rest this card.> (When one of your opponent's Cookies attacks, you can redirect the attack to this Cookie.)
【Once Per Turn】 This Cookie receives -1 attack damage from LV.1 Cookies.","<{B}{B}{N}> Set Sail! deals 2 Then, if there are 5 cards or less in your hand, draw up to 2 cards from your deck.",<{B}{B}{N}> Set Sail!,0,0,0,BS4-080,1,"【Blocker】 <Rest this card.> (When one of your opponent's Cookies attacks, you can redirect the attack to this Cookie.)
【Once Per Turn】 This Cookie receives -1 attack damage from LV.1 Cookies.
<{B}{B}{N}> Set Sail! deals 2 Then, if there are 5 cards or less in your hand, draw up to 2 cards from your deck.
<{B}{B}{N}> Set Sail!",,PROMOTION,
BS4-080,BS4,080,Captain Ice Cookie,BOOSTER PACK [Age of Heroes and Kingdoms],COOKIE,BLUE,BLUE MIX,2,4,,R,Icy Glare,"{bl} <Rest this card.> (When one of your opponent's Cookies attacks, you can redirect the attack to this Cookie.)
【Once Per Turn】 This Cookie receives -1 attack damage from LV.1 Cookies.",<{B}{B}{N}> Set Sail! deals 2,,0,0,0,BS4-080,0,"{bl} <Rest this card.> (When one of your opponent's Cookies attacks, you can redirect the attack to this Cookie.)
【Once Per Turn】 This Cookie receives -1 attack damage from LV.1 Cookies.
<{B}{B}{N}> Set Sail! deals 2",,RARE,
BS4-079,BS4,079,Abalone Cookie,BOOSTER PACK [Age of Heroes and Kingdoms],COOKIE,BLUE,BLUE MIX,3,5,,C,,,<{B}{B}{N}{N}> Raid Under the Eclipse deals 4,,0,0,0,BS4-079,0,<{B}{B}{N}{N}> Raid Under the Eclipse deals 4,,COMMON,
BS4-078,BS4,078,Squid Ink Cookie,BOOSTER PACK [Age of Heroes and Kingdoms],COOKIE,BLUE,BLUE MIX,2,2,,C,,,"<{N}{N}> *Sob, sob...* deals 3",,0,0,0,BS4-078,0,"<{N}{N}> *Sob, sob...* deals 3",,COMMON,
BS4-077@1,BS4,077@1,Sorbet Shark Cookie,BOOSTER PACK [Age of Heroes and Kingdoms],COOKIE,BLUE,BLUE,1,1,,SSR,Shark Splash,"【Activate】 <{B}> <Place this Cookie on the bottom of your deck.> If your hand contains 5 cards or less and there is a {B} Cookie in your battle area, draw up to 2 cards from your deck.",<{B}{B}> 0ooOoo! OooOoO! deals 1,,0,0,0,BS4-077,1,"【Activate】 <{B}> <Place this Cookie on the bottom of your deck.> If your hand contains 5 cards or less and there is a {B} Cookie in your battle area, draw up to 2 cards from your deck.
<{B}{B}> 0ooOoo! OooOoO! deals 1",,SECRET SUPER RARE,
BS4-077,BS4,077,Sorbet Shark Cookie,BOOSTER PACK [Age of Heroes and Kingdoms],COOKIE,BLUE,BLUE,1,1,,SR,Shark Splash,"【Activate】 <{B}> <Place this Cookie on the bottom of your deck.> If your hand contains 5 cards or less and there is a {B} Cookie in your battle area, draw up to 2 cards from your deck.",<{B}{B}> 0ooOoo! OooOoO! deals 1,,0,0,0,BS4-077,0,"【Activate】 <{B}> <Place this Cookie on the bottom of your deck.> If your hand contains 5 cards or less and there is a {B} Cookie in your battle area, draw up to 2 cards from your deck.
<{B}{B}> 0ooOoo! OooOoO! deals 1",,SUPER RARE,
BS4-076,BS4,076,Star Coral Cookie,BOOSTER PACK [Age of Heroes and Kingdoms],COOKIE,BLUE,BLUE,1,3,,C,,,"<{B}{B}> Lighthouse Inspection! deals 1
Then, if your hand contains 5 cards or less, draw up to 1 card from your deck.",,0,0,0,BS4-076,0,"<{B}{B}> Lighthouse Inspection! deals 1
Then, if your hand contains 5 cards or less, draw up to 1 card from your deck.",,COMMON,
BS4-075@2,BS4,075@2,Black Pearl Cookie,PROMOTION CARD,COOKIE,BLUE,BLUE,3,5,,P,Maelstrom of the Duskgloom Sea,"【Activate】 【Once Per Turn】 <{B}> <Select 1 LV.1 Cookie from your opponent's battle area or 1 stage from either player's stage area and place it on the bottom of the owner's deck.> During this turn, this Cookie gains +1 attack damage.","<{B}{B}{B}> Terror of the Abyss deals 2 
Then, <discard 2 cards.> Select up to 1 of your opponent's Cookies. That Cookie receives 2 damage.",,0,0,0,BS4-075,1,"【Activate】 【Once Per Turn】 <{B}> <Select 1 LV.1 Cookie from your opponent's battle area or 1 stage from either player's stage area and place it on the bottom of the owner's deck.> During this turn, this Cookie gains +1 attack damage.
<{B}{B}{B}> Terror of the Abyss deals 2 
Then, <discard 2 cards.> Select up to 1 of your opponent's Cookies. That Cookie receives 2 damage.",,PROMOTION,
BS4-075@1,BS4,075@1,Black Pearl Cookie,BOOSTER PACK [Age of Heroes and Kingdoms],COOKIE,BLUE,BLUE,3,5,,SUR,Maelstrom of the Duskgloom Sea,"【Activate】 【Once Per Turn】 <{B}> <Select 1 LV.1 Cookie from your opponent's battle area or 1 stage from either player's stage area and place it on the bottom of the owner's deck.> During this turn, this Cookie gains +1 attack damage.","<{B}{B}{B}> Terror of the Abyss deals 2
Then, <discard 2 cards.> Select up to 1 of your opponent's Cookies. That Cookie receives 2 damage.",,0,0,0,BS4-075,1,"【Activate】 【Once Per Turn】 <{B}> <Select 1 LV.1 Cookie from your opponent's battle area or 1 stage from either player's stage area and place it on the bottom of the owner's deck.> During this turn, this Cookie gains +1 attack damage.
<{B}{B}{B}> Terror of the Abyss deals 2
Then, <discard 2 cards.> Select up to 1 of your opponent's Cookies. That Cookie receives 2 damage.",,SECRET ULTRA RARE,
BS4-075,BS4,075,Black Pearl Cookie,BOOSTER PACK [Age of Heroes and Kingdoms],COOKIE,BLUE,BLUE,3,5,,UR,Maelstrom of the Duskgloom Sea,"【Activate】 【Once Per Turn】 <{B}> <Select 1 LV.1 Cookie from your opponent's battle area or 1 stage from either player's stage area and place it on the bottom of the owner's deck.> During this turn, this Cookie gains +1 attack damage.","<{B}{B}{B}> Terror of the Abyss deals 2
Then, <discard 2 cards.> Select up to 1 of your opponent's Cookies. That Cookie receives 2 damage.",,0,0,0,BS4-075,0,"【Activate】 【Once Per Turn】 <{B}> <Select 1 LV.1 Cookie from your opponent's battle area or 1 stage from either player's stage area and place it on the bottom of the owner's deck.> During this turn, this Cookie gains +1 attack damage.
<{B}{B}{B}> Terror of the Abyss deals 2
Then, <discard 2 cards.> Select up to 1 of your opponent's Cookies. That Cookie receives 2 damage.",,ULTRA RARE,
BS4-074@1,BS4,074@1,Peppermint Cookie,BOOSTER PACK [Age of Heroes and Kingdoms],COOKIE,BLUE,BLUE,2,3,,SEC,Freshness of the Sea,【Activate】 <{B}> <Discard your entire hand.> Draw up to 4 cards from your deck.,<{B}{B}> Do You Hear the Ocean? deals 2,,0,0,0,BS4-074,1,"【Activate】 <{B}> <Discard your entire hand.> Draw up to 4 cards from your deck.
<{B}{B}> Do You Hear the Ocean? deals 2",,SECRET RARE,
BS4-074,BS4,074,Peppermint Cookie,BOOSTER PACK [Age of Heroes and Kingdoms],COOKIE,BLUE,BLUE,2,3,,R,Freshness of the Sea,【Activate】 <{B}> <Discard your entire hand.> Draw up to 4 cards from your deck.,<{B}{B}> Do You Hear the Ocean? deals 2,,0,0,0,BS4-074,0,"【Activate】 <{B}> <Discard your entire hand.> Draw up to 4 cards from your deck.
<{B}{B}> Do You Hear the Ocean? deals 2",,RARE,
BS4-073@2,BS4,073@2,Sea Fairy Cookie,promotion card,COOKIE,BLUE,BLUE,3,5,,P,Maelstrom of the Duskgloom Sea,"【Activate】 【Once Per Turn】 <{B}> <Select 1 LV.1 Cookie from your opponent's battle area or 1 stage from either player's stage area and place it on the bottom of the owner's deck.> During this turn, this Cookie gains +1 attack damage.","<{B}{B}{B}> Terror of the Abyss deals 2
Then, <discard 2 cards.> Select up to 1 of your opponent's Cookies. That Cookie receives 2 damage.",,0,0,0,BS4-073,1,"【Activate】 【Once Per Turn】 <{B}> <Select 1 LV.1 Cookie from your opponent's battle area or 1 stage from either player's stage area and place it on the bottom of the owner's deck.> During this turn, this Cookie gains +1 attack damage.
<{B}{B}{B}> Terror of the Abyss deals 2
Then, <discard 2 cards.> Select up to 1 of your opponent's Cookies. That Cookie receives 2 damage.",,PROMOTION,
BS4-073@1,BS4,073@1,Sea Fairy Cookie,BOOSTER PACK [Age of Heroes and Kingdoms],COOKIE,BLUE,BLUE,3,5,,SUR,Soaring Compassion,【Activate】 <{B}> <Place 1 LV.2 or lower Cookie from your battle area on the bottom of your deck.> Deals 1 damage to all of your opponent's Cookies.,"<{B}{B}{B}> Tidal Wave deals 2
Then, <can be used as {B}.> If your hand contains 5 cards or more, deals 2 damage.",,0,0,0,BS4-073,1,"【Activate】 <{B}> <Place 1 LV.2 or lower Cookie from your battle area on the bottom of your deck.> Deals 1 damage to all of your opponent's Cookies.
<{B}{B}{B}> Tidal Wave deals 2
Then, <can be used as {B}.> If your hand contains 5 cards or more, deals 2 damage.",,SECRET ULTRA RARE,
BS4-073,BS4,073,Sea Fairy Cookie,BOOSTER PACK [Age of Heroes and Kingdoms],COOKIE,BLUE,BLUE,3,5,,UR,Soaring Compassion,【Activate】 <{B}> <Place 1 LV.2 or lower Cookie from your battle area on the bottom of your deck.> Deals 1 damage to all of your opponent's Cookies.,"<{B}{B}{B}> Tidal Wave deals 2
Then, <can be used as {B}.> If your hand contains 5 cards or more, deals 2 damage.",,0,0,0,BS4-073,0,"【Activate】 <{B}> <Place 1 LV.2 or lower Cookie from your battle area on the bottom of your deck.> Deals 1 damage to all of your opponent's Cookies.
<{B}{B}{B}> Tidal Wave deals 2
Then, <can be used as {B}.> If your hand contains 5 cards or more, deals 2 damage.",,ULTRA RARE,
BS4-072,BS4,072,Mystic Opal Cookie,BOOSTER PACK [Age of Heroes and Kingdoms],FLIP,BLUE,BLUE,1,1,,C,,,<{B}> Waves of Destiny deals 1,View 3 cards from the top of your deck; return them to the top of your deck in any order.,0,0,0,BS4-072,0,"<{B}> Waves of Destiny deals 1
View 3 cards from the top of your deck; return them to the top of your deck in any order.",,COMMON,
BS4-071,BS4,071,Mocha Ray Cookie,BOOSTER PACK [Age of Heroes and Kingdoms],COOKIE,BLUE,BLUE,2,4,,U,Electric Barrier,【Activate】 【Once Per Turn】 <Discard 2 cards.> Select up to 2 of your opponent's Cookies. Those Cookies receive 1 damage each.,<{B}{B}{B}> Guardian's Resolve deals 2,,0,0,0,BS4-071,0,"【Activate】 【Once Per Turn】 <Discard 2 cards.> Select up to 2 of your opponent's Cookies. Those Cookies receive 1 damage each.
<{B}{B}{B}> Guardian's Resolve deals 2",,UNCOMMON,
BS4-070,BS4,070,Lord Oyster,BOOSTER PACK [Age of Heroes and Kingdoms],COOKIE,BLUE,BLUE,1,2,,C,Broken Promise,"When this Cookie faints, <discard 2 cards.> Draw up to 3 cards from your deck.",<{B}> For Family deals 1,,0,0,0,BS4-070,0,"When this Cookie faints, <discard 2 cards.> Draw up to 3 cards from your deck.
<{B}> For Family deals 1",,COMMON,
BS4-069,BS4,069,Lobster Cookie,BOOSTER PACK [Age of Heroes and Kingdoms],COOKIE,BLUE,BLUE,2,1,,C,,,"<{B}{B}> Claw Charge deals 2
Then, your opponent must place 1 card from their hand on the bottom of their deck.",,0,0,0,BS4-069,0,"<{B}{B}> Claw Charge deals 2
Then, your opponent must place 1 card from their hand on the bottom of their deck.",,COMMON,
BS4-068,BS4,068,Aquamarine Cookie,BOOSTER PACK [Age of Heroes and Kingdoms],FLIP,BLUE,BLUE,2,2,,C,,,<{B}{B}> Gentle Smile deals 2,Draw up to 1 card from your deck.,0,0,0,BS4-068,0,"<{B}{B}> Gentle Smile deals 2
Draw up to 1 card from your deck.",,COMMON,
BS4-067,BS4,067,Gold Citrine Cookie,BOOSTER PACK [Age of Heroes and Kingdoms],FLIP,BLUE,BLUE,3,3,,C,,,<{B}{B}{B}> Golden Waves deals 3,<Discard 1 card.> The Cookie with this card attached for HP gains +1 HP.,0,0,0,BS4-067,0,"<{B}{B}{B}> Golden Waves deals 3
<Discard 1 card.> The Cookie with this card attached for HP gains +1 HP.",,COMMON,
BS4-066,BS4,066,Dessert Paradise,BOOSTER PACK [Age of Heroes and Kingdoms],STAGE,GREEN,GREEN,,,,U,,<{G}{G}> Place in your stage area.,【Activate】 <{G}{G}{G}> <Rest this card.> Select up to 1 of your Cookies. Place up to 1 {G} card from your support area to the top of that Cookie's HP.,,0,0,0,BS4-066,0,"<{G}{G}> Place in your stage area.
【Activate】 <{G}{G}{G}> <Rest this card.> Select up to 1 of your Cookies. Place up to 1 {G} card from your support area to the top of that Cookie's HP.",,UNCOMMON,
BS4-065,BS4,065,Spring Festival,BOOSTER PACK [Age of Heroes and Kingdoms],TRAP,GREEN,GREEN,,,,U,,,"<{G}{G}{G}> Select up to 1 of your opponent's Cookies. During this turn, that Cookie deals -1 attack damage. Then, place up to 1 card from the top of your deck into your support area as rested.",,0,0,0,BS4-065,0,"<{G}{G}{G}> Select up to 1 of your opponent's Cookies. During this turn, that Cookie deals -1 attack damage. Then, place up to 1 card from the top of your deck into your support area as rested.",,UNCOMMON,
BS4-064,BS4,064,Night Raven's Arrow,BOOSTER PACK [Age of Heroes and Kingdoms],TRAP,GREEN,GREEN,,,,U,,,"<{G}{G}> Select up to 1 of your opponent's Cookies. During this turn, that Cookie deals -1 attack damage. Then, if your support area contains 8 {G} cards or more, place up to 1 {G} Cookie from your trash into your support area as rested.",,0,0,0,BS4-064,0,"<{G}{G}> Select up to 1 of your opponent's Cookies. During this turn, that Cookie deals -1 attack damage. Then, if your support area contains 8 {G} cards or more, place up to 1 {G} Cookie from your trash into your support area as rested.",,UNCOMMON,
BS4-063,BS4,063,Swan Feather Dreamcatcher,BOOSTER PACK [Age of Heroes and Kingdoms],ITEM,GREEN,GREEN,,,,U,,,"<{G}{G}{G}> Place up to 2 cards from the top of your deck into your support area as rested. Then, place 1 card from your support area into the trash.",,0,0,0,BS4-063,0,"<{G}{G}{G}> Place up to 2 cards from the top of your deck into your support area as rested. Then, place 1 card from your support area into the trash.",,UNCOMMON,
BS4-062@1,BS4,062@1,Wind Gems,BOOSTER PACK [Age of Heroes and Kingdoms],ITEM,GREEN,GREEN,,,,SSR,,,"<{G}{G}> Set up to 4 {G} cards in your support area as rested. Then, select up to 1 of your opponent's Cookies. That Cookie receives damage equal to the number of cards rested by this card.",,0,0,0,BS4-062,1,"<{G}{G}> Set up to 4 {G} cards in your support area as rested. Then, select up to 1 of your opponent's Cookies. That Cookie receives damage equal to the number of cards rested by this card.",,SECRET SUPER RARE,
BS4-062,BS4,062,Wind Gems,BOOSTER PACK [Age of Heroes and Kingdoms],ITEM,GREEN,GREEN,,,,SR,,,"<{G}{G}> Set up to 4 {G} cards in your support area as rested. Then, select up to 1 of your opponent's Cookies. That Cookie receives damage equal to the number of cards rested by this card.",,0,0,0,BS4-062,0,"<{G}{G}> Set up to 4 {G} cards in your support area as rested. Then, select up to 1 of your opponent's Cookies. That Cookie receives damage equal to the number of cards rested by this card.",,SUPER RARE,
BS4-061@1,BS4,061@1,Herb Cookie,BOOSTER PACK [Age of Heroes and Kingdoms],COOKIE,GREEN,GREEN,2,4,,SSR,,,"<{G}{G}{G}> Nature's Beauty deals 3
Then, if your support area contains 7 cards or more, set up to 1 card in your support area as active.",,0,0,0,BS4-061,1,"<{G}{G}{G}> Nature's Beauty deals 3
Then, if your support area contains 7 cards or more, set up to 1 card in your support area as active.",,SECRET SUPER RARE,
BS4-061,BS4,061,Herb Cookie,BOOSTER PACK [Age of Heroes and Kingdoms],COOKIE,GREEN,GREEN,2,4,,SR,,,"<{G}{G}{G}> Nature's Beauty deals 3
Then, if your support area contains 7 cards or more, set up to 1 card in your support area as active.",,0,0,0,BS4-061,0,"<{G}{G}{G}> Nature's Beauty deals 3
Then, if your support area contains 7 cards or more, set up to 1 card in your support area as active.",,SUPER RARE,
BS4-060,BS4,060,Adventurer Cookie,BOOSTER PACK [Age of Heroes and Kingdoms],COOKIE,GREEN,GREEN MIX,1,3,,C,,,<{N}{N}> New Worlds to Explore! deals 1,,0,0,0,BS4-060,0,<{N}{N}> New Worlds to Explore! deals 1,,COMMON,
BS4-059@1,BS4,059@1,Cookiemals,BOOSTER PACK [Age of Heroes and Kingdoms],COOKIE,GREEN,GREEN,1,1,,SSR,"Rumble, Tumble, Soar!","【Activate】 【Once Per Turn】 <{G}> If your support area contains 3 cards or less, draw up to 2 cards from your deck.",<{G}{G}> *Rawr!* Were You Scared? deals 1,,0,0,0,BS4-059,1,"【Activate】 【Once Per Turn】 <{G}> If your support area contains 3 cards or less, draw up to 2 cards from your deck.
<{G}{G}> *Rawr!* Were You Scared? deals 1",,SECRET SUPER RARE,
BS4-059,BS4,059,Cookiemals,BOOSTER PACK [Age of Heroes and Kingdoms],COOKIE,GREEN,GREEN,1,1,,SR,"Rumble, Tumble, Soar!","【Activate】 【Once Per Turn】 <{G}> If your support area contains 3 cards or less, draw up to 2 cards from your deck.",<{G}{G}> *Rawr!* Were You Scared? deals 1,,0,0,0,BS4-059,0,"【Activate】 【Once Per Turn】 <{G}> If your support area contains 3 cards or less, draw up to 2 cards from your deck.
<{G}{G}> *Rawr!* Were You Scared? deals 1",,SUPER RARE,
BS4-058@1,BS4,058@1,Lilybell Cookie,BOOSTER PACK [Age of Heroes and Kingdoms],COOKIE,GREEN,GREEN,2,3,,SEC,Blossoming Lyre,【Activate】 【Once Per Turn】 <{G}{G}> Select up to 1 of your {G} Cookies from your support area and play them.,<{G}{G}> Victory Serenade deals 2,,0,0,0,BS4-058,1,"【Activate】 【Once Per Turn】 <{G}{G}> Select up to 1 of your {G} Cookies from your support area and play them.
<{G}{G}> Victory Serenade deals 2",,SECRET RARE,
BS4-058,BS4,058,Lilybell Cookie,BOOSTER PACK [Age of Heroes and Kingdoms],COOKIE,GREEN,GREEN,2,3,,R,Blossoming Lyre,【Activate】 【Once Per Turn】 <{G}{G}> Select up to 1 of your {G} Cookies from your support area and play them.,<{G}{G}> Victory Serenade deals 2,,0,0,0,BS4-058,0,"【Activate】 【Once Per Turn】 <{G}{G}> Select up to 1 of your {G} Cookies from your support area and play them.
<{G}{G}> Victory Serenade deals 2",,RARE,
BS4-057@2,BS4,057@2,Jelly Froggy,BOOSTER PACK [Age of Heroes and Kingdoms],FLIP,GREEN,GREEN,1,1,,C,,,<{G}> *Ribbit* deals 1,"If your break area is LV.6 or higher, you can place this card in your support area as rested.",0,0,0,BS4-057,1,"<{G}> *Ribbit* deals 1
If your break area is LV.6 or higher, you can place this card in your support area as rested.",,COMMON,
BS4-057@1,BS4,057@1,Jelly Froggy,BOOSTER PACK [Age of Heroes and Kingdoms],FLIP,GREEN,GREEN,1,1,,C,,,<{G}> *Ribbit* deals 1,"If your break area is LV.6 or higher, you can place this card in your support area as rested.",0,0,0,BS4-057,1,"<{G}> *Ribbit* deals 1
If your break area is LV.6 or higher, you can place this card in your support area as rested.",,COMMON,
BS4-057,BS4,057,Jelly Froggy,BOOSTER PACK [Age of Heroes and Kingdoms],FLIP,GREEN,GREEN,1,1,,C,,,<{G}> *Ribbit* deals 1,"If your break area is LV.6 or higher, you can place this card in your support area as rested.",0,0,0,BS4-057,0,"<{G}> *Ribbit* deals 1
If your break area is LV.6 or higher, you can place this card in your support area as rested.",,COMMON,
BS4-056,BS4,056,Tiger Lily Cookie,BOOSTER PACK [Age of Heroes and Kingdoms],FLIP,GREEN,GREEN,3,3,,C,,,<{G}{G}{G}> Grrr...! deals 3,Draw up to 1 card from your deck.,0,0,0,BS4-056,0,"<{G}{G}{G}> Grrr...! deals 3
Draw up to 1 card from your deck.",,COMMON,
BS4-055,BS4,055,Alchemist Cookie,BOOSTER PACK [Age of Heroes and Kingdoms],COOKIE,GREEN,GREEN,2,3,,U,Rookie Mistake,"When this Cookie faints, <can be used as {G}.> Place up to 1 card from the top of your deck in your support area as rested.",<{G}> New Formula deals 1,,0,0,0,BS4-055,0,"When this Cookie faints, <can be used as {G}.> Place up to 1 card from the top of your deck in your support area as rested.
<{G}> New Formula deals 1",,UNCOMMON,
BS4-054,BS4,054,Avocado Cookie,BOOSTER PACK [Age of Heroes and Kingdoms],COOKIE,GREEN,GREEN,3,5,,C,,,"<{G}{G}{G}{G}> Blacksmith Incoming! deals 3
Then, if your support area contains 5 cards or more, deals 1 damage.",,0,0,0,BS4-054,0,"<{G}{G}{G}{G}> Blacksmith Incoming! deals 3
Then, if your support area contains 5 cards or more, deals 1 damage.",,COMMON,
BS4-053@4,BS4,053@4,Sugar Swan Cookie,2025 NA Brave League S2,COOKIE,GREEN,GREEN,3,5,,P,Breath of Life,【On Play】 <{G}{G}> Select up to 1 of your {G} LV.2 or lower Cookies in your battle area. Place that Cookie in your support area as active.,"<{G}{G}{G}> Shining Wings deals 3
Then, <can be used as {G}.> If your support area contains 7 cards or more, select up to 1 of your opponent's Cookies. That Cookie receives 1 damage.",,0,0,0,BS4-053,1,"【On Play】 <{G}{G}> Select up to 1 of your {G} LV.2 or lower Cookies in your battle area. Place that Cookie in your support area as active.
<{G}{G}{G}> Shining Wings deals 3
Then, <can be used as {G}.> If your support area contains 7 cards or more, select up to 1 of your opponent's Cookies. That Cookie receives 1 damage.",,PROMOTION,
BS4-053@3,BS4,053@3,Sugar Swan Cookie,2025 NA Brave League S2,COOKIE,GREEN,GREEN,3,5,,P,Breath of Life,【On Play】 <{G}{G}> Select up to 1 of your {G} LV.2 or lower Cookies in your battle area. Place that Cookie in your support area as active.,"<{G}{G}{G}> Shining Wings deals 3
Then, <can be used as {G}.> If your support area contains 7 cards or more, select up to 1 of your opponent's Cookies. That Cookie receives 1 damage.",,0,0,0,BS4-053,1,"【On Play】 <{G}{G}> Select up to 1 of your {G} LV.2 or lower Cookies in your battle area. Place that Cookie in your support area as active.
<{G}{G}{G}> Shining Wings deals 3
Then, <can be used as {G}.> If your support area contains 7 cards or more, select up to 1 of your opponent's Cookies. That Cookie receives 1 damage.",,PROMOTION,
BS4-053@2,BS4,053@2,Sugar Swan Cookie,2025 NA Brave League S2,COOKIE,GREEN,GREEN,3,5,,P,Breath of Life,【On Play】 <{G}{G}> Select up to 1 of your {G} LV.2 or lower Cookies in your battle area. Place that Cookie in your support area as active.,"<{G}{G}{G}> Shining Wings deals 3
Then, <can be used as {G}.> If your support area contains 7 cards or more, select up to 1 of your opponent's Cookies. That Cookie receives 1 damage.",,0,0,0,BS4-053,1,"【On Play】 <{G}{G}> Select up to 1 of your {G} LV.2 or lower Cookies in your battle area. Place that Cookie in your support area as active.
<{G}{G}{G}> Shining Wings deals 3
Then, <can be used as {G}.> If your support area contains 7 cards or more, select up to 1 of your opponent's Cookies. That Cookie receives 1 damage.",,PROMOTION,
BS4-053@1,BS4,053@1,Sugar Swan Cookie,BOOSTER PACK [Age of Heroes and Kingdoms],COOKIE,GREEN,GREEN,3,5,,SUR,Breath of Life,【Activate】 <{G}{G}> Select up to 1 of your {G} LV.2 or lower Cookies in your battle area. Place that Cookie in your support area as active.,"<{G}{G}{G}> Shining Wings deals 3
Then, <can be used as {G}.> If your support area contains 7 cards or more, select up to 1 of your opponent's Cookies. That Cookie receives 1 damage.",,0,0,0,BS4-053,1,"【Activate】 <{G}{G}> Select up to 1 of your {G} LV.2 or lower Cookies in your battle area. Place that Cookie in your support area as active.
<{G}{G}{G}> Shining Wings deals 3
Then, <can be used as {G}.> If your support area contains 7 cards or more, select up to 1 of your opponent's Cookies. That Cookie receives 1 damage.",,SECRET ULTRA RARE,
BS4-053,BS4,053,Sugar Swan Cookie,BOOSTER PACK [Age of Heroes and Kingdoms],COOKIE,GREEN,GREEN,3,5,,UR,Breath of Life,【Activate】 <{G}{G}> Select up to 1 of your {G} LV.2 or lower Cookies in your battle area. Place that Cookie in your support area as active.,"<{G}{G}{G}> Shining Wings deals 3
Then, <can be used as {G}.> If your support area contains 7 cards or more, select up to 1 of your opponent's Cookies. That Cookie receives 1 damage.",,0,0,0,BS4-053,0,"【Activate】 <{G}{G}> Select up to 1 of your {G} LV.2 or lower Cookies in your battle area. Place that Cookie in your support area as active.
<{G}{G}{G}> Shining Wings deals 3
Then, <can be used as {G}.> If your support area contains 7 cards or more, select up to 1 of your opponent's Cookies. That Cookie receives 1 damage.",,ULTRA RARE,
BS4-052,BS4,052,Shine Muscat Cookie,BOOSTER PACK [Age of Heroes and Kingdoms],COOKIE,GREEN,GREEN,2,2,,U,New Persona,"When your turn ends, if your support area contains 5 {G} cards or more, select up to 1 of your opponent's Cookies. That Cookie receives 1 damage.",<{G}{G}> Actor's Dilemma deals 2,,0,0,0,BS4-052,0,"When your turn ends, if your support area contains 5 {G} cards or more, select up to 1 of your opponent's Cookies. That Cookie receives 1 damage.
<{G}{G}> Actor's Dilemma deals 2",,UNCOMMON,
BS4-051,BS4,051,Beet Cookie,BOOSTER PACK [Age of Heroes and Kingdoms],COOKIE,GREEN,GREEN MIX,2,3,,C,Hunter's Bolt,【Activate】 【Once Per Turn】 <Place 1 card from your support area into the trash.> Set this Cookie as active.,<{G}{G}{N}> Deadly Aim deals 2,,0,0,0,BS4-051,0,"【Activate】 【Once Per Turn】 <Place 1 card from your support area into the trash.> Set this Cookie as active.
<{G}{G}{N}> Deadly Aim deals 2",,COMMON,
BS4-050,BS4,050,Biscuit Giraffe,BOOSTER PACK [Age of Heroes and Kingdoms],FLIP,GREEN,GREEN,1,1,,C,,,<{G}> *Hop!* deals 1,<Discard 1 card.> The Cookie with this card attached for HP gains +1 HP.,0,0,0,BS4-050,0,"<{G}> *Hop!* deals 1
<Discard 1 card.> The Cookie with this card attached for HP gains +1 HP.",,COMMON,
BS4-049@2,BS4,049@2,Wind Archer Cookie,promotion card,COOKIE,GREEN,GREEN,3,5,,P,Razor Gale,【On Play】 Select up to 1 of your opponent's Cookies from their battle area. Place that Cookie in your opponent's support area as rested.,"<{G}{G}{G}> Cleansing Arrow deals 3
Then, <can be used as {G}.> If your opponent's support area contains 7 cards or more, select up to 1 of your opponent's Cookies. That Cookie receives 2 damage.",,0,0,0,BS4-049,1,"【On Play】 Select up to 1 of your opponent's Cookies from their battle area. Place that Cookie in your opponent's support area as rested.
<{G}{G}{G}> Cleansing Arrow deals 3
Then, <can be used as {G}.> If your opponent's support area contains 7 cards or more, select up to 1 of your opponent's Cookies. That Cookie receives 2 damage.",,PROMOTION,
BS4-049@1,BS4,049@1,Wind Archer Cookie,BOOSTER PACK [Age of Heroes and Kingdoms],COOKIE,GREEN,GREEN,3,5,,SUR,Razor Gale,【Activate】 Select up to 1 of your opponent's Cookies from their battle area. Place that Cookie in your opponent's support area as rested.,"<{G}{G}{G}> Cleansing Arrow deals 3
Then, <can be used as {G}.> If your opponent's support area contains 7 cards or more, select up to 1 of your opponent's Cookies. That Cookie receives 2 damage.",,0,0,0,BS4-049,1,"【Activate】 Select up to 1 of your opponent's Cookies from their battle area. Place that Cookie in your opponent's support area as rested.
<{G}{G}{G}> Cleansing Arrow deals 3
Then, <can be used as {G}.> If your opponent's support area contains 7 cards or more, select up to 1 of your opponent's Cookies. That Cookie receives 2 damage.",,SECRET ULTRA RARE,
BS4-049,BS4,049,Wind Archer Cookie,BOOSTER PACK [Age of Heroes and Kingdoms],COOKIE,GREEN,GREEN,3,5,,UR,Razor Gale,【Activate】 Select up to 1 of your opponent's Cookies from their battle area. Place that Cookie in your opponent's support area as rested.,"<{G}{G}{G}> Cleansing Arrow deals 3
Then, <can be used as {G}.> If your opponent's support area contains 7 cards or more, select up to 1 of your opponent's Cookies. That Cookie receives 2 damage.",,0,0,0,BS4-049,0,"【Activate】 Select up to 1 of your opponent's Cookies from their battle area. Place that Cookie in your opponent's support area as rested.
<{G}{G}{G}> Cleansing Arrow deals 3
Then, <can be used as {G}.> If your opponent's support area contains 7 cards or more, select up to 1 of your opponent's Cookies. That Cookie receives 2 damage.",,ULTRA RARE,
BS4-048,BS4,048,Mint Choco Cookie,BOOSTER PACK [Age of Heroes and Kingdoms],COOKIE,GREEN,GREEN MIX,1,3,,C,Battlefield Symphony,"When your turn ends, if your support area contains 7 {G} cards or more, set up to 1 card in your support area as active.",<{G}{N}> Pièce de Résistance deals 1,,0,0,0,BS4-048,0,"When your turn ends, if your support area contains 7 {G} cards or more, set up to 1 card in your support area as active.
<{G}{N}> Pièce de Résistance deals 1",,COMMON,
BS4-047@1,BS4,047@1,Blue Lily Cookie,BOOSTER PACK [Age of Heroes and Kingdoms],COOKIE,GREEN,GREEN,2,4,,SEC,Grass Village Guardian,"{bl} <Rest this card.> (When one of your opponent's Cookies attacks, you can redirect the attack to this Cookie.)
【Once Per Turn】 This Cookie receives -1 attack damage from LV.1 Cookies.",<{G}{G}{N}> Mole Evictor deals 2,,0,0,0,BS4-047,1,"{bl} <Rest this card.> (When one of your opponent's Cookies attacks, you can redirect the attack to this Cookie.)
【Once Per Turn】 This Cookie receives -1 attack damage from LV.1 Cookies.
<{G}{G}{N}> Mole Evictor deals 2",,SECRET RARE,
BS4-047,BS4,047,Blue Lily Cookie,BOOSTER PACK [Age of Heroes and Kingdoms],COOKIE,GREEN,GREEN,2,4,,R,Grass Village Guardian,"{bl} <Rest this card.> (When one of your opponent's Cookies attacks, you can redirect the attack to this Cookie.)
【Once Per Turn】 This Cookie receives -1 attack damage from LV.1 Cookies.",<{G}{G}{N}> Mole Evictor deals 2,,0,0,0,BS4-047,0,"{bl} <Rest this card.> (When one of your opponent's Cookies attacks, you can redirect the attack to this Cookie.)
【Once Per Turn】 This Cookie receives -1 attack damage from LV.1 Cookies.
<{G}{G}{N}> Mole Evictor deals 2",,RARE,
BS4-046,BS4,046,Princess Cookie,BOOSTER PACK [Age of Heroes and Kingdoms],COOKIE,GREEN,GREEN,1,2,,C,Trust Your Princess!,"【Activate】 During this turn, if your support area contains 3 {G} cards or less, this Cookie gains +1 attack damage.",<{G}> Royal Swing deals 1,,0,0,0,BS4-046,0,"【Activate】 During this turn, if your support area contains 3 {G} cards or less, this Cookie gains +1 attack damage.
<{G}> Royal Swing deals 1",,COMMON,
BS4-045@1,BS4,045@1,Tangerine Tanghulu Cookie,PROMOTION CARD,FLIP,GREEN,GREEN,1,3,,P,,,<{G}{G}{N}{N}> Scrub-A-Dub! deals 1,<{G}{G}{N}{N}> Scrub-A-Dub!,0,0,0,BS4-045,1,"<{G}{G}{N}{N}> Scrub-A-Dub! deals 1
<{G}{G}{N}{N}> Scrub-A-Dub!",,PROMOTION,
BS4-045,BS4,045,Tangerine Tanghulu Cookie,BOOSTER PACK [Age of Heroes and Kingdoms],COOKIE,GREEN,GREEN MIX,2,5,,C,,,<{G}{G}{N}{N}> Scrub-A-Dub! deals 3,,0,0,0,BS4-045,0,<{G}{G}{N}{N}> Scrub-A-Dub! deals 3,,COMMON,
BS4-044,BS4,044,Millennial Temple,BOOSTER PACK [Age of Heroes and Kingdoms],STAGE,YELLOW,YELLOW,,,,U,,<{Y}{Y}> Place in your stage area.,【Activate】 <{Y}{Y}> <Rest this card.> <Discard 1 card.> Select up to 1 of your Cookies. Place up to 1 card from your hand to the top of that Cookie's HP.,,0,0,0,BS4-044,0,"<{Y}{Y}> Place in your stage area.
【Activate】 <{Y}{Y}> <Rest this card.> <Discard 1 card.> Select up to 1 of your Cookies. Place up to 1 card from your hand to the top of that Cookie's HP.",,UNCOMMON,
BS4-043,BS4,043,Heaven-Splitting Lightning,BOOSTER PACK [Age of Heroes and Kingdoms],TRAP,YELLOW,YELLOW,,,,U,,,"<{Y}{Y}{Y}> <Discard 1 card.> Select up to 1 of your opponent's Cookies. If your break area's LV. is higher than your opponent's break area LV., that Cookie receives damage equal to the difference in LV.",,0,0,0,BS4-043,0,"<{Y}{Y}{Y}> <Discard 1 card.> Select up to 1 of your opponent's Cookies. If your break area's LV. is higher than your opponent's break area LV., that Cookie receives damage equal to the difference in LV.",,UNCOMMON,
BS4-042@2,BS4,042@2,Millennial Jade Deer,PROMOTION CARD,FLIP,,Yellow,,,,P,,,"<{Y}{Y}> Select up to 1 of your opponent's Cookies. During this turn, that Cookie deals -1 attack damage. Then, select up to 1 of your Cookies. That Cookie gains +1 HP.",,0,0,0,BS4-042,1,"<{Y}{Y}> Select up to 1 of your opponent's Cookies. During this turn, that Cookie deals -1 attack damage. Then, select up to 1 of your Cookies. That Cookie gains +1 HP.",,PROMOTION,
BS4-042,BS4,042,Millennial Jade Deer,BOOSTER PACK [Age of Heroes and Kingdoms],TRAP,YELLOW,YELLOW,,,,U,,,"<{Y}{Y}> Select up to 1 of your opponent's Cookies. During this turn, that Cookie deals -1 attack damage. Then, select up to 1 of your Cookies. That Cookie gains +1 HP.",,0,0,0,BS4-042,0,"<{Y}{Y}> Select up to 1 of your opponent's Cookies. During this turn, that Cookie deals -1 attack damage. Then, select up to 1 of your Cookies. That Cookie gains +1 HP.",,UNCOMMON,
BS4-041,BS4,041,Millennial Twig,BOOSTER PACK [Age of Heroes and Kingdoms],ITEM,YELLOW,YELLOW,,,,U,,,<{Y}{Y}> Select up to 1 of your Cookies. That Cookie gains +1 HP for each {Y} LV.3 Cookie in your break area.,,0,0,0,BS4-041,0,<{Y}{Y}> Select up to 1 of your Cookies. That Cookie gains +1 HP for each {Y} LV.3 Cookie in your break area.,,UNCOMMON,
BS4-040@1,BS4,040@1,Essence of Rejuvenation,BOOSTER PACK [Age of Heroes and Kingdoms],ITEM,YELLOW,YELLOW,,,,SSR,,,<{Y}{Y}> <Place 1 {Y} LV.2 or higher Cookie from your battle area into your break area.> Select up to 1 of your other {Y} LV.3 Cookies in your break area and play them.,,0,0,0,BS4-040,1,<{Y}{Y}> <Place 1 {Y} LV.2 or higher Cookie from your battle area into your break area.> Select up to 1 of your other {Y} LV.3 Cookies in your break area and play them.,,SECRET SUPER RARE,
BS4-040,BS4,040,Essence of Rejuvenation,BOOSTER PACK [Age of Heroes and Kingdoms],ITEM,YELLOW,YELLOW,,,,SR,,,<{Y}{Y}> <Place 1 {Y} LV.2 or higher Cookie from your battle area into your break area.> Select up to 1 of your other {Y} LV.3 Cookies in your break area and play them.,,0,0,0,BS4-040,0,<{Y}{Y}> <Place 1 {Y} LV.2 or higher Cookie from your battle area into your break area.> Select up to 1 of your other {Y} LV.3 Cookies in your break area and play them.,,SUPER RARE,
BS4-039@1,BS4,039@1,Churro Cookie,BOOSTER PACK [Age of Heroes and Kingdoms],COOKIE,YELLOW,YELLOW,2,5,,SSR,,,"<{Y}{Y}{Y}> Churro Pillar deals 2
Then, if this Cookie's remaining HP is 2 or more, select up to 1 of your opponent's LV.1 Cookies. That Cookie receives 2 damage.",,0,0,0,BS4-039,1,"<{Y}{Y}{Y}> Churro Pillar deals 2
Then, if this Cookie's remaining HP is 2 or more, select up to 1 of your opponent's LV.1 Cookies. That Cookie receives 2 damage.",,SECRET SUPER RARE,
BS4-039,BS4,039,Churro Cookie,BOOSTER PACK [Age of Heroes and Kingdoms],COOKIE,YELLOW,YELLOW,2,5,,SR,,,"<{Y}{Y}{Y}> Churro Pillar deals 2
Then, if this Cookie's remaining HP is 2 or more, select up to 1 of your opponent's LV.1 Cookies. That Cookie receives 2 damage.",,0,0,0,BS4-039,0,"<{Y}{Y}{Y}> Churro Pillar deals 2
Then, if this Cookie's remaining HP is 2 or more, select up to 1 of your opponent's LV.1 Cookies. That Cookie receives 2 damage.",,SUPER RARE,
BS4-038@2,BS4,038@2,Millennial Tree Cookie,promotion card,COOKIE,YELLOW,YELLOW,3,5,,P,Magic of Earth and Time,【On Play】 <{Y}> Select up to 1 {Y} LV.2 or lower Cookie from your break area and play them.,"<{Y}{Y}{Y}> Sacred Roots deals 3
Then, if there is another {Y} Cookie in your battle area, select up to 1 of your opponent's Cookies. That Cookie receives 1 damage.",,0,0,0,BS4-038,1,"【On Play】 <{Y}> Select up to 1 {Y} LV.2 or lower Cookie from your break area and play them.
<{Y}{Y}{Y}> Sacred Roots deals 3
Then, if there is another {Y} Cookie in your battle area, select up to 1 of your opponent's Cookies. That Cookie receives 1 damage.",,PROMOTION,
BS4-038@1,BS4,038@1,Millennial Tree Cookie,BOOSTER PACK [Age of Heroes and Kingdoms],COOKIE,YELLOW,YELLOW,3,5,,SUR,Magic of Earth and Time,【Activate】 <{Y}> Select up to 1 {Y} LV.2 or lower Cookie from your break area and play them.,"<{Y}{Y}{Y}> Sacred Roots deals 3
Then, if there is another {Y} Cookie in your battle area, select up to 1 of your opponent's Cookies. That Cookie receives 1 damage.",,0,0,0,BS4-038,1,"【Activate】 <{Y}> Select up to 1 {Y} LV.2 or lower Cookie from your break area and play them.
<{Y}{Y}{Y}> Sacred Roots deals 3
Then, if there is another {Y} Cookie in your battle area, select up to 1 of your opponent's Cookies. That Cookie receives 1 damage.",,SECRET ULTRA RARE,
BS4-038,BS4,038,Millennial Tree Cookie,BOOSTER PACK [Age of Heroes and Kingdoms],COOKIE,YELLOW,YELLOW,3,5,,UR,Magic of Earth and Time,【Activate】 <{Y}> Select up to 1 {Y} LV.2 or lower Cookie from your break area and play them.,"<{Y}{Y}{Y}> Sacred Roots deals 3
Then, if there is another {Y} Cookie in your battle area, select up to 1 of your opponent's Cookies. That Cookie receives 1 damage.",,0,0,0,BS4-038,0,"【Activate】 <{Y}> Select up to 1 {Y} LV.2 or lower Cookie from your break area and play them.
<{Y}{Y}{Y}> Sacred Roots deals 3
Then, if there is another {Y} Cookie in your battle area, select up to 1 of your opponent's Cookies. That Cookie receives 1 damage.",,ULTRA RARE,
BS4-037,BS4,037,Rebel Cookie,BOOSTER PACK [Age of Heroes and Kingdoms],COOKIE,YELLOW,YELLOW MIX,2,4,,C,,,"<{N}{N}{N}> Here, There, Everywhere! deals 3",,0,0,0,BS4-037,0,"<{N}{N}{N}> Here, There, Everywhere! deals 3",,COMMON,
BS4-036,BS4,036,GingerBrave,BOOSTER PACK [Age of Heroes and Kingdoms],FLIP,YELLOW,YELLOW,3,3,,C,,,<{Y}{Y}{Y}> Brave Steps Forward! deals 3,<Discard 1 card.> The Cookie with this card attached for HP gains +1 HP.,0,0,0,BS4-036,0,"<{Y}{Y}{Y}> Brave Steps Forward! deals 3
<Discard 1 card.> The Cookie with this card attached for HP gains +1 HP.",,COMMON,
BS4-035,BS4,035,Okchun Cookie,BOOSTER PACK [Age of Heroes and Kingdoms],COOKIE,YELLOW,YELLOW,2,3,,U,Okchun Candy Party,"When this Cookie faints, <can be used as {Y}.> Select up to 1 {Y} LV.1 Cookie from your break area and play them.",<{Y}> Resilient Okchun Candy deals 1,,0,0,0,BS4-035,0,"When this Cookie faints, <can be used as {Y}.> Select up to 1 {Y} LV.1 Cookie from your break area and play them.
<{Y}> Resilient Okchun Candy deals 1",,UNCOMMON,
BS4-034,BS4,034,Street Urchin Cookie,BOOSTER PACK [Age of Heroes and Kingdoms],COOKIE,YELLOW,YELLOW MIX,3,5,,C,,,<{Y}{Y}{N}{N}> Ride or Crumble deals 4,,0,0,0,BS4-034,0,<{Y}{Y}{N}{N}> Ride or Crumble deals 4,,COMMON,
BS4-033,BS4,033,Caramel Choux Cookie,BOOSTER PACK [Age of Heroes and Kingdoms],COOKIE,YELLOW,YELLOW,2,4,,C,I've Got Choux,"【Activate】 <{Y}> If your break area is LV.5 or higher, select up to 1 of your Cookies. That Cookie gains +1 HP.",<{Y}{Y}{Y}> Handling Complaints deals 2,,0,0,0,BS4-033,0,"【Activate】 <{Y}> If your break area is LV.5 or higher, select up to 1 of your Cookies. That Cookie gains +1 HP.
<{Y}{Y}{Y}> Handling Complaints deals 2",,COMMON,
BS4-032@1,BS4,032@1,Cream Ferret Cookie,PROMOTION CARD,FLIP,YELLOW,YELLOW,2,3,,P,,,<{Y}{Y}> Creamcraft Magic! deals 1,<{Y}{Y}> Creamcraft Magic!,0,0,0,BS4-032,1,"<{Y}{Y}> Creamcraft Magic! deals 1
<{Y}{Y}> Creamcraft Magic!",,PROMOTION,
BS4-032,BS4,032,Cream Ferret Cookie,BOOSTER PACK [Age of Heroes and Kingdoms],FLIP,YELLOW,YELLOW,2,2,,C,,,<{Y}{Y}> Creamcraft Magic! deals 2,Draw up to 1 card from your deck.,0,0,0,BS4-032,0,"<{Y}{Y}> Creamcraft Magic! deals 2
Draw up to 1 card from your deck.",,COMMON,
BS4-031,BS4,031,Rain Deity Cookie,BOOSTER PACK [Age of Heroes and Kingdoms],FLIP,YELLOW,YELLOW,1,1,,C,,,<{Y}> Jagged Raindrops deals 1,"If your break area is LV.5 or higher, return up to 1 LV.1 Cookie from your break area to your hand. Then, place this card in your break area.",0,0,0,BS4-031,0,"<{Y}> Jagged Raindrops deals 1
If your break area is LV.5 or higher, return up to 1 LV.1 Cookie from your break area to your hand. Then, place this card in your break area.",,COMMON,
BS4-030@1,BS4,030@1,Peach Blossom Cookie,BOOSTER PACK [Age of Heroes and Kingdoms],COOKIE,YELLOW,YELLOW MIX,2,4,,SEC,Garden of Delights,"【Activate】 <{Y}> Select up to 1 of your other {Y} Cookies in your battle area. Return 1 card from the top of that Cookie's HP to your hand. Then, place up to 1 card from your hand to the top of that Cookie's HP.",<{Y}{Y}{N}> Peach Bao Lob deals 2,,0,0,0,BS4-030,1,"【Activate】 <{Y}> Select up to 1 of your other {Y} Cookies in your battle area. Return 1 card from the top of that Cookie's HP to your hand. Then, place up to 1 card from your hand to the top of that Cookie's HP.
<{Y}{Y}{N}> Peach Bao Lob deals 2",,SECRET RARE,
BS4-030,BS4,030,Peach Blossom Cookie,BOOSTER PACK [Age of Heroes and Kingdoms],COOKIE,YELLOW,YELLOW MIX,2,4,,R,Garden of Delights,"【Activate】 <{Y}> Select up to 1 of your other {Y} Cookies in your battle area. Return 1 card from the top of that Cookie's HP to your hand. Then, place up to 1 card from your hand to the top of that Cookie's HP.",<{Y}{Y}{N}> Peach Bao Lob deals 2,,0,0,0,BS4-030,0,"【Activate】 <{Y}> Select up to 1 of your other {Y} Cookies in your battle area. Return 1 card from the top of that Cookie's HP to your hand. Then, place up to 1 card from your hand to the top of that Cookie's HP.
<{Y}{Y}{N}> Peach Bao Lob deals 2",,RARE,
BS4-029,BS4,029,Wind Deity Cookie,BOOSTER PACK [Age of Heroes and Kingdoms],COOKIE,YELLOW,YELLOW,3,1,,U,,,"<{Y}> Wind Magic deals 1
Then, <can be used as {Y}.> Place this Cookie in your break area. Select up to 1 {Y} LV.3 Cookie from your break area and play them.",,0,0,0,BS4-029,0,"<{Y}> Wind Magic deals 1
Then, <can be used as {Y}.> Place this Cookie in your break area. Select up to 1 {Y} LV.3 Cookie from your break area and play them.",,UNCOMMON,
BS4-028,BS4,028,Vagabond Cookie,BOOSTER PACK [Age of Heroes and Kingdoms],COOKIE,YELLOW,YELLOW,1,2,,C,Alright! Woo-Hoo!,"【Activate】 If your break area is LV.5 or higher, draw up to 1 card from your deck. Then, discard 1 card.",<{Y}{Y}> Dance to the Beat! deals 2,,0,0,0,BS4-028,0,"【Activate】 If your break area is LV.5 or higher, draw up to 1 card from your deck. Then, discard 1 card.
<{Y}{Y}> Dance to the Beat! deals 2",,COMMON,
BS4-027@1,BS4,027@1,Moon Rabbit Cookie,BOOSTER PACK [Age of Heroes and Kingdoms],COOKIE,YELLOW,YELLOW MIX,2,4,,SEC,Giant Rice Cake Bunny,"{bl} <Rest this card.> (When one of your opponent's Cookies attacks, you can redirect the attack to this Cookie.)
【Once Per Turn】 This Cookie receives -1 attack damage from LV.1 Cookies.","<{Y}{Y}{N}> Yum, Yum, Yum! deals 2",,0,0,0,BS4-027,1,"{bl} <Rest this card.> (When one of your opponent's Cookies attacks, you can redirect the attack to this Cookie.)
【Once Per Turn】 This Cookie receives -1 attack damage from LV.1 Cookies.
<{Y}{Y}{N}> Yum, Yum, Yum! deals 2",,SECRET RARE,
BS4-027,BS4,027,Moon Rabbit Cookie,BOOSTER PACK [Age of Heroes and Kingdoms],COOKIE,YELLOW,YELLOW MIX,2,4,,R,Giant Rice Cake Bunny,"{bl} <Rest this card.> (When one of your opponent's Cookies attacks, you can redirect the attack to this Cookie.)
【Once Per Turn】 This Cookie receives -1 attack damage from LV.1 Cookies.","<{Y}{Y}{N}> Yum, Yum, Yum! deals 2",,0,0,0,BS4-027,0,"{bl} <Rest this card.> (When one of your opponent's Cookies attacks, you can redirect the attack to this Cookie.)
【Once Per Turn】 This Cookie receives -1 attack damage from LV.1 Cookies.
<{Y}{Y}{N}> Yum, Yum, Yum! deals 2",,RARE,
BS4-026@2,BS4,026@2,Stormbringer Cookie,PROMOTION CARD,cookie,,yellow,level3,5,,P,,"<p></p>
<p> Lightning Blitzstorm<br /><br />【On Play】 &lt;{Y}{Y}&gt; If your opponent's break area is LV.5 or lower, select up to 1 of your opponent's LV.2 or lower Cookies. Place that Cookie in your opponent's break area.<br /><br />&lt;{Y}{Y}{Y}&gt; Divine Retribution deals 2</p>
<p>Then, &lt;can be used as {Y}.&gt; If your break area is LV.3 or higher, select up to 1 of your opponent's Cookies. That Cookie receives 2 damage.</p>
<p></p>",,,,,,BS4-026,1,"<p></p>
<p> Lightning Blitzstorm<br /><br />【On Play】 &lt;{Y}{Y}&gt; If your opponent's break area is LV.5 or lower, select up to 1 of your opponent's LV.2 or lower Cookies. Place that Cookie in your opponent's break area.<br /><br />&lt;{Y}{Y}{Y}&gt; Divine Retribution deals 2</p>
<p>Then, &lt;can be used as {Y}.&gt; If your break area is LV.3 or higher, select up to 1 of your opponent's Cookies. That Cookie receives 2 damage.</p>
<p></p>",3,PROMOTION,99_promotion-card
BS4-026@1,BS4,026@1,Stormbringer Cookie,BOOSTER PACK [Age of Heroes and Kingdoms],COOKIE,YELLOW,YELLOW,3,5,,SUR,Lightning Blitzstorm,"【Activate】 <{Y}{Y}> If your opponent's break area is LV.5 or lower, select up to 1 of your opponent's LV.2 or lower Cookies. Place that Cookie in your opponent's break area.","<{Y}{Y}{Y}> Divine Retribution deals 2
Then, <can be used as {Y}.> If your break area is LV.3 or higher, select up to 1 of your opponent's Cookies. That Cookie receives 2 damage.",,0,0,0,BS4-026,1,"【Activate】 <{Y}{Y}> If your opponent's break area is LV.5 or lower, select up to 1 of your opponent's LV.2 or lower Cookies. Place that Cookie in your opponent's break area.
<{Y}{Y}{Y}> Divine Retribution deals 2
Then, <can be used as {Y}.> If your break area is LV.3 or higher, select up to 1 of your opponent's Cookies. That Cookie receives 2 damage.",,SECRET ULTRA RARE,
BS4-026,BS4,026,Stormbringer Cookie,BOOSTER PACK [Age of Heroes and Kingdoms],COOKIE,YELLOW,YELLOW,3,5,,UR,Lightning Blitzstorm,"【Activate】 <{Y}{Y}> If your opponent's break area is LV.5 or lower, select up to 1 of your opponent's LV.2 or lower Cookies. Place that Cookie in your opponent's break area.","<{Y}{Y}{Y}> Divine Retribution deals 2
Then, <can be used as {Y}.> If your break area is LV.3 or higher, select up to 1 of your opponent's Cookies. That Cookie receives 2 damage.",,0,0,0,BS4-026,0,"【Activate】 <{Y}{Y}> If your opponent's break area is LV.5 or lower, select up to 1 of your opponent's LV.2 or lower Cookies. Place that Cookie in your opponent's break area.
<{Y}{Y}{Y}> Divine Retribution deals 2
Then, <can be used as {Y}.> If your break area is LV.3 or higher, select up to 1 of your opponent's Cookies. That Cookie receives 2 damage.",,ULTRA RARE,
BS4-025,BS4,025,Gim Cookie,BOOSTER PACK [Age of Heroes and Kingdoms],COOKIE,YELLOW,YELLOW,2,2,,C,Burning Talisman,【Activate】 <Place 1 {Y} LV.2 or higher Cookie from your hand into your break area.> Select up to 1 {Y} LV.2 Cookie from your break area and play them.,<{Y}{Y}> Goblin Exorcism deals 2,,0,0,0,BS4-025,0,"【Activate】 <Place 1 {Y} LV.2 or higher Cookie from your hand into your break area.> Select up to 1 {Y} LV.2 Cookie from your break area and play them.
<{Y}{Y}> Goblin Exorcism deals 2",,COMMON,
BS4-024@1,BS4,024@1,Kumiho Cookie,BOOSTER PACK [Age of Heroes and Kingdoms],COOKIE,YELLOW,YELLOW,1,2,,SSR,Ready to Fall for Me?,"If there is a {Y} LV.3 Cookie in your battle area, your opponent's Cookies can only attack this Cookie.",<{Y}{Y}> Tail Whip deals 2,,0,0,0,BS4-024,1,"If there is a {Y} LV.3 Cookie in your battle area, your opponent's Cookies can only attack this Cookie.
<{Y}{Y}> Tail Whip deals 2",,SECRET SUPER RARE,
BS4-024,BS4,024,Kumiho Cookie,BOOSTER PACK [Age of Heroes and Kingdoms],COOKIE,YELLOW,YELLOW,1,2,,SR,Ready to Fall for Me?,"If there is a {Y} LV.3 Cookie in your battle area, your opponent's Cookies can only attack this Cookie.",<{Y}{Y}> Tail Whip deals 2,,0,0,0,BS4-024,0,"If there is a {Y} LV.3 Cookie in your battle area, your opponent's Cookies can only attack this Cookie.
<{Y}{Y}> Tail Whip deals 2",,SUPER RARE,
BS4-023,BS4,023,Cloud Deity Cookie,BOOSTER PACK [Age of Heroes and Kingdoms],COOKIE,YELLOW,YELLOW,2,3,,C,,,"<{Y}{Y}> Cloud Cloning Technique! deals 2
Then, if there is a {Y} LV.3 Cookie in your break area, select up to 1 of your opponent's Cookies. That Cookie receives 1 damage.",,0,0,0,BS4-023,0,"<{Y}{Y}> Cloud Cloning Technique! deals 2
Then, if there is a {Y} LV.3 Cookie in your break area, select up to 1 of your opponent's Cookies. That Cookie receives 1 damage.",,COMMON,
BS4-022,BS4,022,Scovillia Training Grounds,BOOSTER PACK [Age of Heroes and Kingdoms],STAGE,RED,RED,,,,U,,<{R}> Place in your stage area.,【Activate】 <{R}{R}> <Rest this card.> <Place 1 card from the top of your {R} LV.2 or higher Cookie's HP into the trash.> Select up to 1 of your opponent's Cookies. That Cookie receives 1 damage.,,0,0,0,BS4-022,0,"<{R}> Place in your stage area.
【Activate】 <{R}{R}> <Rest this card.> <Place 1 card from the top of your {R} LV.2 or higher Cookie's HP into the trash.> Select up to 1 of your opponent's Cookies. That Cookie receives 1 damage.",,UNCOMMON,
BS4-021,BS4,021,Battle on the Edge,BOOSTER PACK [Age of Heroes and Kingdoms],TRAP,RED,RED,,,,U,,,"<{R}{R}> If one of your {R} LV.3 Cookies faints during this battle, select up to 1 of your opponent's Cookies. That Cookie receives 2 damage.",,0,0,0,BS4-021,0,"<{R}{R}> If one of your {R} LV.3 Cookies faints during this battle, select up to 1 of your opponent's Cookies. That Cookie receives 2 damage.",,UNCOMMON,
BS4-020@1,BS4,020@1,Essence of Conflagration,BOOSTER PACK [Age of Heroes and Kingdoms],ITEM,RED,RED,,,,SSR,,,"<{R}{R}> If your break area is LV.6 or higher, select up to 1 of your {R} LV.3 Cookies in your battle area. During this turn, that Cookie gains +3 attack damage.",,0,0,0,BS4-020,1,"<{R}{R}> If your break area is LV.6 or higher, select up to 1 of your {R} LV.3 Cookies in your battle area. During this turn, that Cookie gains +3 attack damage.",,SECRET SUPER RARE,
BS4-020,BS4,020,Essence of Conflagration,BOOSTER PACK [Age of Heroes and Kingdoms],ITEM,RED,RED,,,,SR,,,"<{R}{R}> If your break area is LV.6 or higher, select up to 1 of your {R} LV.3 Cookies in your battle area. During this turn, that Cookie gains +3 attack damage.",,0,0,0,BS4-020,0,"<{R}{R}> If your break area is LV.6 or higher, select up to 1 of your {R} LV.3 Cookies in your battle area. During this turn, that Cookie gains +3 attack damage.",,SUPER RARE,
BS4-019,BS4,019,Ring of Eternal Flame,BOOSTER PACK [Age of Heroes and Kingdoms],ITEM,RED,RED,,,,U,,,"<{R}{R}> Select 1 of your {R} Cookies from your battle area. Place 1 card from the top of this Cookie's HP into the trash. Then, select up to 1 of your opponent's Cookies. That Cookie receives 1 damage.",,0,0,0,BS4-019,0,"<{R}{R}> Select 1 of your {R} Cookies from your battle area. Place 1 card from the top of this Cookie's HP into the trash. Then, select up to 1 of your opponent's Cookies. That Cookie receives 1 damage.",,UNCOMMON,
BS4-018,BS4,018,Magma Pendulum,BOOSTER PACK [Age of Heroes and Kingdoms],ITEM,RED,RED,,,,U,,,"<{R}{R}> If your battle area contains 2 {R} LV.2 or higher Cookies, select up to 2 of your Cookies. During this turn, those Cookies gain +1 attack damage each.",,0,0,0,BS4-018,0,"<{R}{R}> If your battle area contains 2 {R} LV.2 or higher Cookies, select up to 2 of your Cookies. During this turn, those Cookies gain +1 attack damage each.",,UNCOMMON,
BS4-017,BS4,017,Hot Scovillia Student,BOOSTER PACK [Age of Heroes and Kingdoms],COOKIE,RED,RED MIX,3,5,,C,,,<{R}{R}{N}{N}> Bring It On! deals 4,,0,0,0,BS4-017,0,<{R}{R}{N}{N}> Bring It On! deals 4,,COMMON,
BS4-016,BS4,016,Rye Cookie,BOOSTER PACK [Age of Heroes and Kingdoms],COOKIE,RED,RED,2,1,,U,,,"<{R}{R}> Dual Barrage deals 2
Then, select up to 1 of your opponent's Cookies whose remaining HP is 1. That Cookie receives 1 damage.",,0,0,0,BS4-016,0,"<{R}{R}> Dual Barrage deals 2
Then, select up to 1 of your opponent's Cookies whose remaining HP is 1. That Cookie receives 1 damage.",,UNCOMMON,
BS4-015@1,BS4,015@1,Habanero Cookie,BOOSTER PACK [Age of Heroes and Kingdoms],COOKIE,RED,RED,1,2,,SSR,Blazing Hunter,"【Activate】 If there is another {R} LV.2 or higher Cookie in your battle area, during this turn, this Cookie gains +2 attack damage.",<{R}{R}> Boulder Hurl deals 1,,0,0,0,BS4-015,1,"【Activate】 If there is another {R} LV.2 or higher Cookie in your battle area, during this turn, this Cookie gains +2 attack damage.
<{R}{R}> Boulder Hurl deals 1",,SECRET SUPER RARE,
BS4-015,BS4,015,Habanero Cookie,BOOSTER PACK [Age of Heroes and Kingdoms],COOKIE,RED,RED,1,2,,SR,Blazing Hunter,"【Activate】 If there is another {R} LV.2 or higher Cookie in your battle area, during this turn, this Cookie gains +2 attack damage.",<{R}{R}> Boulder Hurl deals 1,,0,0,0,BS4-015,0,"【Activate】 If there is another {R} LV.2 or higher Cookie in your battle area, during this turn, this Cookie gains +2 attack damage.
<{R}{R}> Boulder Hurl deals 1",,SUPER RARE,
BS4-014@1,BS4,014@1,Peperoncino Cookie,BOOSTER PACK [Age of Heroes and Kingdoms],COOKIE,RED,RED MIX,2,4,,SEC,Rising Flames,"{bl} <Rest this card.> (When one of your opponent's Cookies attacks, you can redirect the attack to this Cookie.)
【Once Per Turn】 This Cookie receives -1 attack damage from LV.1 Cookies.",<{R}{R}{N}> Greatpepper Blade deals 2,,0,0,0,BS4-014,1,"{bl} <Rest this card.> (When one of your opponent's Cookies attacks, you can redirect the attack to this Cookie.)
【Once Per Turn】 This Cookie receives -1 attack damage from LV.1 Cookies.
<{R}{R}{N}> Greatpepper Blade deals 2",,SECRET RARE,
BS4-014,BS4,014,Peperoncino Cookie,BOOSTER PACK [Age of Heroes and Kingdoms],COOKIE,RED,RED MIX,2,4,,R,Rising Flames,"{bl} <Rest this card.> (When one of your opponent's Cookies attacks, you can redirect the attack to this Cookie.)
【Once Per Turn】 This Cookie receives -1 attack damage from LV.1 Cookies.",<{R}{R}{N}> Greatpepper Blade deals 2,,0,0,0,BS4-014,0,"{bl} <Rest this card.> (When one of your opponent's Cookies attacks, you can redirect the attack to this Cookie.)
【Once Per Turn】 This Cookie receives -1 attack damage from LV.1 Cookies.
<{R}{R}{N}> Greatpepper Blade deals 2",,RARE,
BS4-013@1,BS4,013@1,Crushed Pepper Cookie,BOOSTER PACK [Age of Heroes and Kingdoms],COOKIE,RED,RED,2,2,,SUR,Burning Passion,【Activate】 【Once Per Turn】 <{R}> Select up to 1 of your opponent's Cookies. That Cookie receives 1 damage.,"<{R}{R}> Numbing Knuckles deals 2
Then, <can be used as {R}.> Deals 1 damage.",,0,0,0,BS4-013,1,"【Activate】 【Once Per Turn】 <{R}> Select up to 1 of your opponent's Cookies. That Cookie receives 1 damage.
<{R}{R}> Numbing Knuckles deals 2
Then, <can be used as {R}.> Deals 1 damage.",,SECRET ULTRA RARE,
BS4-013,BS4,013,Crushed Pepper Cookie,BOOSTER PACK [Age of Heroes and Kingdoms],COOKIE,RED,RED,2,2,,UR,Burning Passion,【Activate】 【Once Per Turn】 <{R}> Select up to 1 of your opponent's Cookies. That Cookie receives 1 damage.,"<{R}{R}> Numbing Knuckles deals 2
Then, <can be used as {R}.> Deals 1 damage.",,0,0,0,BS4-013,0,"【Activate】 【Once Per Turn】 <{R}> Select up to 1 of your opponent's Cookies. That Cookie receives 1 damage.
<{R}{R}> Numbing Knuckles deals 2
Then, <can be used as {R}.> Deals 1 damage.",,ULTRA RARE,
BS4-012@1,BS4,012@1,Capsaicin Cookie,BOOSTER PACK [Age of Heroes and Kingdoms],COOKIE,RED,RED,2,4,,SSR,Spice Overlord,"If this Cookie's remaining HP is 1, this Cookie gains +2 attack damage.",<{R}{R}{R}> Let's BURN IT UP! deals 3,,0,0,0,BS4-012,1,"If this Cookie's remaining HP is 1, this Cookie gains +2 attack damage.
<{R}{R}{R}> Let's BURN IT UP! deals 3",,SECRET SUPER RARE,
BS4-012,BS4,012,Capsaicin Cookie,BOOSTER PACK [Age of Heroes and Kingdoms],COOKIE,RED,RED,2,4,,SR,Spice Overlord,"If this Cookie's remaining HP is 1, this Cookie gains +2 attack damage.",<{R}{R}{R}> Let's BURN IT UP! deals 3,,0,0,0,BS4-012,0,"If this Cookie's remaining HP is 1, this Cookie gains +2 attack damage.
<{R}{R}{R}> Let's BURN IT UP! deals 3",,SUPER RARE,
BS4-011,BS4,011,Chili Pepper Cookie,BOOSTER PACK [Age of Heroes and Kingdoms],COOKIE,RED,RED,2,3,,C,Cheap Shot,"If your opponent's Cookie faints from this Cookie's attack, draw 1 card from your deck and discard 1 card.",<{R}{R}> Who Ordered Spicy?! deals 2,,0,0,0,BS4-011,0,"If your opponent's Cookie faints from this Cookie's attack, draw 1 card from your deck and discard 1 card.
<{R}{R}> Who Ordered Spicy?! deals 2",,COMMON,
BS4-010,BS4,010,Scovillia Student Fan,BOOSTER PACK [Age of Heroes and Kingdoms],FLIP,RED,RED,3,3,,C,,,<{R}{R}{R}> What's Takin' So Long? deals 3,<Discard 1 card.> The Cookie with this card attached for HP gains +1 HP.,0,0,0,BS4-010,0,"<{R}{R}{R}> What's Takin' So Long? deals 3
<Discard 1 card.> The Cookie with this card attached for HP gains +1 HP.",,COMMON,
BS4-009,BS4,009,Espresso Cookie,BOOSTER PACK [Age of Heroes and Kingdoms],COOKIE,RED,RED MIX,3,4,,C,,,"<{R}{R}{N}> Roasted to the Char deals 3
Then, if the attacked Cookie is LV.2 or lower, that Cookie receives 1 damage.",,0,0,0,BS4-009,0,"<{R}{R}{N}> Roasted to the Char deals 3
Then, if the attacked Cookie is LV.2 or lower, that Cookie receives 1 damage.",,COMMON,
BS4-008,BS4,008,Scovillia Headmaster,BOOSTER PACK [Age of Heroes and Kingdoms],FLIP,RED,RED,2,2,,C,,,<{R}{R}> Spice Above All! deals 2,"If your break area is LV.6 or higher, select up to 1 of your opponent's Cookies whose remaining HP is 2 or more. That Cookie receives 1 damage.",0,0,0,BS4-008,0,"<{R}{R}> Spice Above All! deals 2
If your break area is LV.6 or higher, select up to 1 of your opponent's Cookies whose remaining HP is 2 or more. That Cookie receives 1 damage.",,COMMON,
BS4-007,BS4,007,Black Raisin Cookie,BOOSTER PACK [Age of Heroes and Kingdoms],COOKIE,RED,RED MIX,1,3,,C,Burning Shadow,"【Activate】 【Once Per Turn】 <{R}> <Place 1 card from the top of this Cookie's HP into the trash.> Select up to 1 of your other {R} Cookies. During this turn, that Cookie gains +1 attack damage.",<{R}{N}> Fiery Watcher deals 1,,0,0,0,BS4-007,0,"【Activate】 【Once Per Turn】 <{R}> <Place 1 card from the top of this Cookie's HP into the trash.> Select up to 1 of your other {R} Cookies. During this turn, that Cookie gains +1 attack damage.
<{R}{N}> Fiery Watcher deals 1",,COMMON,
BS4-006,BS4,006,Flaming Hot Wing,BOOSTER PACK [Age of Heroes and Kingdoms],FLIP,RED,RED,1,1,,C,,,<{R}> Cluck Cluck BAGAAAWK! deals 1,Draw up to 1 card from your deck.,0,0,0,BS4-006,0,"<{R}> Cluck Cluck BAGAAAWK! deals 1
Draw up to 1 card from your deck.",,COMMON,
BS4-005@2,BS4,005@2,Fire Spirit Cookie,promotion card,COOKIE,RED,RED,3,5,,P,Living Embodiment of Flame,【Activate】 【Once Per Turn】 <Place 1 card from the top of this Cookie's HP into the trash.> Deals 1 damage to all of your opponent's Cookies.,<{R}{R}{R}> Flame Dash deals 3,,0,0,0,BS4-005,1,"【Activate】 【Once Per Turn】 <Place 1 card from the top of this Cookie's HP into the trash.> Deals 1 damage to all of your opponent's Cookies.
<{R}{R}{R}> Flame Dash deals 3",,PROMOTION,
BS4-005@1,BS4,005@1,Fire Spirit Cookie,BOOSTER PACK [Age of Heroes and Kingdoms],COOKIE,RED,RED,3,5,,SUR,Living Embodiment of Flame,【Activate】 【Once Per Turn】 <Place 1 card from the top of this Cookie's HP into the trash.> Deals 1 damage to all of your opponent's Cookies.,<{R}{R}{R}> Flame Dash deals 3,,0,0,0,BS4-005,1,"【Activate】 【Once Per Turn】 <Place 1 card from the top of this Cookie's HP into the trash.> Deals 1 damage to all of your opponent's Cookies.
<{R}{R}{R}> Flame Dash deals 3",,SECRET ULTRA RARE,
BS4-005,BS4,005,Fire Spirit Cookie,BOOSTER PACK [Age of Heroes and Kingdoms],COOKIE,RED,RED,3,5,,UR,Living Embodiment of Flame,【Activate】 【Once Per Turn】 <Place 1 card from the top of this Cookie's HP into the trash.> Deals 1 damage to all of your opponent's Cookies.,<{R}{R}{R}> Flame Dash deals 3,,0,0,0,BS4-005,0,"【Activate】 【Once Per Turn】 <Place 1 card from the top of this Cookie's HP into the trash.> Deals 1 damage to all of your opponent's Cookies.
<{R}{R}{R}> Flame Dash deals 3",,ULTRA RARE,
BS4-004@1,BS4,004@1,Mala Sauce Cookie,PROMOTION CARD,COOKIE,RED,RED,1,3,,P,,Flaming Mala,【On Play】 Select up to 1 of your opponent's Cookies. That Cookie receives 1 damage.,"<{R}> Too Spicy For Ya?! deals 1 Then, if this Cookie's remaining HP is 1, select up to 1 of your opponent's Cookies that is LV.2 or lower. That Cookie receives 1 damage.",0,0,0,BS4-004,1,"Flaming Mala
【On Play】 Select up to 1 of your opponent's Cookies. That Cookie receives 1 damage.
<{R}> Too Spicy For Ya?! deals 1 Then, if this Cookie's remaining HP is 1, select up to 1 of your opponent's Cookies that is LV.2 or lower. That Cookie receives 1 damage.",,PROMOTION,
BS4-004,BS4,004,Mala Sauce Cookie,BOOSTER PACK [Age of Heroes and Kingdoms],COOKIE,RED,RED,1,2,,U,Flaming Mala,【Activate】 <Place 1 card from the top of this Cookie's HP into the trash.> Select up to 1 of your opponent's Cookies. That Cookie receives 1 damage.,<{R}> Too Spicy For Ya?! deals 1,,0,0,0,BS4-004,0,"【Activate】 <Place 1 card from the top of this Cookie's HP into the trash.> Select up to 1 of your opponent's Cookies. That Cookie receives 1 damage.
<{R}> Too Spicy For Ya?! deals 1",,UNCOMMON,
BS4-003@1,BS4,003@1,Madeleine Cookie,BOOSTER PACK [Age of Heroes and Kingdoms],COOKIE,RED,RED MIX,2,4,,SEC,,,"<{R}{R}{N}> Crimson Knight deals 2
Then, if there is another {R} Cookie in your battle area, select up to 1 of your opponent's Cookies. That Cookie receives 1 damage.",,0,0,0,BS4-003,1,"<{R}{R}{N}> Crimson Knight deals 2
Then, if there is another {R} Cookie in your battle area, select up to 1 of your opponent's Cookies. That Cookie receives 1 damage.",,SECRET RARE,
BS4-003,BS4,003,Madeleine Cookie,BOOSTER PACK [Age of Heroes and Kingdoms],COOKIE,RED,RED MIX,2,4,,R,,,"<{R}{R}{N}> Crimson Knight deals 2
Then, if there is another {R} Cookie in your battle area, select up to 1 of your opponent's Cookies. That Cookie receives 1 damage.",,0,0,0,BS4-003,0,"<{R}{R}{N}> Crimson Knight deals 2
Then, if there is another {R} Cookie in your battle area, select up to 1 of your opponent's Cookies. That Cookie receives 1 damage.",,RARE,
BS4-002,BS4,002,Lil Pepper Cookie,BOOSTER PACK [Age of Heroes and Kingdoms],COOKIE,RED,RED MIX,1,2,,C,,,<{N}> Spicy Swing deals 1,,0,0,0,BS4-002,0,<{N}> Spicy Swing deals 1,,COMMON,
BS4-001,BS4,001,Lilac Cookie,BOOSTER PACK [Age of Heroes and Kingdoms],COOKIE,RED,RED,1,1,,C,Crimson Sunset,"【Activate】 <{R}{R}> <Make this Cookie faint.> Select up to 1 of your other {R} Cookies. During this turn, that Cookie gains +1 attack damage.",<{R}> Chakram Throw deals 1,,0,0,0,BS4-001,0,"【Activate】 <{R}{R}> <Make this Cookie faint.> Select up to 1 of your other {R} Cookies. During this turn, that Cookie gains +1 attack damage.
<{R}> Chakram Throw deals 1",,COMMON,
BS4_026@2,BS4,026@2,Stormbringer Cookie,promotion-card,COOKIE,,Yellow,3,5,,P,Lightning Blitzstorm,"【On Play】 <{Y}{Y}> If your opponent's break area is LV.5 or lower, select up to 1 of your opponent's LV.2 or lower Cookies. Place that Cookie in your opponent's break area.","<{Y}{Y}{Y}> Divine Retribution {d} 2 Then, <can be used as {Y}.> If your break area is LV.3 or higher, select up to 1 of your opponent's Cookies. That Cookie receives 2 damage.",,0,0,0,BS4_026,1,"【On Play】 <{Y}{Y}> If your opponent's break area is LV.5 or lower, select up to 1 of your opponent's LV.2 or lower Cookies. Place that Cookie in your opponent's break area.
<{Y}{Y}{Y}> Divine Retribution {d} 2 Then, <can be used as {Y}.> If your break area is LV.3 or higher, select up to 1 of your opponent's Cookies. That Cookie receives 2 damage.",,PROMOTION,
BS3-121@8,BS3,121@8,Age of Heroes and Kingdoms,PROMOTION CARD,FLIP,,Blue Red Yellow Green Purple,,,,P,,,"<{R}{Y}{G}{B}{P}> Place in your stage area.

【Activate】 <{R}{Y}{G}{B}{P}> If your battle area and support area contain 5 different [Ancient] Cookies and 5 different [Soul Jam] cards, you win the game.",,0,0,0,BS3-121,1,"<{R}{Y}{G}{B}{P}> Place in your stage area.

【Activate】 <{R}{Y}{G}{B}{P}> If your battle area and support area contain 5 different [Ancient] Cookies and 5 different [Soul Jam] cards, you win the game.",,PROMOTION,
BS3-121@7,BS3,121@7,Age of Heroes and Kingdoms,PROMOTION CARD,FLIP,,Blue Red Yellow Green Purple,,,,P,,,"<{R}{Y}{G}{B}{P}> Place in your stage area.

【Activate】 <{R}{Y}{G}{B}{P}> If your battle area and support area contain 5 different [Ancient] Cookies and 5 different [Soul Jam] cards, you win the game.",,0,0,0,BS3-121,1,"<{R}{Y}{G}{B}{P}> Place in your stage area.

【Activate】 <{R}{Y}{G}{B}{P}> If your battle area and support area contain 5 different [Ancient] Cookies and 5 different [Soul Jam] cards, you win the game.",,PROMOTION,
BS3-121@6,BS3,121@6,Age of Heroes and Kingdoms,PROMOTION CARD,FLIP,,Blue Red Yellow Green Purple,,,,P,,,"<{R}{Y}{G}{B}{P}> Place in your stage area.

【Activate】 <{R}{Y}{G}{B}{P}> If your battle area and support area contain 5 different [Ancient] Cookies and 5 different [Soul Jam] cards, you win the game.",,0,0,0,BS3-121,1,"<{R}{Y}{G}{B}{P}> Place in your stage area.

【Activate】 <{R}{Y}{G}{B}{P}> If your battle area and support area contain 5 different [Ancient] Cookies and 5 different [Soul Jam] cards, you win the game.",,PROMOTION,
BS3-121@5,BS3,121@5,Age of Heroes and Kingdoms,PROMOTION CARD,FLIP,,Blue Red Yellow Green Purple,,,,P,,,"<{R}{Y}{G}{B}{P}> Place in your stage area.

【Activate】 <{R}{Y}{G}{B}{P}> If your battle area and support area contain 5 different [Ancient] Cookies and 5 different [Soul Jam] cards, you win the game.",,0,0,0,BS3-121,1,"<{R}{Y}{G}{B}{P}> Place in your stage area.

【Activate】 <{R}{Y}{G}{B}{P}> If your battle area and support area contain 5 different [Ancient] Cookies and 5 different [Soul Jam] cards, you win the game.",,PROMOTION,
BS3-121@2,BS3,121@2,Age of Heroes and Kingdoms,BOOSTER PACK [Age of Heroes and Kingdoms],STAGE,PURPLE,RED YELLOW GREEN BLUE PURPLE,,,,EXR,,<{R}{Y}{G}{B}{P}> Place in your stage area.,"【Activate】 <{R}{Y}{G}{B}{P}> <Rest this card.> If your battle area and support area contain 5 different [Ancient] Cookies and 5 different [Soul Jam] cards, you win the game.",,0,0,0,BS3-121,1,"<{R}{Y}{G}{B}{P}> Place in your stage area.
【Activate】 <{R}{Y}{G}{B}{P}> <Rest this card.> If your battle area and support area contain 5 different [Ancient] Cookies and 5 different [Soul Jam] cards, you win the game.",,EXTRA RARE,
BS3-121@1,BS3,121@1,Age of Heroes and Kingdoms,BOOSTER PACK [Age of Heroes and Kingdoms],STAGE,PURPLE,RED YELLOW GREEN BLUE PURPLE,,,,SUR,,<{R}{Y}{G}{B}{P}> Place in your stage area.,"【Activate】 <{R}{Y}{G}{B}{P}> <Rest this card.> If your battle area and support area contain 5 different [Ancient] Cookies and 5 different [Soul Jam] cards, you win the game.",,0,0,0,BS3-121,1,"<{R}{Y}{G}{B}{P}> Place in your stage area.
【Activate】 <{R}{Y}{G}{B}{P}> <Rest this card.> If your battle area and support area contain 5 different [Ancient] Cookies and 5 different [Soul Jam] cards, you win the game.",,SECRET ULTRA RARE,
BS3-121,BS3,121,Age of Heroes and Kingdoms,BOOSTER PACK [Age of Heroes and Kingdoms],STAGE,PURPLE,RED YELLOW GREEN BLUE PURPLE,,,,UR,,<{R}{Y}{G}{B}{P}> Place in your stage area.,"【Activate】 <{R}{Y}{G}{B}{P}> <Rest this card.> If your battle area and support area contain 5 different [Ancient] Cookies and 5 different [Soul Jam] cards, you win the game.",,0,0,0,BS3-121,0,"<{R}{Y}{G}{B}{P}> Place in your stage area.
【Activate】 <{R}{Y}{G}{B}{P}> <Rest this card.> If your battle area and support area contain 5 different [Ancient] Cookies and 5 different [Soul Jam] cards, you win the game.",,ULTRA RARE,
BS3-120,BS3,120,Resolute Dark Cacao Kingdom,BOOSTER PACK [Age of Heroes and Kingdoms],STAGE,PURPLE,PURPLE,,,,U,,<{P}> Place in your stage area.,"【Activate】 <{P}> <Rest this card.> Select 1 of the following.
・Place up to 2 cards from the top of your deck into the trash.
・View 3 cards from the top of your deck. Out of the 3 cards, reveal up to 1 {P} card and add that card to your hand. Then, place the remaining cards and this card in the trash.",,0,0,0,BS3-120,0,"<{P}> Place in your stage area.
【Activate】 <{P}> <Rest this card.> Select 1 of the following.
・Place up to 2 cards from the top of your deck into the trash.
・View 3 cards from the top of your deck. Out of the 3 cards, reveal up to 1 {P} card and add that card to your hand. Then, place the remaining cards and this card in the trash.",,UNCOMMON,
BS3-119,BS3,119,Roiling Licorice Sea,BOOSTER PACK [Age of Heroes and Kingdoms],STAGE,PURPLE,PURPLE,,,,U,,<{P}> Place in your stage area.,【Activate】 <{P}{P}> <Rest this card.> Place up to 3 cards from the top of your opponent's deck into the trash.,,0,0,0,BS3-119,0,"<{P}> Place in your stage area.
【Activate】 <{P}{P}> <Rest this card.> Place up to 3 cards from the top of your opponent's deck into the trash.",,UNCOMMON,
BS3-118,BS3,118,Founding Resolution,BOOSTER PACK [Age of Heroes and Kingdoms],TRAP,PURPLE,PURPLE,,,,U,,,"<{P}> Select up to 1 of your opponent's Cookies. During this turn, that Cookie deals -1 attack damage. Then, place up to 2 cards from the top of your deck into the trash.",,0,0,0,BS3-118,0,"<{P}> Select up to 1 of your opponent's Cookies. During this turn, that Cookie deals -1 attack damage. Then, place up to 2 cards from the top of your deck into the trash.",,UNCOMMON,
BS3-117,BS3,117,Chocolate Altar of the Fallen,BOOSTER PACK [Age of Heroes and Kingdoms],TRAP,PURPLE,PURPLE,,,,U,,,"<{P}{P}{P}> Select up to 1 of your opponent's Cookies. During this turn, that Cookie deals -3 attack damage. Then, if your trash contains 15 cards or more, select up to 1 of your opponent's Cookies whose remaining HP is 2 or less. Place that Cookie in the trash.",,0,0,0,BS3-117,0,"<{P}{P}{P}> Select up to 1 of your opponent's Cookies. During this turn, that Cookie deals -3 attack damage. Then, if your trash contains 15 cards or more, select up to 1 of your opponent's Cookies whose remaining HP is 2 or less. Place that Cookie in the trash.",,UNCOMMON,
BS3-116,BS3,116,First Watcher's Bow,BOOSTER PACK [Age of Heroes and Kingdoms],ITEM,PURPLE,PURPLE,,,,U,,,"<{P}{P}{P}> Select 1 of the following.
・Select up to 1 of your opponent's Cookies. Place 1 card from the top of that Cookie's HP in the trash.
・Place 1 random card from your opponent's hand into the trash.",,0,0,0,BS3-116,0,"<{P}{P}{P}> Select 1 of the following.
・Select up to 1 of your opponent's Cookies. Place 1 card from the top of that Cookie's HP in the trash.
・Place 1 random card from your opponent's hand into the trash.",,UNCOMMON,
BS3-115@1,BS3,115@1,Soul Jam: Light of Resolution,BOOSTER PACK [Age of Heroes and Kingdoms],ITEM,PURPLE,PURPLE,,,,SSR,,,"<{P}{P}{P}> Select up to 2 of your opponent's LV.2 or lower Cookies. Place up to 1 card from the top of each Cookie's HP into the trash. Then, you can {mou} this card to your [Dark Cacao Cookie]. That Cookie cannot be selected by your opponent's effects and cannot be trashed.",,0,0,0,BS3-115,1,"<{P}{P}{P}> Select up to 2 of your opponent's LV.2 or lower Cookies. Place up to 1 card from the top of each Cookie's HP into the trash. Then, you can {mou} this card to your [Dark Cacao Cookie]. That Cookie cannot be selected by your opponent's effects and cannot be trashed.",,SECRET SUPER RARE,
BS3-115,BS3,115,Soul Jam: Light of Resolution,BOOSTER PACK [Age of Heroes and Kingdoms],ITEM,PURPLE,PURPLE,,,,SR,,,"<{P}{P}{P}> Select up to 2 of your opponent's LV.2 or lower Cookies. Place up to 1 card from the top of each Cookie's HP into the trash. Then, you can {mou} this card to your [Dark Cacao Cookie]. That Cookie cannot be selected by your opponent's effects and cannot be trashed.",,0,0,0,BS3-115,0,"<{P}{P}{P}> Select up to 2 of your opponent's LV.2 or lower Cookies. Place up to 1 card from the top of each Cookie's HP into the trash. Then, you can {mou} this card to your [Dark Cacao Cookie]. That Cookie cannot be selected by your opponent's effects and cannot be trashed.",,SUPER RARE,
BS3-114,BS3,114,Bittersweet Incense,BOOSTER PACK [Age of Heroes and Kingdoms],ITEM,PURPLE,PURPLE,,,,U,,,"<{P}{P}> View 5 cards from the top of your deck and play up to 1 {P} Cookie. Then, place the remaining cards in the trash.",,0,0,0,BS3-114,0,"<{P}{P}> View 5 cards from the top of your deck and play up to 1 {P} Cookie. Then, place the remaining cards in the trash.",,UNCOMMON,
BS3-113@2,BS3,113@2,Caramel Arrow Cookie,promotion-card,COOKIE,PURPLE,PURPLE,3,5,,P,Loyal Resolution,"【On Play】 <{P}> If your trash contains 15 {P} cards or more, return all cards from your trash to your deck and shuffle it. Then, deals 2 damage to all of your opponent's Cookies.","<{P}{P}{P}> Arrow of Resolution deals 2
Then, place up to 1 card from the top of your deck into the trash.",,0,0,0,BS3-113,1,"【On Play】 <{P}> If your trash contains 15 {P} cards or more, return all cards from your trash to your deck and shuffle it. Then, deals 2 damage to all of your opponent's Cookies.
<{P}{P}{P}> Arrow of Resolution deals 2
Then, place up to 1 card from the top of your deck into the trash.",,PROMOTION,
BS3-113@1,BS3,113@1,Caramel Arrow Cookie,BOOSTER PACK [Age of Heroes and Kingdoms],COOKIE,PURPLE,PURPLE,3,5,,SUR,Loyal Resolution,"【Activate】 <{P}> If your trash contains 15 {P} cards or more, return all cards from your trash to your deck and shuffle it. Then, deals 2 damage to all of your opponent's Cookies.","<{P}{P}{P}> Arrow of Resolution deals 2
Then, place up to 1 card from the top of your deck into the trash.",,0,0,0,BS3-113,1,"【Activate】 <{P}> If your trash contains 15 {P} cards or more, return all cards from your trash to your deck and shuffle it. Then, deals 2 damage to all of your opponent's Cookies.
<{P}{P}{P}> Arrow of Resolution deals 2
Then, place up to 1 card from the top of your deck into the trash.",,SECRET ULTRA RARE,
BS3-113,BS3,113,Caramel Arrow Cookie,BOOSTER PACK [Age of Heroes and Kingdoms],COOKIE,PURPLE,PURPLE,3,5,,UR,Loyal Resolution,"【Activate】 <{P}> If your trash contains 15 {P} cards or more, return all cards from your trash to your deck and shuffle it. Then, deals 2 damage to all of your opponent's Cookies.","<{P}{P}{P}> Arrow of Resolution deals 2
Then, place up to 1 card from the top of your deck into the trash.",,0,0,0,BS3-113,0,"【Activate】 <{P}> If your trash contains 15 {P} cards or more, return all cards from your trash to your deck and shuffle it. Then, deals 2 damage to all of your opponent's Cookies.
<{P}{P}{P}> Arrow of Resolution deals 2
Then, place up to 1 card from the top of your deck into the trash.",,ULTRA RARE,
BS3-112,BS3,112,Prune Juice Cookie,BOOSTER PACK [Age of Heroes and Kingdoms],COOKIE,PURPLE,PURPLE,2,3,,C,Potion Brewing,【Activate】 <{P}> <Select 2 non-Cookie cards from your trash and place them on the bottom of your deck in any order.> Return up to 1 {P} Cookie from your trash to your hand.,<{P}> Prune Juice Potion deals 1,,0,0,0,BS3-112,0,"【Activate】 <{P}> <Select 2 non-Cookie cards from your trash and place them on the bottom of your deck in any order.> Return up to 1 {P} Cookie from your trash to your hand.
<{P}> Prune Juice Potion deals 1",,COMMON,
BS3-111@1,BS3,111@1,Crunchy Chip Cookie,BOOSTER PACK [Age of Heroes and Kingdoms],COOKIE,PURPLE,PURPLE MIX,2,4,,SSR,"Cream Wolves, Charge!",【Activate】 <{P}{P}> Place 1 random card from your opponent's hand into the trash.,"<{P}{N}> Let's Ride! deals 1
Then, if there is a [Soul Jam] card in your support area, select up to 1 of your opponent's Cookies. That Cookie receives 2 damage.",,0,0,0,BS3-111,1,"【Activate】 <{P}{P}> Place 1 random card from your opponent's hand into the trash.
<{P}{N}> Let's Ride! deals 1
Then, if there is a [Soul Jam] card in your support area, select up to 1 of your opponent's Cookies. That Cookie receives 2 damage.",,SECRET SUPER RARE,
BS3-111,BS3,111,Crunchy Chip Cookie,BOOSTER PACK [Age of Heroes and Kingdoms],COOKIE,PURPLE,PURPLE MIX,2,4,,SR,"Cream Wolves, Charge!",【Activate】 <{P}{P}> Place 1 random card from your opponent's hand into the trash.,"<{P}{N}> Let's Ride! deals 1
Then, if there is a [Soul Jam] card in your support area, select up to 1 of your opponent's Cookies. That Cookie receives 2 damage.",,0,0,0,BS3-111,0,"【Activate】 <{P}{P}> Place 1 random card from your opponent's hand into the trash.
<{P}{N}> Let's Ride! deals 1
Then, if there is a [Soul Jam] card in your support area, select up to 1 of your opponent's Cookies. That Cookie receives 2 damage.",,SUPER RARE,
BS3-110,BS3,110,Purple Yam Cookie,BOOSTER PACK [Age of Heroes and Kingdoms],COOKIE,PURPLE,PURPLE MIX,3,5,,C,,,<{P}{P}{N}{N}> PURPLE TORNADO! deals 4,,0,0,0,BS3-110,0,<{P}{P}{N}{N}> PURPLE TORNADO! deals 4,,COMMON,
BS3-109,BS3,109,Werewolf Cookie,BOOSTER PACK [Age of Heroes and Kingdoms],COOKIE,PURPLE,PURPLE,2,2,,C,Werewolf Transformation,【Activate】 <{P}> This Cookie gains +1 HP.,"<{P}{P}> Snarling Rampage deals 2
Then, place 1 card from the top of this Cookie's HP into the trash.",,0,0,0,BS3-109,0,"【Activate】 <{P}> This Cookie gains +1 HP.
<{P}{P}> Snarling Rampage deals 2
Then, place 1 card from the top of this Cookie's HP into the trash.",,COMMON,
BS3-108,BS3,108,Milk Cookie,BOOSTER PACK [Age of Heroes and Kingdoms],COOKIE,PURPLE,PURPLE MIX,2,3,,C,,,<{P}{N}> Strong and Healthy Charge deals 2,,0,0,0,BS3-108,0,<{P}{N}> Strong and Healthy Charge deals 2,,COMMON,
BS3-107,BS3,107,Prophet Cookie,BOOSTER PACK [Age of Heroes and Kingdoms],FLIP,PURPLE,PURPLE,1,1,,C,,,<{P}> Fortunes and Prophecies deals 1,Draw up to 1 card from your deck.,0,0,0,BS3-107,0,"<{P}> Fortunes and Prophecies deals 1
Draw up to 1 card from your deck.",,COMMON,
BS3-106,BS3,106,Alchemist Cookie,BOOSTER PACK [Age of Heroes and Kingdoms],FLIP,PURPLE,PURPLE,2,2,,C,,,<{P}{P}> Risky Experiment deals 2,<Discard 1 card.> The Cookie with this card attached for HP gains +1 HP.,0,0,0,BS3-106,0,"<{P}{P}> Risky Experiment deals 2
<Discard 1 card.> The Cookie with this card attached for HP gains +1 HP.",,COMMON,
BS3-105@1,BS3,105@1,Affogato Cookie,BOOSTER PACK [Age of Heroes and Kingdoms],COOKIE,PURPLE,PURPLE,1,2,,SSR,Sweet Scheme,【Activate】 <{P}> <Place this Cookie in the trash.> Both players place 2 cards from the top of their decks into the trash.,"<{P}{P}> Suspicious Herbal Brew deals 2
Then, place up to 1 card from the top of your opponent's deck into the trash.",,0,0,0,BS3-105,1,"【Activate】 <{P}> <Place this Cookie in the trash.> Both players place 2 cards from the top of their decks into the trash.
<{P}{P}> Suspicious Herbal Brew deals 2
Then, place up to 1 card from the top of your opponent's deck into the trash.",,SECRET SUPER RARE,
BS3-105,BS3,105,Affogato Cookie,BOOSTER PACK [Age of Heroes and Kingdoms],COOKIE,PURPLE,PURPLE,1,2,,SR,Sweet Scheme,【Activate】 <{P}> <Place this Cookie in the trash.> Both players place 2 cards from the top of their decks into the trash.,"<{P}{P}> Suspicious Herbal Brew deals 2
Then, place up to 1 card from the top of your opponent's deck into the trash.",,0,0,0,BS3-105,0,"【Activate】 <{P}> <Place this Cookie in the trash.> Both players place 2 cards from the top of their decks into the trash.
<{P}{P}> Suspicious Herbal Brew deals 2
Then, place up to 1 card from the top of your opponent's deck into the trash.",,SUPER RARE,
BS3-104,BS3,104,Pomegranate Cookie,BOOSTER PACK [Age of Heroes and Kingdoms],COOKIE,PURPLE,PURPLE,1,3,,U,Pomegranate Mind Control,"【Activate】 【Once Per Turn】 <{P}{P}> Place up to 2 random cards from your opponent's hand into the trash. Then, your opponent draws 2 cards from their deck.",<{P}{P}> Crimson Curse deals 1,,0,0,0,BS3-104,0,"【Activate】 【Once Per Turn】 <{P}{P}> Place up to 2 random cards from your opponent's hand into the trash. Then, your opponent draws 2 cards from their deck.
<{P}{P}> Crimson Curse deals 1",,UNCOMMON,
BS3-103,BS3,103,Red Velvet Cookie,BOOSTER PACK [Age of Heroes and Kingdoms],COOKIE,PURPLE,PURPLE,1,2,,C,Relentless Grip,"When this Cookie faints and you have 10 cards or more in your trash, select up to 1 of your opponent's Cookies. That Cookie receives 1 damage.",<{P}> Cake Slash deals 1,,0,0,0,BS3-103,0,"When this Cookie faints and you have 10 cards or more in your trash, select up to 1 of your opponent's Cookies. That Cookie receives 1 damage.
<{P}> Cake Slash deals 1",,COMMON,
BS3-102,BS3,102,Poison Mushroom Cookie,BOOSTER PACK [Age of Heroes and Kingdoms],COOKIE,PURPLE,PURPLE MIX,2,4,,U,,,"<{P}{P}{N}> Have a Shroomie! deals 2
Then, both players place 2 cards from the top of their decks into the trash.",,0,0,0,BS3-102,0,"<{P}{P}{N}> Have a Shroomie! deals 2
Then, both players place 2 cards from the top of their decks into the trash.",,UNCOMMON,
BS3-101,BS3,101,Moon Rabbit Cookie,BOOSTER PACK [Age of Heroes and Kingdoms],COOKIE,PURPLE,PURPLE,2,2,,C,,,"<{P}{P}> Wice Cakes! deals 2
Then, <can be used as {P}.> Select up to 1 of your opponent's Cookies whose remaining HP is 2 or less. Place that Cookie in the trash.",,0,0,0,BS3-101,0,"<{P}{P}> Wice Cakes! deals 2
Then, <can be used as {P}.> Select up to 1 of your opponent's Cookies whose remaining HP is 2 or less. Place that Cookie in the trash.",,COMMON,
BS3-100@2,BS3,100@2,Dark Cacao Cookie,promotion-card,COOKIE,PURPLE,PURPLE,3,5,ANCIENT,P,Judgment of Resolution,【On Play】 <{P}{P}> Select up to 2 of your opponent's Cookies. Place up to 1 card from the top of each Cookie's HP into the trash.,"<{P}{P}{P}{P}> Solemn Judgment deals 3
Then, select up to 1 of your opponent's Cookies. Place up to 1 card from the top of that Cookie's HP into the trash.",,0,0,0,BS3-100,1,"【On Play】 <{P}{P}> Select up to 2 of your opponent's Cookies. Place up to 1 card from the top of each Cookie's HP into the trash.
<{P}{P}{P}{P}> Solemn Judgment deals 3
Then, select up to 1 of your opponent's Cookies. Place up to 1 card from the top of that Cookie's HP into the trash.",,PROMOTION,
BS3-100@1,BS3,100@1,Dark Cacao Cookie,BOOSTER PACK [Age of Heroes and Kingdoms],COOKIE,PURPLE,PURPLE,3,5,Ancient,SUR,Judgment of Resolution,【Activate】 <{P}{P}> Select up to 2 of your opponent's Cookies. Place up to 1 card from the top of each Cookie's HP into the trash.,"<{P}{P}{P}{P}> Solemn Judgment deals 3
Then, select up to 1 of your opponent's Cookies. Place up to 1 card from the top of that Cookie's HP into the trash.",,0,0,0,BS3-100,1,"【Activate】 <{P}{P}> Select up to 2 of your opponent's Cookies. Place up to 1 card from the top of each Cookie's HP into the trash.
<{P}{P}{P}{P}> Solemn Judgment deals 3
Then, select up to 1 of your opponent's Cookies. Place up to 1 card from the top of that Cookie's HP into the trash.",,SECRET ULTRA RARE,
BS3-100,BS3,100,Dark Cacao Cookie,BOOSTER PACK [Age of Heroes and Kingdoms],COOKIE,PURPLE,PURPLE,3,5,Ancient,UR,Judgment of Resolution,【Activate】 <{P}{P}> Select up to 2 of your opponent's Cookies. Place up to 1 card from the top of each Cookie's HP into the trash.,"<{P}{P}{P}{P}> Solemn Judgment deals 3
Then, select up to 1 of your opponent's Cookies. Place up to 1 card from the top of that Cookie's HP into the trash.",,0,0,0,BS3-100,0,"【Activate】 <{P}{P}> Select up to 2 of your opponent's Cookies. Place up to 1 card from the top of each Cookie's HP into the trash.
<{P}{P}{P}{P}> Solemn Judgment deals 3
Then, select up to 1 of your opponent's Cookies. Place up to 1 card from the top of that Cookie's HP into the trash.",,ULTRA RARE,
BS3-099@1,BS3,099@1,Dark Choco Cookie,BOOSTER PACK [Age of Heroes and Kingdoms],COOKIE,PURPLE,PURPLE,1,3,,SEC,,,"<{P}{P}> Young Prince's Zeal deals 1
Then, if your trash contains 15 cards or more, select up to 1 of your opponent's Cookies. Place up to 1 card from the top of that Cookie's HP into the trash.",,0,0,0,BS3-099,1,"<{P}{P}> Young Prince's Zeal deals 1
Then, if your trash contains 15 cards or more, select up to 1 of your opponent's Cookies. Place up to 1 card from the top of that Cookie's HP into the trash.",,SECRET RARE,
BS3-099,BS3,099,Dark Choco Cookie,BOOSTER PACK [Age of Heroes and Kingdoms],COOKIE,PURPLE,PURPLE,1,3,,R,,,"<{P}{P}> Young Prince's Zeal deals 1
Then, if your trash contains 15 cards or more, select up to 1 of your opponent's Cookies. Place up to 1 card from the top of that Cookie's HP into the trash.",,0,0,0,BS3-099,0,"<{P}{P}> Young Prince's Zeal deals 1
Then, if your trash contains 15 cards or more, select up to 1 of your opponent's Cookies. Place up to 1 card from the top of that Cookie's HP into the trash.",,RARE,
BS3-098,BS3,098,Kumiho Cookie,BOOSTER PACK [Age of Heroes and Kingdoms],COOKIE,PURPLE,PURPLE,3,5,,C,Hidden Tails,【Activate】 <{P}> <Select 5 {P} cards from your trash that do not have FLIP; return them to your deck and shuffle it.> Select up to 1 of your opponent's Cookies. That Cookie receives 1 damage.,<{P}{P}{P}> Fox Spirit Flames deals 3,,0,0,0,BS3-098,0,"【Activate】 <{P}> <Select 5 {P} cards from your trash that do not have FLIP; return them to your deck and shuffle it.> Select up to 1 of your opponent's Cookies. That Cookie receives 1 damage.
<{P}{P}{P}> Fox Spirit Flames deals 3",,COMMON,
BS3-097@1,BS3,097@1,Licorice Cookie,BOOSTER PACK [Age of Heroes and Kingdoms],COOKIE,PURPLE,PURPLE MIX,1,3,,SEC,Licorice Lightning,"【Activate】 <{P}{P}> Select up to 1 of your opponent's Cookies. That Cookie receives 1 damage. Then, place 1 card from the top of your opponent's deck into the trash.",<{P}{P}{N}> Legion of Darkness deals 2,,0,0,0,BS3-097,1,"【Activate】 <{P}{P}> Select up to 1 of your opponent's Cookies. That Cookie receives 1 damage. Then, place 1 card from the top of your opponent's deck into the trash.
<{P}{P}{N}> Legion of Darkness deals 2",,SECRET RARE,
BS3-097,BS3,097,Licorice Cookie,BOOSTER PACK [Age of Heroes and Kingdoms],COOKIE,PURPLE,PURPLE MIX,1,3,,R,Licorice Lightning,"【Activate】 <{P}{P}> Select up to 1 of your opponent's Cookies. That Cookie receives 1 damage. Then, place 1 card from the top of your opponent's deck into the trash.",<{P}{P}{N}> Legion of Darkness deals 2,,0,0,0,BS3-097,0,"【Activate】 <{P}{P}> Select up to 1 of your opponent's Cookies. That Cookie receives 1 damage. Then, place 1 card from the top of your opponent's deck into the trash.
<{P}{P}{N}> Legion of Darkness deals 2",,RARE,
BS3-096,BS3,096,Peaceful Vanilla Kingdom,BOOSTER PACK [Age of Heroes and Kingdoms],STAGE,BLUE,BLUE,,,,U,,<{B}{B}> Place in your stage area.,"【Activate】 <Rest this card.> If your hand contains 2 cards or less, draw 2 cards from your deck.",,0,0,0,BS3-096,0,"<{B}{B}> Place in your stage area.
【Activate】 <Rest this card.> If your hand contains 2 cards or less, draw 2 cards from your deck.",,UNCOMMON,
BS3-095@2,BS3,095@2,Glorious Crème Republic,2025 NA Champion Cup,STAGE,BLUE,BLUE,,,,P,,"\""<{B}> Place in your stage area.

【Activate】 <{B}> <Rest this card.> Select 1 of the following.
・View 3 cards from the top of your deck; place them back to the top of your deck in any order.
・Draw 1 card from your deck and place this card at the bottom of your deck.\""",,,0,0,0,BS3-095,1,"\""<{B}> Place in your stage area.

【Activate】 <{B}> <Rest this card.> Select 1 of the following.
・View 3 cards from the top of your deck; place them back to the top of your deck in any order.
・Draw 1 card from your deck and place this card at the bottom of your deck.\""",,PROMOTION,
BS3-095@1,BS3,095@1,Glorious Crème Republic,PROMOTION CARD,FLIP,BLUE,BLUE,,,,P,,,"<{B}> Place in your stage area.

【Activate】 <{B}> Select 1 of the following.

・View 3 cards from the top of your deck; place them back to the top of your deck in any order.

・Draw 1 card from your deck and place this card on the bottom of your deck.",,0,0,0,BS3-095,1,"<{B}> Place in your stage area.

【Activate】 <{B}> Select 1 of the following.

・View 3 cards from the top of your deck; place them back to the top of your deck in any order.

・Draw 1 card from your deck and place this card on the bottom of your deck.",,PROMOTION,
BS3-095,BS3,095,Glorious Crème Republic,BOOSTER PACK [Age of Heroes and Kingdoms],STAGE,BLUE,BLUE,,,,U,,<{B}> Place in your stage area.,"【Activate】 <{B}> <Rest this card.> Select 1 of the following.
・View 3 cards from the top of your deck; place them back to the top of your deck in any order.
・Draw 1 card from your deck and place this card at the bottom of your deck.",,0,0,0,BS3-095,0,"<{B}> Place in your stage area.
【Activate】 <{B}> <Rest this card.> Select 1 of the following.
・View 3 cards from the top of your deck; place them back to the top of your deck in any order.
・Draw 1 card from your deck and place this card at the bottom of your deck.",,UNCOMMON,
BS3-094,BS3,094,Radiant Coronation,BOOSTER PACK [Age of Heroes and Kingdoms],TRAP,BLUE,BLUE,,,,U,,,"<{B}{B}> Select up to 1 of your opponent's Cookies. During this turn, that Cookie deals -2 attack damage. Then, view 3 cards from the top of your deck and place them back to the top of your deck in any order.",,0,0,0,BS3-094,0,"<{B}{B}> Select up to 1 of your opponent's Cookies. During this turn, that Cookie deals -2 attack damage. Then, view 3 cards from the top of your deck and place them back to the top of your deck in any order.",,UNCOMMON,
BS3-093,BS3,093,Convocation of Elders,BOOSTER PACK [Age of Heroes and Kingdoms],TRAP,BLUE,BLUE,,,,U,,,"<{B}> Select up to 1 of your opponent's Cookies. During this turn, that Cookie deals -1 attack damage. Then, reveal 1 card from the top of your deck. If that card is a {B} LV.2 Cookie, select up to 1 of your opponent's Cookies. During this turn, that Cookie deals -1 attack damage.",,0,0,0,BS3-093,0,"<{B}> Select up to 1 of your opponent's Cookies. During this turn, that Cookie deals -1 attack damage. Then, reveal 1 card from the top of your deck. If that card is a {B} LV.2 Cookie, select up to 1 of your opponent's Cookies. During this turn, that Cookie deals -1 attack damage.",,UNCOMMON,
BS3-092,BS3,092,Old Vanilla Orchid Locket,BOOSTER PACK [Age of Heroes and Kingdoms],ITEM,BLUE,BLUE,,,,U,,,<{B}{B}{B}> Draw up to 1 card from your deck for each LV.2 Cookie in either battle area.,,0,0,0,BS3-092,0,<{B}{B}{B}> Draw up to 1 card from your deck for each LV.2 Cookie in either battle area.,,UNCOMMON,
BS3-091@1,BS3,091@1,Soul Jam: Light of Truth,BOOSTER PACK [Age of Heroes and Kingdoms],ITEM,BLUE,BLUE,,,,SSR,,,"<{B}{B}{B}> View 3 cards from the top of your deck. Add up to 2 of them to your hand and return the remaining cards to the top of your deck in any order. Then, you can {mou} this card to your [Pure Vanilla Cookie]. When that Cookie attacks, draw 1 card from your deck.",,0,0,0,BS3-091,1,"<{B}{B}{B}> View 3 cards from the top of your deck. Add up to 2 of them to your hand and return the remaining cards to the top of your deck in any order. Then, you can {mou} this card to your [Pure Vanilla Cookie]. When that Cookie attacks, draw 1 card from your deck.",,SECRET SUPER RARE,
BS3-091,BS3,091,Soul Jam: Light of Truth,BOOSTER PACK [Age of Heroes and Kingdoms],ITEM,BLUE,BLUE,,,,SR,,,"<{B}{B}{B}> View 3 cards from the top of your deck. Add up to 2 of them to your hand and return the remaining cards to the top of your deck in any order. Then, you can {mou} this card to your [Pure Vanilla Cookie]. When that Cookie attacks, draw 1 card from your deck.",,0,0,0,BS3-091,0,"<{B}{B}{B}> View 3 cards from the top of your deck. Add up to 2 of them to your hand and return the remaining cards to the top of your deck in any order. Then, you can {mou} this card to your [Pure Vanilla Cookie]. When that Cookie attacks, draw 1 card from your deck.",,SUPER RARE,
BS3-090,BS3,090,Sword of Radiant Light,BOOSTER PACK [Age of Heroes and Kingdoms],ITEM,BLUE,BLUE,,,,U,,,"<{B}{B}> Reveal 1 card from the top of your deck. If that card is a {B} LV.2 Cookie, select up to 1 of your Cookies. During this turn, that Cookie gains +2 attack damage.",,0,0,0,BS3-090,0,"<{B}{B}> Reveal 1 card from the top of your deck. If that card is a {B} LV.2 Cookie, select up to 1 of your Cookies. During this turn, that Cookie gains +2 attack damage.",,UNCOMMON,
BS3-089@1,BS3,089@1,Financier Cookie,BOOSTER PACK [Age of Heroes and Kingdoms],COOKIE,BLUE,BLUE,2,4,,SEC,Paladin's Protection,"【Activate】 <{B}{B}> Select up to 1 of your opponent's Cookies. That Cookie receives 1 damage. Then, take 1 card from the top of this Cookie's HP and add it to the top of your other Cookie's HP.",<{B}{B}{B}> Judgment of Light deals 2,,0,0,0,BS3-089,1,"【Activate】 <{B}{B}> Select up to 1 of your opponent's Cookies. That Cookie receives 1 damage. Then, take 1 card from the top of this Cookie's HP and add it to the top of your other Cookie's HP.
<{B}{B}{B}> Judgment of Light deals 2",,SECRET RARE,
BS3-089,BS3,089,Financier Cookie,BOOSTER PACK [Age of Heroes and Kingdoms],COOKIE,BLUE,BLUE,2,4,,R,Paladin's Protection,"【Activate】 <{B}{B}> Select up to 1 of your opponent's Cookies. That Cookie receives 1 damage. Then, take 1 card from the top of this Cookie's HP and add it to the top of your other Cookie's HP.",<{B}{B}{B}> Judgment of Light deals 2,,0,0,0,BS3-089,0,"【Activate】 <{B}{B}> Select up to 1 of your opponent's Cookies. That Cookie receives 1 damage. Then, take 1 card from the top of this Cookie's HP and add it to the top of your other Cookie's HP.
<{B}{B}{B}> Judgment of Light deals 2",,RARE,
BS3-088@2,BS3,088@2,Pure Vanilla Cookie,promotion-card,COOKIE,BLUE,BLUE,3,4,ANCIENT,P,Healing Radiance,"【On Play】 <{B}> Draw up to 3 cards from your deck. Then, place 1 card from your hand on the top of your deck.","<{B}{B}{B}{B}> I Will Not Falter! deals 4
Then, <discard 1 card.> Select up to 1 Cookie in your battle area. That Cookie gains +1 HP.",,0,0,0,BS3-088,1,"【On Play】 <{B}> Draw up to 3 cards from your deck. Then, place 1 card from your hand on the top of your deck.
<{B}{B}{B}{B}> I Will Not Falter! deals 4
Then, <discard 1 card.> Select up to 1 Cookie in your battle area. That Cookie gains +1 HP.",,PROMOTION,
BS3-088@1,BS3,088@1,Pure Vanilla Cookie,BOOSTER PACK [Age of Heroes and Kingdoms],COOKIE,BLUE,BLUE,3,4,Ancient,SUR,Healing Radiance,"【Activate】 <{B}> Draw up to 3 cards from your deck. Then, place 1 card from your hand on the top of your deck.","<{B}{B}{B}{B}> I Will Not Falter! deals 4
Then, <discard 1 card.> Select up to 1 Cookie in your battle area. That Cookie gains +1 HP.",,0,0,0,BS3-088,1,"【Activate】 <{B}> Draw up to 3 cards from your deck. Then, place 1 card from your hand on the top of your deck.
<{B}{B}{B}{B}> I Will Not Falter! deals 4
Then, <discard 1 card.> Select up to 1 Cookie in your battle area. That Cookie gains +1 HP.",,SECRET ULTRA RARE,
BS3-088,BS3,088,Pure Vanilla Cookie,BOOSTER PACK [Age of Heroes and Kingdoms],COOKIE,BLUE,BLUE,3,4,Ancient,UR,Healing Radiance,"【Activate】 <{B}> Draw up to 3 cards from your deck. Then, place 1 card from your hand on the top of your deck.","<{B}{B}{B}{B}> I Will Not Falter! deals 4
Then, <discard 1 card.> Select up to 1 Cookie in your battle area. That Cookie gains +1 HP.",,0,0,0,BS3-088,0,"【Activate】 <{B}> Draw up to 3 cards from your deck. Then, place 1 card from your hand on the top of your deck.
<{B}{B}{B}{B}> I Will Not Falter! deals 4
Then, <discard 1 card.> Select up to 1 Cookie in your battle area. That Cookie gains +1 HP.",,ULTRA RARE,
BS3-087@1,BS3,087@1,Clotted Cream Cookie,BOOSTER PACK [Age of Heroes and Kingdoms],COOKIE,BLUE,BLUE,2,4,,SSR,Consul's Orders,"【Activate】 【Once Per Turn】 <{B}> Reveal 1 card from the top of your deck. If that card is a {B} LV.2 Cookie, select up to 1 of your opponent's Cookies. That Cookie receives 1 damage.","<{B}{B}{B}> Cloak of Light deals 3
Then, if there is a [Soul Jam] card in your support area and if the attacked Cookie is LV.1, that Cookie receives 1 damage.",,0,0,0,BS3-087,1,"【Activate】 【Once Per Turn】 <{B}> Reveal 1 card from the top of your deck. If that card is a {B} LV.2 Cookie, select up to 1 of your opponent's Cookies. That Cookie receives 1 damage.
<{B}{B}{B}> Cloak of Light deals 3
Then, if there is a [Soul Jam] card in your support area and if the attacked Cookie is LV.1, that Cookie receives 1 damage.",,SECRET SUPER RARE,
BS3-087,BS3,087,Clotted Cream Cookie,BOOSTER PACK [Age of Heroes and Kingdoms],COOKIE,BLUE,BLUE,2,4,,SR,Consul's Orders,"【Activate】 【Once Per Turn】 <{B}> Reveal 1 card from the top of your deck. If that card is a {B} LV.2 Cookie, select up to 1 of your opponent's Cookies. That Cookie receives 1 damage.","<{B}{B}{B}> Cloak of Light deals 3
Then, if there is a [Soul Jam] card in your support area and if the attacked Cookie is LV.1, that Cookie receives 1 damage.",,0,0,0,BS3-087,0,"【Activate】 【Once Per Turn】 <{B}> Reveal 1 card from the top of your deck. If that card is a {B} LV.2 Cookie, select up to 1 of your opponent's Cookies. That Cookie receives 1 damage.
<{B}{B}{B}> Cloak of Light deals 3
Then, if there is a [Soul Jam] card in your support area and if the attacked Cookie is LV.1, that Cookie receives 1 damage.",,SUPER RARE,
BS3-086,BS3,086,Kouign-Amann Cookie,BOOSTER PACK [Age of Heroes and Kingdoms],COOKIE,BLUE,BLUE,2,1,,U,,,"<{B}{B}> Greatsword of Justice deals 3
Then, if there is a LV.3 Cookie in your battle area, <discard 1 card.> Deals 1 damage.",,0,0,0,BS3-086,0,"<{B}{B}> Greatsword of Justice deals 3
Then, if there is a LV.3 Cookie in your battle area, <discard 1 card.> Deals 1 damage.",,UNCOMMON,
BS3-085,BS3,085,Custard Cookie,BOOSTER PACK [Age of Heroes and Kingdoms],FLIP,BLUE,BLUE,2,2,,C,,,<{B}{B}> Political Schemer deals 2,<Discard 1 card.> The Cookie with this card attached for HP gains +1 HP.,0,0,0,BS3-085,0,"<{B}{B}> Political Schemer deals 2
<Discard 1 card.> The Cookie with this card attached for HP gains +1 HP.",,COMMON,
BS3-084,BS3,084,Custard Cookie III,BOOSTER PACK [Age of Heroes and Kingdoms],COOKIE,BLUE,BLUE MIX,2,3,,C,,,<{B}{N}> King's Royal Scepter! deals 2,,0,0,0,BS3-084,0,<{B}{N}> King's Royal Scepter! deals 2,,COMMON,
BS3-083,BS3,083,Captain Caviar Cookie,BOOSTER PACK [Age of Heroes and Kingdoms],COOKIE,BLUE,BLUE,2,5,,C,Seasoned Captain,【Activate】 View 3 cards from the top of your deck; place them on the top of your deck in any order.,<{B}{B}{B}{B}> Black Shark Torpedo deals 3,,0,0,0,BS3-083,0,"【Activate】 View 3 cards from the top of your deck; place them on the top of your deck in any order.
<{B}{B}{B}{B}> Black Shark Torpedo deals 3",,COMMON,
BS3-082,BS3,082,GingerBrave,BOOSTER PACK [Age of Heroes and Kingdoms],COOKIE,BLUE,BLUE,3,3,,C,100\% Bravery,"If your hand contains 5 cards or less, this Cookie takes no damage from effects.",<{B}{B}{B}> Brave Charge deals 3,,0,0,0,BS3-082,0,"If your hand contains 5 cards or less, this Cookie takes no damage from effects.
<{B}{B}{B}> Brave Charge deals 3",,COMMON,
BS3-081@1,BS3,081@1,Oyster Cookie,BOOSTER PACK [Age of Heroes and Kingdoms],COOKIE,BLUE,BLUE,2,1,,SEC,Pearl Legion,"【Activate】 <{B}{B}> <Discard 1 card.> Select up to 1 of your opponent's Cookies. That Cookie receives 1 damage. Then, place this Cookie on the top of your deck.",<{B}{B}> Might of House Oyster deals 1,,0,0,0,BS3-081,1,"【Activate】 <{B}{B}> <Discard 1 card.> Select up to 1 of your opponent's Cookies. That Cookie receives 1 damage. Then, place this Cookie on the top of your deck.
<{B}{B}> Might of House Oyster deals 1",,SECRET RARE,
BS3-081,BS3,081,Oyster Cookie,BOOSTER PACK [Age of Heroes and Kingdoms],COOKIE,BLUE,BLUE,2,1,,R,Pearl Legion,"【Activate】 <{B}{B}> <Discard 1 card.> Select up to 1 of your opponent's Cookies. That Cookie receives 1 damage. Then, place this Cookie on the top of your deck.",<{B}{B}> Might of House Oyster deals 1,,0,0,0,BS3-081,0,"【Activate】 <{B}{B}> <Discard 1 card.> Select up to 1 of your opponent's Cookies. That Cookie receives 1 damage. Then, place this Cookie on the top of your deck.
<{B}{B}> Might of House Oyster deals 1",,RARE,
BS3-080,BS3,080,Espresso Cookie,BOOSTER PACK [Age of Heroes and Kingdoms],COOKIE,BLUE,BLUE,1,2,,U,,,"<{B}> Perfect Extraction deals 1
Then, <can be used as {B}.> Reveal 1 card from the top of your deck. If that card is a {B} LV.2 Cookie, draw up to 2 cards from your deck.",,0,0,0,BS3-080,0,"<{B}> Perfect Extraction deals 1
Then, <can be used as {B}.> Reveal 1 card from the top of your deck. If that card is a {B} LV.2 Cookie, draw up to 2 cards from your deck.",,UNCOMMON,
BS3-079,BS3,079,Sugar Gnome,BOOSTER PACK [Age of Heroes and Kingdoms],COOKIE,BLUE,BLUE MIX,2,5,,C,,,<{B}{B}{N}{N}> Artisanal Hammering deals 3,,0,0,0,BS3-079,0,<{B}{B}{N}{N}> Artisanal Hammering deals 3,,COMMON,
BS3-078,BS3,078,Wizard Cookie,BOOSTER PACK [Age of Heroes and Kingdoms],COOKIE,BLUE,BLUE,2,3,,C,Arcane Research,【Activate】 <Discard 2 cards.> Draw up to 2 cards from your deck.,<{B}{B}> Magic Storm deals 2,,0,0,0,BS3-078,0,"【Activate】 <Discard 2 cards.> Draw up to 2 cards from your deck.
<{B}{B}> Magic Storm deals 2",,COMMON,
BS3-077@1,BS3,077@1,Madeleine Cookie,BOOSTER PACK [Age of Heroes and Kingdoms],COOKIE,BLUE,BLUE,2,3,,SUR,"Light, Guide My Blade!","【Activate】 【Once Per Turn】 <{B}> <Discard 2 cards.> Select up to 1 of your opponent's Cookies. That Cookie receives 1 damage. Then, set this Cookie as active.",<{B}{B}> Sword of Radiant Light deals 2,,0,0,0,BS3-077,1,"【Activate】 【Once Per Turn】 <{B}> <Discard 2 cards.> Select up to 1 of your opponent's Cookies. That Cookie receives 1 damage. Then, set this Cookie as active.
<{B}{B}> Sword of Radiant Light deals 2",,SECRET ULTRA RARE,
BS3-077,BS3,077,Madeleine Cookie,BOOSTER PACK [Age of Heroes and Kingdoms],COOKIE,BLUE,BLUE,2,3,,UR,"Light, Guide My Blade!","【Activate】 【Once Per Turn】 <{B}> <Discard 2 cards.> Select up to 1 of your opponent's Cookies. That Cookie receives 1 damage. Then, set this Cookie as active.",<{B}{B}> Sword of Radiant Light deals 2,,0,0,0,BS3-077,0,"【Activate】 【Once Per Turn】 <{B}> <Discard 2 cards.> Select up to 1 of your opponent's Cookies. That Cookie receives 1 damage. Then, set this Cookie as active.
<{B}{B}> Sword of Radiant Light deals 2",,ULTRA RARE,
BS3-076@2,BS3,076@2,Strawberry Crepe Cookie,promotion-card,COOKIE,BLUE,BLUE,3,5,,P,Ingredient Analysis,【Your Turn】 【On Play】 Select up to 1 Cookie that is LV.2 or lower from either player's battle area. Place that Cookie on the top of the owner's deck.,"<{B}{B}{B}> Crepe Thrust 3
Then, <{B}> Reveal 1 card from the top of your deck. If that card is a {B} LV.2 Cookie, deals 2 damage.",,0,0,0,BS3-076,1,"【Your Turn】 【On Play】 Select up to 1 Cookie that is LV.2 or lower from either player's battle area. Place that Cookie on the top of the owner's deck.
<{B}{B}{B}> Crepe Thrust 3
Then, <{B}> Reveal 1 card from the top of your deck. If that card is a {B} LV.2 Cookie, deals 2 damage.",,PROMOTION,
BS3-076@1,BS3,076@1,Strawberry Crepe Cookie,BOOSTER PACK [Age of Heroes and Kingdoms],COOKIE,BLUE,BLUE,3,5,,SSR,Ingredient Analysis,【Your Turn】 【Activate】 Select up to 1 Cookie that is LV.2 or lower from either player's battle area. Place that Cookie on the top of the owner's deck.,"<{B}{B}{B}> Crepe Thrust deals 3
Then, <can be used as {B}.> Reveal 1 card from the top of your deck. If that card is a {B} LV.2 Cookie, deals 2 damage.",,0,0,0,BS3-076,1,"【Your Turn】 【Activate】 Select up to 1 Cookie that is LV.2 or lower from either player's battle area. Place that Cookie on the top of the owner's deck.
<{B}{B}{B}> Crepe Thrust deals 3
Then, <can be used as {B}.> Reveal 1 card from the top of your deck. If that card is a {B} LV.2 Cookie, deals 2 damage.",,SECRET SUPER RARE,
BS3-076,BS3,076,Strawberry Crepe Cookie,BOOSTER PACK [Age of Heroes and Kingdoms],COOKIE,BLUE,BLUE,3,5,,SR,Ingredient Analysis,【Your Turn】 【Activate】 Select up to 1 Cookie that is LV.2 or lower from either player's battle area. Place that Cookie on the top of the owner's deck.,"<{B}{B}{B}> Crepe Thrust deals 3
Then, <can be used as {B}.> Reveal 1 card from the top of your deck. If that card is a {B} LV.2 Cookie, deals 2 damage.",,0,0,0,BS3-076,0,"【Your Turn】 【Activate】 Select up to 1 Cookie that is LV.2 or lower from either player's battle area. Place that Cookie on the top of the owner's deck.
<{B}{B}{B}> Crepe Thrust deals 3
Then, <can be used as {B}.> Reveal 1 card from the top of your deck. If that card is a {B} LV.2 Cookie, deals 2 damage.",,SUPER RARE,
BS3-075,BS3,075,Strawberry Cookie,BOOSTER PACK [Age of Heroes and Kingdoms],COOKIE,BLUE,BLUE MIX,2,2,,C,Life Can Get Lonely...,【Activate】 <Discard 1 card.> Place this Cookie on the top of your deck.,<{B}{B}{N}> Lollipop Whirlwind deals 2,,0,0,0,BS3-075,0,"【Activate】 <Discard 1 card.> Place this Cookie on the top of your deck.
<{B}{B}{N}> Lollipop Whirlwind deals 2",,COMMON,
BS3-074,BS3,074,Grand Madeleine Cookie,BOOSTER PACK [Age of Heroes and Kingdoms],FLIP,BLUE,BLUE,1,1,,C,,,<{B}> Matriarch's Command deals 1,Draw up to 1 card from your deck.,0,0,0,BS3-074,0,"<{B}> Matriarch's Command deals 1
Draw up to 1 card from your deck.",,COMMON,
BS3-073,BS3,073,Candy Diver Cookie,BOOSTER PACK [Age of Heroes and Kingdoms],COOKIE,BLUE,BLUE,2,2,,C,Deep Sea Exploration,"【Activate】 【Once Per Turn】 <{B}> Reveal up to 1 card from the bottom of your deck. If that card is a Cookie, place that card on the top of your deck. If it is non-Cookie card, add that card to your hand.",<{B}{B}> Abyss of the Duskgloom Sea deals 1,,0,0,0,BS3-073,0,"【Activate】 【Once Per Turn】 <{B}> Reveal up to 1 card from the bottom of your deck. If that card is a Cookie, place that card on the top of your deck. If it is non-Cookie card, add that card to your hand.
<{B}{B}> Abyss of the Duskgloom Sea deals 1",,COMMON,
BS3-072,BS3,072,Mystical Faerie Kingdom,BOOSTER PACK [Age of Heroes and Kingdoms],STAGE,GREEN,GREEN,,,,U,,<{G}{G}> Place in your stage area.,"【Activate】 <{G}{G}> <Rest this card.> If your opponent's support area contains 5 cards or more, select up to 1 active card from your opponent's support area. Rest that card.",,0,0,0,BS3-072,0,"<{G}{G}> Place in your stage area.
【Activate】 <{G}{G}> <Rest this card.> If your opponent's support area contains 5 cards or more, select up to 1 active card from your opponent's support area. Rest that card.",,UNCOMMON,
BS3-071,BS3,071,Ancient Silver Tree,BOOSTER PACK [Age of Heroes and Kingdoms],STAGE,GREEN,GREEN,,,,U,,<{G}{G}> Place in your stage area.,"【Activate】 <{G}{G}{G}> <Rest this card.> Select up to 2 of your opponent's Cookies. During this turn, those Cookies' HP-attached FLIP effects cannot be activated. If a selected Cookie is LV.3, place this card in the trash.",,0,0,0,BS3-071,0,"<{G}{G}> Place in your stage area.
【Activate】 <{G}{G}{G}> <Rest this card.> Select up to 2 of your opponent's Cookies. During this turn, those Cookies' HP-attached FLIP effects cannot be activated. If a selected Cookie is LV.3, place this card in the trash.",,UNCOMMON,
BS3-070,BS3,070,Puppet Theater of Chaos,BOOSTER PACK [Age of Heroes and Kingdoms],TRAP,GREEN,GREEN,,,,U,,,"<{G}{G}> Select up to 2 of your opponent's Cookies. During this turn, those Cookies deal -1 attack damage each. Then, if your support area contains 5 cards or more, draw up to 2 cards from your deck and discard 1 card.",,0,0,0,BS3-070,0,"<{G}{G}> Select up to 2 of your opponent's Cookies. During this turn, those Cookies deal -1 attack damage each. Then, if your support area contains 5 cards or more, draw up to 2 cards from your deck and discard 1 card.",,UNCOMMON,
BS3-069@1,BS3,069@1,The New Guardian's Power,PROMOTION CARD,TRAP,GREEN,GREEN,,,,P,,,"<{G}{G}> Select up to 1 of your opponent's Cookies. During this turn, that Cookie deals -2 attack damage. Then, <place 2 cards from your support area into the trash.> Select up to 1 of your opponent's Cookies. That Cookie receives 1 damage.",,0,0,0,BS3-069,1,"<{G}{G}> Select up to 1 of your opponent's Cookies. During this turn, that Cookie deals -2 attack damage. Then, <place 2 cards from your support area into the trash.> Select up to 1 of your opponent's Cookies. That Cookie receives 1 damage.",,PROMOTION,
BS3-069,BS3,069,The New Guardian's Power,BOOSTER PACK [Age of Heroes and Kingdoms],TRAP,GREEN,GREEN,,,,U,,,"<{G}{G}> Select up to 1 of your opponent's Cookies. During this turn, that Cookie deals -2 attack damage. Then, <place 2 cards from your support area into the trash.> Select up to 1 of your opponent's Cookies. That Cookie receives 1 damage.",,0,0,0,BS3-069,0,"<{G}{G}> Select up to 1 of your opponent's Cookies. During this turn, that Cookie deals -2 attack damage. Then, <place 2 cards from your support area into the trash.> Select up to 1 of your opponent's Cookies. That Cookie receives 1 damage.",,UNCOMMON,
BS3-068,BS3,068,Elder Faerie's Sword,BOOSTER PACK [Age of Heroes and Kingdoms],ITEM,GREEN,GREEN,,,,U,,,"<{G}{G}{G}> Select 1 of the following.
・Place this card in your support area as rested.
・Deal 1 damage to all of your opponent's Cookies. Then, place 2 cards from your support area into the trash.",,0,0,0,BS3-068,0,"<{G}{G}{G}> Select 1 of the following.
・Place this card in your support area as rested.
・Deal 1 damage to all of your opponent's Cookies. Then, place 2 cards from your support area into the trash.",,UNCOMMON,
BS3-067,BS3,067,Faerie Kingdom's Music,BOOSTER PACK [Age of Heroes and Kingdoms],ITEM,GREEN,GREEN,,,,U,,,"<{G}{G}{G}> Draw up to 2 cards from your deck. Then, if your support area contains 6 cards or less, set up to 1 card in your support area as active.",,0,0,0,BS3-067,0,"<{G}{G}{G}> Draw up to 2 cards from your deck. Then, if your support area contains 6 cards or less, set up to 1 card in your support area as active.",,UNCOMMON,
BS3-066@1,BS3,066@1,Soul Jam: Light of Freedom,BOOSTER PACK [Age of Heroes and Kingdoms],ITEM,GREEN,GREEN,,,,SSR,,,"<{G}{G}{G}> Return 1 card from your support area to your hand, and place 1 card from the top of your deck into your support area as active. Then, you can {mou} this card to your [White Lily Cookie]. When that Cookie attacks, set up to 1 card from your support area as active.",,0,0,0,BS3-066,1,"<{G}{G}{G}> Return 1 card from your support area to your hand, and place 1 card from the top of your deck into your support area as active. Then, you can {mou} this card to your [White Lily Cookie]. When that Cookie attacks, set up to 1 card from your support area as active.",,SECRET SUPER RARE,
BS3-066,BS3,066,Soul Jam: Light of Freedom,BOOSTER PACK [Age of Heroes and Kingdoms],ITEM,GREEN,GREEN,,,,SR,,,"<{G}{G}{G}> Return 1 card from your support area to your hand, and place 1 card from the top of your deck into your support area as active. Then, you can {mou} this card to your [White Lily Cookie]. When that Cookie attacks, set up to 1 card from your support area as active.",,0,0,0,BS3-066,0,"<{G}{G}{G}> Return 1 card from your support area to your hand, and place 1 card from the top of your deck into your support area as active. Then, you can {mou} this card to your [White Lily Cookie]. When that Cookie attacks, set up to 1 card from your support area as active.",,SUPER RARE,
BS3-065,BS3,065,Herb Cookie,BOOSTER PACK [Age of Heroes and Kingdoms],COOKIE,GREEN,GREEN,1,2,,U,"Sprouts, Grow!","【Activate】 <{G}{G}> Place up to 1 card from your hand into your support area as rested. Then, if your support area contains 8 cards or more, draw up to 1 card from your deck.",<{G}{G}> Watering Time deals 1,,0,0,0,BS3-065,0,"【Activate】 <{G}{G}> Place up to 1 card from your hand into your support area as rested. Then, if your support area contains 8 cards or more, draw up to 1 card from your deck.
<{G}{G}> Watering Time deals 1",,UNCOMMON,
BS3-064,BS3,064,Clover Cookie,BOOSTER PACK [Age of Heroes and Kingdoms],COOKIE,GREEN,GREEN,1,2,,C,Lucky Clover,"When this Cookie faints, <return 1 card from your support area to your hand.> Draw up to 1 card from your deck.",<{G}> Bard's Song deals 1,,0,0,0,BS3-064,0,"When this Cookie faints, <return 1 card from your support area to your hand.> Draw up to 1 card from your deck.
<{G}> Bard's Song deals 1",,COMMON,
BS3-063,BS3,063,Carameleon Cookie,BOOSTER PACK [Age of Heroes and Kingdoms],COOKIE,GREEN,GREEN MIX,1,3,,U,Bonafide Survivalist,【Activate】 <Return 1 card from your support area to your hand.> Place up to 1 card from your hand into your support area as rested.,<{G}{N}> Off We Go! deals 1,,0,0,0,BS3-063,0,"【Activate】 <Return 1 card from your support area to your hand.> Place up to 1 card from your hand into your support area as rested.
<{G}{N}> Off We Go! deals 1",,UNCOMMON,
BS3-062,BS3,062,Carol Cookie,BOOSTER PACK [Age of Heroes and Kingdoms],COOKIE,GREEN,GREEN,2,3,,C,Song of Joy,"【Activate】 If your support area contains 5 cards or more, select up to 1 of your other {G} Cookies. During this turn, that Cookie gains +1 attack damage.",<{G}{G}> Song of Destruction deals 2,,0,0,0,BS3-062,0,"【Activate】 If your support area contains 5 cards or more, select up to 1 of your other {G} Cookies. During this turn, that Cookie gains +1 attack damage.
<{G}{G}> Song of Destruction deals 2",,COMMON,
BS3-061@1,BS3,061@1,Silverbell Cookie,BOOSTER PACK [Age of Heroes and Kingdoms],COOKIE,GREEN,GREEN,1,2,,SSR,Knight's Will,"When this Cookie faints, <place 1 card from your support area into the trash.> If your support area contains 5 cards or more, deals 1 damage to all of your opponent's Cookies.",<{G}{G}> Shining Arrow deals 2,,0,0,0,BS3-061,1,"When this Cookie faints, <place 1 card from your support area into the trash.> If your support area contains 5 cards or more, deals 1 damage to all of your opponent's Cookies.
<{G}{G}> Shining Arrow deals 2",,SECRET SUPER RARE,
BS3-061,BS3,061,Silverbell Cookie,BOOSTER PACK [Age of Heroes and Kingdoms],COOKIE,GREEN,GREEN,1,2,,SR,Knight's Will,"When this Cookie faints, <place 1 card from your support area into the trash.> If your support area contains 5 cards or more, deals 1 damage to all of your opponent's Cookies.",<{G}{G}> Shining Arrow deals 2,,0,0,0,BS3-061,0,"When this Cookie faints, <place 1 card from your support area into the trash.> If your support area contains 5 cards or more, deals 1 damage to all of your opponent's Cookies.
<{G}{G}> Shining Arrow deals 2",,SUPER RARE,
BS3-060@1,BS3,060@1,Elder Faerie Cookie,BOOSTER PACK [Age of Heroes and Kingdoms],COOKIE,GREEN,GREEN,3,5,,SUR,Guardian of the Seal,【Activate】 <{G}> Select up to 1 active card from your opponent's support area. Rest that card.,"<{G}{G}{G}{G}{G}> Guardian Strike deals 5
Then, place 2 cards from the top of this Cookie's HP cards into the trash. When this makes the Cookie's HP reach 0, set up to 2 cards from your support area as active.",,0,0,0,BS3-060,1,"【Activate】 <{G}> Select up to 1 active card from your opponent's support area. Rest that card.
<{G}{G}{G}{G}{G}> Guardian Strike deals 5
Then, place 2 cards from the top of this Cookie's HP cards into the trash. When this makes the Cookie's HP reach 0, set up to 2 cards from your support area as active.",,SECRET ULTRA RARE,
BS3-060,BS3,060,Elder Faerie Cookie,BOOSTER PACK [Age of Heroes and Kingdoms],COOKIE,GREEN,GREEN,3,5,,UR,Guardian of the Seal,【Activate】 <{G}> Select up to 1 active card from your opponent's support area. Rest that card.,"<{G}{G}{G}{G}{G}> Guardian Strike deals 5
Then, place 2 cards from the top of this Cookie's HP cards into the trash. When this makes the Cookie's HP reach 0, set up to 2 cards from your support area as active.",,0,0,0,BS3-060,0,"【Activate】 <{G}> Select up to 1 active card from your opponent's support area. Rest that card.
<{G}{G}{G}{G}{G}> Guardian Strike deals 5
Then, place 2 cards from the top of this Cookie's HP cards into the trash. When this makes the Cookie's HP reach 0, set up to 2 cards from your support area as active.",,ULTRA RARE,
BS3-059,BS3,059,Onion Cookie,BOOSTER PACK [Age of Heroes and Kingdoms],COOKIE,GREEN,GREEN MIX,3,5,,C,,,<{G}{G}{N}{N}> Unstoppable Tears deals 4,,0,0,0,BS3-059,0,<{G}{G}{N}{N}> Unstoppable Tears deals 4,,COMMON,
BS3-058,BS3,058,Avocado Cookie,BOOSTER PACK [Age of Heroes and Kingdoms],FLIP,GREEN,GREEN,3,3,,C,,,<{G}{G}{G}> Delightful Smithing deals 3,Draw up to 1 card from your deck.,0,0,0,BS3-058,0,"<{G}{G}{G}> Delightful Smithing deals 3
Draw up to 1 card from your deck.",,COMMON,
BS3-057@1,BS3,057@1,Mercurial Knight Cookie,BOOSTER PACK [Age of Heroes and Kingdoms],COOKIE,GREEN,GREEN,2,4,,SEC,Mercurial Knight's Oath,"【Activate】 If your support area contains 5 cards or more, select up to 1 of your opponent's Cookies. That Cookie receives 1 damage.",<{G}{G}{G}{G}> Knight's Charge deals 3,,0,0,0,BS3-057,1,"【Activate】 If your support area contains 5 cards or more, select up to 1 of your opponent's Cookies. That Cookie receives 1 damage.
<{G}{G}{G}{G}> Knight's Charge deals 3",,SECRET RARE,
BS3-057,BS3,057,Mercurial Knight Cookie,BOOSTER PACK [Age of Heroes and Kingdoms],COOKIE,GREEN,GREEN,2,4,,R,Mercurial Knight's Oath,"【Activate】 If your support area contains 5 cards or more, select up to 1 of your opponent's Cookies. That Cookie receives 1 damage.",<{G}{G}{G}{G}> Knight's Charge deals 3,,0,0,0,BS3-057,0,"【Activate】 If your support area contains 5 cards or more, select up to 1 of your opponent's Cookies. That Cookie receives 1 damage.
<{G}{G}{G}{G}> Knight's Charge deals 3",,RARE,
BS3-056,BS3,056,Pinecone Cookie,BOOSTER PACK [Age of Heroes and Kingdoms],FLIP,GREEN,GREEN,1,1,,C,,,<{G}> Pinecone Bomb deals 1,<Discard 1 card.> The Cookie with this card attached for HP gains +1 HP.,0,0,0,BS3-056,0,"<{G}> Pinecone Bomb deals 1
<Discard 1 card.> The Cookie with this card attached for HP gains +1 HP.",,COMMON,
BS3-055@2,BS3,055@2,White Lily Cookie,promotion-card,COOKIE,GREEN,GREEN,3,5,ANCIENT,P,Lily Restoration,【On Play】 <{G}> Place up to 1 {G} card from your support area to the top of this Cookie's HP.,"<{G}{G}{G}{G}> Blossoming Power of Nature deals 4
Then, <{G}> If this Cookie's remaining HP is 5 or more, select up to 1 active card from your opponent's support area. Place that card in the trash.",,0,0,0,BS3-055,1,"【On Play】 <{G}> Place up to 1 {G} card from your support area to the top of this Cookie's HP.
<{G}{G}{G}{G}> Blossoming Power of Nature deals 4
Then, <{G}> If this Cookie's remaining HP is 5 or more, select up to 1 active card from your opponent's support area. Place that card in the trash.",,PROMOTION,
BS3-055@1,BS3,055@1,White Lily Cookie,BOOSTER PACK [Age of Heroes and Kingdoms],COOKIE,GREEN,GREEN,3,5,Ancient,SUR,Lily Restoration,【Activate】 <{G}> Place up to 1 {G} card from your support area to the top of this Cookie's HP.,"<{G}{G}{G}{G}> Blossoming Power of Nature deals 4
Then, <can be used as {G}.> If this Cookie's remaining HP is 5 or more, select up to 1 active card from your opponent's support area. Place that card in the trash.",,0,0,0,BS3-055,1,"【Activate】 <{G}> Place up to 1 {G} card from your support area to the top of this Cookie's HP.
<{G}{G}{G}{G}> Blossoming Power of Nature deals 4
Then, <can be used as {G}.> If this Cookie's remaining HP is 5 or more, select up to 1 active card from your opponent's support area. Place that card in the trash.",,SECRET ULTRA RARE,
BS3-055,BS3,055,White Lily Cookie,BOOSTER PACK [Age of Heroes and Kingdoms],COOKIE,GREEN,GREEN,3,5,Ancient,UR,Lily Restoration,【Activate】 <{G}> Place up to 1 {G} card from your support area to the top of this Cookie's HP.,"<{G}{G}{G}{G}> Blossoming Power of Nature deals 4
Then, <can be used as {G}.> If this Cookie's remaining HP is 5 or more, select up to 1 active card from your opponent's support area. Place that card in the trash.",,0,0,0,BS3-055,0,"【Activate】 <{G}> Place up to 1 {G} card from your support area to the top of this Cookie's HP.
<{G}{G}{G}{G}> Blossoming Power of Nature deals 4
Then, <can be used as {G}.> If this Cookie's remaining HP is 5 or more, select up to 1 active card from your opponent's support area. Place that card in the trash.",,ULTRA RARE,
BS3-054,BS3,054,Beet Cookie,BOOSTER PACK [Age of Heroes and Kingdoms],COOKIE,GREEN,GREEN MIX,2,3,,C,Tenacity,"When your turn ends, if your support area contains 2 or more active cards, draw up to 1 card from your deck.",<{G}{G}{N}> Piquant Hunter's Bolt deals 2,,0,0,0,BS3-054,0,"When your turn ends, if your support area contains 2 or more active cards, draw up to 1 card from your deck.
<{G}{G}{N}> Piquant Hunter's Bolt deals 2",,COMMON,
BS3-053@1,BS3,053@1,Butter Roll Cookie,BOOSTER PACK [Age of Heroes and Kingdoms],COOKIE,GREEN,GREEN,1,3,,SEC,Dough Experiment,【Activate】 【Once Per Turn】 <Place 1 card from your support area into the trash.> Select up to 1 other {G} Cookie in your battle area and set them as active.,"<{G}{G}> Bold, Ambitious Baking deals 1",,0,0,0,BS3-053,1,"【Activate】 【Once Per Turn】 <Place 1 card from your support area into the trash.> Select up to 1 other {G} Cookie in your battle area and set them as active.
<{G}{G}> Bold, Ambitious Baking deals 1",,SECRET RARE,
BS3-053,BS3,053,Butter Roll Cookie,BOOSTER PACK [Age of Heroes and Kingdoms],COOKIE,GREEN,GREEN,1,3,,R,Dough Experiment,【Activate】 【Once Per Turn】 <Place 1 card from your support area into the trash.> Select up to 1 other {G} Cookie in your battle area and set them as active.,"<{G}{G}> Bold, Ambitious Baking deals 1",,0,0,0,BS3-053,0,"【Activate】 【Once Per Turn】 <Place 1 card from your support area into the trash.> Select up to 1 other {G} Cookie in your battle area and set them as active.
<{G}{G}> Bold, Ambitious Baking deals 1",,RARE,
BS3-052,BS3,052,Mint Choco Cookie,BOOSTER PACK [Age of Heroes and Kingdoms],COOKIE,GREEN,GREEN,1,2,,C,Concerto of Victory,【Activate】 <Place 1 card from your support area into the trash.> Select up to 1 of your other Cookies whose remaining HP is 2 or less. That Cookie gains +1 HP.,<{G}{G}> Enchanting Performance deals 2,,0,0,0,BS3-052,0,"【Activate】 <Place 1 card from your support area into the trash.> Select up to 1 of your other Cookies whose remaining HP is 2 or less. That Cookie gains +1 HP.
<{G}{G}> Enchanting Performance deals 2",,COMMON,
BS3-051,BS3,051,Fig Cookie,BOOSTER PACK [Age of Heroes and Kingdoms],COOKIE,GREEN,GREEN,2,2,,C,Jelly Horn,"【Once Per Turn】 When your opponent's Cookie attacks, <can be used as {G}.> If your support area contains 5 cards or more, select up to 1 of your opponent's Cookies. During this turn, that Cookie deals -1 attack damage.",<{G}{G}> Jelly Horn march deals 2,,0,0,0,BS3-051,0,"【Once Per Turn】 When your opponent's Cookie attacks, <can be used as {G}.> If your support area contains 5 cards or more, select up to 1 of your opponent's Cookies. During this turn, that Cookie deals -1 attack damage.
<{G}{G}> Jelly Horn march deals 2",,COMMON,
BS3-050@1,BS3,050@1,Matcha Cookie,BOOSTER PACK [Age of Heroes and Kingdoms],COOKIE,GREEN,GREEN,2,4,,SSR,Gloomy Darkness,"【Activate】 【Once Per Turn】 <{G}> If your support area contains 7 cards or more, select up to 1 of your opponent's Cookies. That Cookie receives 1 damage.",<{G}{G}{G}> Seed Spheres deals 3,,0,0,0,BS3-050,1,"【Activate】 【Once Per Turn】 <{G}> If your support area contains 7 cards or more, select up to 1 of your opponent's Cookies. That Cookie receives 1 damage.
<{G}{G}{G}> Seed Spheres deals 3",,SECRET SUPER RARE,
BS3-050,BS3,050,Matcha Cookie,BOOSTER PACK [Age of Heroes and Kingdoms],COOKIE,GREEN,GREEN,2,4,,SR,Gloomy Darkness,"【Activate】 【Once Per Turn】 <{G}> If your support area contains 7 cards or more, select up to 1 of your opponent's Cookies. That Cookie receives 1 damage.",<{G}{G}{G}> Seed Spheres deals 3,,0,0,0,BS3-050,0,"【Activate】 【Once Per Turn】 <{G}> If your support area contains 7 cards or more, select up to 1 of your opponent's Cookies. That Cookie receives 1 damage.
<{G}{G}{G}> Seed Spheres deals 3",,SUPER RARE,
BS3-049,BS3,049,Carrot Cookie,BOOSTER PACK [Age of Heroes and Kingdoms],COOKIE,GREEN,GREEN MIX,2,3,,C,,,<{G}{N}> Giant Carrot Harvest deals 2,,0,0,0,BS3-049,0,<{G}{N}> Giant Carrot Harvest deals 2,,COMMON,
BS3-048,BS3,048,Golden City's Control Chamber,BOOSTER PACK [Age of Heroes and Kingdoms],STAGE,YELLOW,YELLOW,,,,U,,<{Y}{Y}> Place in your stage area.,"【Activate】 <{Y}{Y}> <Rest this card.> Select up to 1 LV.2 or higher Cookies in your battle area. During this turn, that Cookie gains +1 attack damage for each {Y} LV.3 Cookie in your break area.",,0,0,0,BS3-048,0,"<{Y}{Y}> Place in your stage area.
【Activate】 <{Y}{Y}> <Rest this card.> Select up to 1 LV.2 or higher Cookies in your battle area. During this turn, that Cookie gains +1 attack damage for each {Y} LV.3 Cookie in your break area.",,UNCOMMON,
BS3-047,BS3,047,Kingdom of Eternal Abundance,BOOSTER PACK [Age of Heroes and Kingdoms],STAGE,YELLOW,YELLOW,,,,U,,<{Y}{Y}> Place in your stage area.,"【Activate】 <{Y}> <Rest this card.> Select {Y} cards from your hand until their total LV. sum reaches LV.3. Place those Cookies in your break area. Then, play 1 {Y} LV.3 Cookie from your break area.",,0,0,0,BS3-047,0,"<{Y}{Y}> Place in your stage area.
【Activate】 <{Y}> <Rest this card.> Select {Y} cards from your hand until their total LV. sum reaches LV.3. Place those Cookies in your break area. Then, play 1 {Y} LV.3 Cookie from your break area.",,UNCOMMON,
BS3-046,BS3,046,Golden Cheese Colosseum,BOOSTER PACK [Age of Heroes and Kingdoms],TRAP,YELLOW,YELLOW,,,,U,,,"<{Y}{Y}> <Place 1 {Y} Cookie from your hand into your break area.> During this battle, if any of your {Y} LV.2 or higher Cookies faint, select up to 1 {Y} LV.1 Cookie from your break area and play them.",,0,0,0,BS3-046,0,"<{Y}{Y}> <Place 1 {Y} Cookie from your hand into your break area.> During this battle, if any of your {Y} LV.2 or higher Cookies faint, select up to 1 {Y} LV.1 Cookie from your break area and play them.",,UNCOMMON,
BS3-045,BS3,045,Golden Monarch's Counterattack,BOOSTER PACK [Age of Heroes and Kingdoms],TRAP,YELLOW,YELLOW,,,,U,,,<{Y}{Y}> Select up to 1 of your opponent's Cookies. That Cookie receives 1 damage for each LV.3 Cookie in your break area.,,0,0,0,BS3-045,0,<{Y}{Y}> Select up to 1 of your opponent's Cookies. That Cookie receives 1 damage for each LV.3 Cookie in your break area.,,UNCOMMON,
BS3-044,BS3,044,Cheesepad Tablet,BOOSTER PACK [Age of Heroes and Kingdoms],ITEM,YELLOW,YELLOW,,,,U,,,<{Y}{Y}> <Place 1 LV.2 or higher Cookie from your hand into your break area.> Return up to 1 {Y} LV.2 or lower Cookie from your break area to your hand.,,0,0,0,BS3-044,0,<{Y}{Y}> <Place 1 LV.2 or higher Cookie from your hand into your break area.> Return up to 1 {Y} LV.2 or lower Cookie from your break area to your hand.,,UNCOMMON,
BS3-043@1,BS3,043@1,Soul Jam: Light of Abundance,BOOSTER PACK [Age of Heroes and Kingdoms],ITEM,YELLOW,YELLOW,,,,SSR,,,"<{Y}{Y}{Y}> Deals 1 damage to all of your opponent's Cookies. Then, you can {mou} this card to your [Golden Cheese Cookie]. That Cookie gains +2 HP.",,0,0,0,BS3-043,1,"<{Y}{Y}{Y}> Deals 1 damage to all of your opponent's Cookies. Then, you can {mou} this card to your [Golden Cheese Cookie]. That Cookie gains +2 HP.",,SECRET SUPER RARE,
BS3-043,BS3,043,Soul Jam: Light of Abundance,BOOSTER PACK [Age of Heroes and Kingdoms],ITEM,YELLOW,YELLOW,,,,SR,,,"<{Y}{Y}{Y}> Deals 1 damage to all of your opponent's Cookies. Then, you can {mou} this card to your [Golden Cheese Cookie]. That Cookie gains +2 HP.",,0,0,0,BS3-043,0,"<{Y}{Y}{Y}> Deals 1 damage to all of your opponent's Cookies. Then, you can {mou} this card to your [Golden Cheese Cookie]. That Cookie gains +2 HP.",,SUPER RARE,
BS3-042,BS3,042,Golden Cheese Guardian Golem,BOOSTER PACK [Age of Heroes and Kingdoms],ITEM,YELLOW,YELLOW,,,,U,,,<{Y}> <Place 1 {Y} Cookie from your battle area into your break area.> Select up to 1 of your opponent's Cookies. That Cookie receives 2 damage.,,0,0,0,BS3-042,0,<{Y}> <Place 1 {Y} Cookie from your battle area into your break area.> Select up to 1 of your opponent's Cookies. That Cookie receives 2 damage.,,UNCOMMON,
BS3-041@1,BS3,041@1,Fettuccine Cookie,BOOSTER PACK [Age of Heroes and Kingdoms],COOKIE,YELLOW,YELLOW,1,1,,SSR,,,"<{Y}{Y}> Unstable Strength deals 3
Then, place this Cookie in your break area.",,0,0,0,BS3-041,1,"<{Y}{Y}> Unstable Strength deals 3
Then, place this Cookie in your break area.",,SECRET SUPER RARE,
BS3-041,BS3,041,Fettuccine Cookie,BOOSTER PACK [Age of Heroes and Kingdoms],COOKIE,YELLOW,YELLOW,1,1,,SR,,,"<{Y}{Y}> Unstable Strength deals 3
Then, place this Cookie in your break area.",,0,0,0,BS3-041,0,"<{Y}{Y}> Unstable Strength deals 3
Then, place this Cookie in your break area.",,SUPER RARE,
BS3-040,BS3,040,Adventurer Cookie,BOOSTER PACK [Age of Heroes and Kingdoms],COOKIE,YELLOW,YELLOW,3,3,,C,Baumkuchen Rope,【Activate】 <{Y}{Y}> Select up to 1 LV.1 Cookie from either player's battle area. Place that Cookie in the owner's break area.,<{Y}{Y}{Y}> Rope Throwing deals 3,,0,0,0,BS3-040,0,"【Activate】 <{Y}{Y}> Select up to 1 LV.1 Cookie from either player's battle area. Place that Cookie in the owner's break area.
<{Y}{Y}{Y}> Rope Throwing deals 3",,COMMON,
BS3-039,BS3,039,Crème Brûlée Cookie,BOOSTER PACK [Age of Heroes and Kingdoms],COOKIE,YELLOW,YELLOW MIX,2,3,,C,,,<{Y}{N}> Accelerando deals 2,,0,0,0,BS3-039,0,<{Y}{N}> Accelerando deals 2,,COMMON,
BS3-038,BS3,038,Cocoa Cookie,BOOSTER PACK [Age of Heroes and Kingdoms],COOKIE,YELLOW,YELLOW,2,2,,C,Another Cup of Cocoa!,【Activate】 <Place 1 LV.2 or higher Cookie from your hand into your break area.> Return up to 1 {Y} LV.2 or lower Cookie from your break area to your hand.,<{Y}{Y}> Cocoa is Love! deals 2,,0,0,0,BS3-038,0,"【Activate】 <Place 1 LV.2 or higher Cookie from your hand into your break area.> Return up to 1 {Y} LV.2 or lower Cookie from your break area to your hand.
<{Y}{Y}> Cocoa is Love! deals 2",,COMMON,
BS3-037,BS3,037,Angel Cookie,BOOSTER PACK [Age of Heroes and Kingdoms],COOKIE,YELLOW,YELLOW,1,2,,C,,,"<{Y}> Nocturnal Guide deals 1
Then, when your opponent's Cookie faints from this Cookie's attack, <can be used as {Y}.> This Cookie gains +1 HP.",,0,0,0,BS3-037,0,"<{Y}> Nocturnal Guide deals 1
Then, when your opponent's Cookie faints from this Cookie's attack, <can be used as {Y}.> This Cookie gains +1 HP.",,COMMON,
BS3-036,BS3,036,Olive Cookie,BOOSTER PACK [Age of Heroes and Kingdoms],COOKIE,YELLOW,YELLOW,1,2,,U,Archaeologist,"【Activate】 Select 1 of your other {Y} Cookies in your battle area. Place that Cookie in your break area. Then, draw up to 2 cards from your deck.",<{Y}> Skilled Excavator deals 1,,0,0,0,BS3-036,0,"【Activate】 Select 1 of your other {Y} Cookies in your battle area. Place that Cookie in your break area. Then, draw up to 2 cards from your deck.
<{Y}> Skilled Excavator deals 1",,UNCOMMON,
BS3-035,BS3,035,High Priest Cheesenbird,BOOSTER PACK [Age of Heroes and Kingdoms],FLIP,YELLOW,YELLOW,2,2,,C,,,<{Y}{Y}> Stinging Beak deals 2,<Discard 1 card.> The Cookie with this card attached for HP gains +1 HP.,0,0,0,BS3-035,0,"<{Y}{Y}> Stinging Beak deals 2
<Discard 1 card.> The Cookie with this card attached for HP gains +1 HP.",,COMMON,
BS3-034,BS3,034,Sparkling Cookie,BOOSTER PACK [Age of Heroes and Kingdoms],COOKIE,YELLOW,YELLOW MIX,2,5,,C,,,<{Y}{Y}{N}{N}> Fizzy and Tangy deals 3,,0,0,0,BS3-034,0,<{Y}{Y}{N}{N}> Fizzy and Tangy deals 3,,COMMON,
BS3-033@1,BS3,033@1,Stardust Cookie,BOOSTER PACK [Age of Heroes and Kingdoms],COOKIE,YELLOW,YELLOW,2,3,,SEC,,,"<{Y}{Y}> Wrath of the Golden Falcon deals 2
Then, <can be used as {Y}.> Select up to 1 of your opponent's Cookies whose remaining HP is 1. Place that Cookie in your opponent's break area.",,0,0,0,BS3-033,1,"<{Y}{Y}> Wrath of the Golden Falcon deals 2
Then, <can be used as {Y}.> Select up to 1 of your opponent's Cookies whose remaining HP is 1. Place that Cookie in your opponent's break area.",,SECRET RARE,
BS3-033,BS3,033,Stardust Cookie,BOOSTER PACK [Age of Heroes and Kingdoms],COOKIE,YELLOW,YELLOW,2,3,,R,,,"<{Y}{Y}> Wrath of the Golden Falcon deals 2
Then, <can be used as {Y}.> Select up to 1 of your opponent's Cookies whose remaining HP is 1. Place that Cookie in your opponent's break area.",,0,0,0,BS3-033,0,"<{Y}{Y}> Wrath of the Golden Falcon deals 2
Then, <can be used as {Y}.> Select up to 1 of your opponent's Cookies whose remaining HP is 1. Place that Cookie in your opponent's break area.",,RARE,
BS3-032@2,BS3,032@2,Smoked Cheese Cookie,promotion card,COOKIE,YELLOW,YELLOW,3,5,,P,,,"<{Y}{Y}{Y}{Y}> Festering Greed deals 4
Then, <{Y}> Select up to 1 {Y} LV.1 Cookie from your break area and play them.",,0,0,0,BS3-032,1,"<{Y}{Y}{Y}{Y}> Festering Greed deals 4
Then, <{Y}> Select up to 1 {Y} LV.1 Cookie from your break area and play them.",,PROMOTION,
BS3-032@1,BS3,032@1,Smoked Cheese Cookie,BOOSTER PACK [Age of Heroes and Kingdoms],COOKIE,YELLOW,YELLOW,3,5,,SEC,,,"<{Y}{Y}{Y}{Y}> Festering Greed deals 4
Then, <can be used as {Y}.> Select up to 1 {Y} LV.1 Cookie from your break area and play them.",,0,0,0,BS3-032,1,"<{Y}{Y}{Y}{Y}> Festering Greed deals 4
Then, <can be used as {Y}.> Select up to 1 {Y} LV.1 Cookie from your break area and play them.",,SECRET RARE,
BS3-032,BS3,032,Smoked Cheese Cookie,BOOSTER PACK [Age of Heroes and Kingdoms],COOKIE,YELLOW,YELLOW,3,5,,R,,,"<{Y}{Y}{Y}{Y}> Festering Greed deals 4
Then, <can be used as {Y}.> Select up to 1 {Y} LV.1 Cookie from your break area and play them.",,0,0,0,BS3-032,0,"<{Y}{Y}{Y}{Y}> Festering Greed deals 4
Then, <can be used as {Y}.> Select up to 1 {Y} LV.1 Cookie from your break area and play them.",,RARE,
BS3-031,BS3,031,Pancake Cookie,BOOSTER PACK [Age of Heroes and Kingdoms],COOKIE,YELLOW,YELLOW,1,3,,C,Acorn Jellies!!!,【Activate】 Select up to 1 of your other Cookies. Take 1 card from the top of that Cookie's HP and place it to the top of this Cookie's HP.,<{Y}{Y}> I'm Flying! *Whoosh* deals 1,,0,0,0,BS3-031,0,"【Activate】 Select up to 1 of your other Cookies. Take 1 card from the top of that Cookie's HP and place it to the top of this Cookie's HP.
<{Y}{Y}> I'm Flying! *Whoosh* deals 1",,COMMON,
BS3-030,BS3,030,Black Raisin Cookie,BOOSTER PACK [Age of Heroes and Kingdoms],COOKIE,YELLOW,YELLOW,2,3,,U,Blessing of the Desert,【Activate】 Place up to 1 card from your hand to the top of this Cookie's HP.,<{Y}{Y}{Y}> Piercing Sandstorm deals 3,,0,0,0,BS3-030,0,"【Activate】 Place up to 1 card from your hand to the top of this Cookie's HP.
<{Y}{Y}{Y}> Piercing Sandstorm deals 3",,UNCOMMON,
BS3-029@1,BS3,029@1,Burnt Cheese Cookie,BOOSTER PACK [Age of Heroes and Kingdoms],COOKIE,YELLOW,YELLOW,1,2,,SSR,Protector of the Golden City,"When this Cookie faints, <can be used as {Y}.> Play up to 1 {Y} Cookie from your hand. Then, that Cookie gains +1 HP.",<{Y}{Y}> Pack of Jackals deals 2,,0,0,0,BS3-029,1,"When this Cookie faints, <can be used as {Y}.> Play up to 1 {Y} Cookie from your hand. Then, that Cookie gains +1 HP.
<{Y}{Y}> Pack of Jackals deals 2",,SECRET SUPER RARE,
BS3-029,BS3,029,Burnt Cheese Cookie,BOOSTER PACK [Age of Heroes and Kingdoms],COOKIE,YELLOW,YELLOW,1,2,,SR,Protector of the Golden City,"When this Cookie faints, <can be used as {Y}.> Play up to 1 {Y} Cookie from your hand. Then, that Cookie gains +1 HP.",<{Y}{Y}> Pack of Jackals deals 2,,0,0,0,BS3-029,0,"When this Cookie faints, <can be used as {Y}.> Play up to 1 {Y} Cookie from your hand. Then, that Cookie gains +1 HP.
<{Y}{Y}> Pack of Jackals deals 2",,SUPER RARE,
BS3-028@1,BS3,028@1,Mozzarella Cookie,BOOSTER PACK [Age of Heroes and Kingdoms],COOKIE,YELLOW,YELLOW,3,4,,SUR,Control Chamber's Mastermind,"【Activate】 <{Y}> <Discard 1 card.> If your opponent's break area is LV.6 or lower, select up to 1 LV.1 Cookie from your opponent's trash. Place that Cookie in your opponent's break area.","<{Y}{Y}{Y}> Command initiated! deals 3
Then, if this Cookie's remaining HP is 5 or less, this Cookie gains +1 HP.",,0,0,0,BS3-028,1,"【Activate】 <{Y}> <Discard 1 card.> If your opponent's break area is LV.6 or lower, select up to 1 LV.1 Cookie from your opponent's trash. Place that Cookie in your opponent's break area.
<{Y}{Y}{Y}> Command initiated! deals 3
Then, if this Cookie's remaining HP is 5 or less, this Cookie gains +1 HP.",,SECRET ULTRA RARE,
BS3-028,BS3,028,Mozzarella Cookie,BOOSTER PACK [Age of Heroes and Kingdoms],COOKIE,YELLOW,YELLOW,3,4,,UR,Control Chamber's Mastermind,"【Activate】 <{Y}> <Discard 1 card.> If your opponent's break area is LV.6 or lower, select up to 1 LV.1 Cookie from your opponent's trash. Place that Cookie in your opponent's break area.","<{Y}{Y}{Y}> Command initiated! deals 3
Then, if this Cookie's remaining HP is 5 or less, this Cookie gains +1 HP.",,0,0,0,BS3-028,0,"【Activate】 <{Y}> <Discard 1 card.> If your opponent's break area is LV.6 or lower, select up to 1 LV.1 Cookie from your opponent's trash. Place that Cookie in your opponent's break area.
<{Y}{Y}{Y}> Command initiated! deals 3
Then, if this Cookie's remaining HP is 5 or less, this Cookie gains +1 HP.",,ULTRA RARE,
BS3-027@1,BS3,027@1,Marzipan Cookie,Judge promotion,FLIP,YELLOW,YELLOW,3,3,,P,,,<{Y}{Y}{Y}> Containment Protocol deals 3,Draw up to 1 card from your deck.,0,0,0,BS3-027,1,"<{Y}{Y}{Y}> Containment Protocol deals 3
Draw up to 1 card from your deck.",,PROMOTION,
BS3-027,BS3,027,Marzipan Cookie,BOOSTER PACK [Age of Heroes and Kingdoms],FLIP,YELLOW,YELLOW,3,3,,C,,,<{Y}{Y}{Y}> Containment Protocol deals 3,Draw up to 1 card from your deck.,0,0,0,BS3-027,0,"<{Y}{Y}{Y}> Containment Protocol deals 3
Draw up to 1 card from your deck.",,COMMON,
BS3-026,BS3,026,Linzer Cookie,BOOSTER PACK [Age of Heroes and Kingdoms],COOKIE,YELLOW,YELLOW MIX,1,3,,C,Impeccable Deduction,【Activate】 <{Y}> Select up to 1 of your Cookies. View all of that Cookie's HP cards and rearrange them in any order.,<{Y}{N}> The Culprit... is YOU! deals 1,,0,0,0,BS3-026,0,"【Activate】 <{Y}> Select up to 1 of your Cookies. View all of that Cookie's HP cards and rearrange them in any order.
<{Y}{N}> The Culprit... is YOU! deals 1",,COMMON,
BS3-025@2,BS3,025@2,Golden Cheese Cookie,promotion-card,COOKIE,YELLOW,YELLOW,3,3,ANCIENT,P,Golden Monarch's Resurrection,"【Your Turn】 This skill can only be used once per game. If this Cookie is in your break area, <{Y}> Play this Cookie in your battle area with 1 HP.",<{Y}{Y}{Y}{Y}> Authority of the Absolute deals 4,,0,0,0,BS3-025,1,"【Your Turn】 This skill can only be used once per game. If this Cookie is in your break area, <{Y}> Play this Cookie in your battle area with 1 HP.
<{Y}{Y}{Y}{Y}> Authority of the Absolute deals 4",,PROMOTION,
BS3-025@1,BS3,025@1,Golden Cheese Cookie,BOOSTER PACK [Age of Heroes and Kingdoms],COOKIE,YELLOW,YELLOW,3,3,Ancient,SUR,Golden Monarch's Resurrection,"【Your Turn】 This skill can only be used once per game. If this Cookie is in your break area, <can be used as {Y}.> Play this Cookie in your battle area with 1 HP.",<{Y}{Y}{Y}{Y}> Authority of the Absolute deals 4,,0,0,0,BS3-025,1,"【Your Turn】 This skill can only be used once per game. If this Cookie is in your break area, <can be used as {Y}.> Play this Cookie in your battle area with 1 HP.
<{Y}{Y}{Y}{Y}> Authority of the Absolute deals 4",,SECRET ULTRA RARE,
BS3-025,BS3,025,Golden Cheese Cookie,BOOSTER PACK [Age of Heroes and Kingdoms],COOKIE,YELLOW,YELLOW,3,3,Ancient,UR,Golden Monarch's Resurrection,"【Your Turn】 This skill can only be used once per game. If this Cookie is in your break area, <can be used as {Y}.> Play this Cookie in your battle area with 1 HP.",<{Y}{Y}{Y}{Y}> Authority of the Absolute deals 4,,0,0,0,BS3-025,0,"【Your Turn】 This skill can only be used once per game. If this Cookie is in your break area, <can be used as {Y}.> Play this Cookie in your battle area with 1 HP.
<{Y}{Y}{Y}{Y}> Authority of the Absolute deals 4",,ULTRA RARE,
BS3-024,BS3,024,Dragon's Valley,BOOSTER PACK [Age of Heroes and Kingdoms],FLIP,,Red,,,,U,,,"<{R}{R}> Place in your stage area.

【Activate】 <{R}{R}> <Rest this card.> <Make 1 of your {R} Cookies faint.> Select up to 1 of your Cookies. During this turn, that Cookie gains +2 attack damage.",,0,0,0,BS3-024,0,"<{R}{R}> Place in your stage area.

【Activate】 <{R}{R}> <Rest this card.> <Make 1 of your {R} Cookies faint.> Select up to 1 of your Cookies. During this turn, that Cookie gains +2 attack damage.",,UNCOMMON,
BS3-023,BS3,023,Passionate Hollyberry Kingdom,BOOSTER PACK [Age of Heroes and Kingdoms],STAGE,RED,RED,,,,U,,<{R}> Place in your stage area.,"【Activate】 <{R}{R}> <Rest this card.> Select up to 1 of your Cookies. Then, select 1 of the following.
・During this turn, that Cookie gains +1 attack damage.
・Return 1 card from the top of this Cookie's HP to your hand.",,0,0,0,BS3-023,0,"<{R}> Place in your stage area.
【Activate】 <{R}{R}> <Rest this card.> Select up to 1 of your Cookies. Then, select 1 of the following.
・During this turn, that Cookie gains +1 attack damage.
・Return 1 card from the top of this Cookie's HP to your hand.",,UNCOMMON,
BS3-022,BS3,022,Banquet of Victory,BOOSTER PACK [Age of Heroes and Kingdoms],TRAP,RED,RED,,,,U,,,"<{R}> If your break area is LV.6 or higher, select up to 1 of your opponent's Cookies. That Cookie deals -1 attack damage. Then, that Cookie receives 1 damage.",,0,0,0,BS3-022,0,"<{R}> If your break area is LV.6 or higher, select up to 1 of your opponent's Cookies. That Cookie deals -1 attack damage. Then, that Cookie receives 1 damage.",,UNCOMMON,
BS3-021,BS3,021,Oath on the Shield,BOOSTER PACK [Age of Heroes and Kingdoms],TRAP,RED,RED,,,,U,,,"<{R}{R}> Select up to 1 of your opponent's Cookies. During this turn, that Cookie deals -3 attack damage. Then, select 1 of your Cookies. That Cookie receives 1 damage.",,0,0,0,BS3-021,0,"<{R}{R}> Select up to 1 of your opponent's Cookies. During this turn, that Cookie deals -3 attack damage. Then, select 1 of your Cookies. That Cookie receives 1 damage.",,UNCOMMON,
BS3-020,BS3,020,Miniature Dragon Boat,BOOSTER PACK [Age of Heroes and Kingdoms],ITEM,RED,RED MIX,,,,U,,,<{R}{N}> Select up to 1 of your {R} Cookies. Return up to 3 cards from the top of that Cookie's HP to your hand.,,0,0,0,BS3-020,0,<{R}{N}> Select up to 1 of your {R} Cookies. Return up to 3 cards from the top of that Cookie's HP to your hand.,,UNCOMMON,
BS3-019@1,BS3,019@1,Soul Jam: Light of Passion,BOOSTER PACK [Age of Heroes and Kingdoms],ITEM,RED,RED,,,,SSR,,,"<{R}{R}{R}> Select up to 1 of your opponent's Cookies. That Cookie receives 2 damage. Then, you can {mou} this card to your [Hollyberry Cookie]. That Cookie gains +1 attack damage.",,0,0,0,BS3-019,1,"<{R}{R}{R}> Select up to 1 of your opponent's Cookies. That Cookie receives 2 damage. Then, you can {mou} this card to your [Hollyberry Cookie]. That Cookie gains +1 attack damage.",,SECRET SUPER RARE,
BS3-019,BS3,019,Soul Jam: Light of Passion,BOOSTER PACK [Age of Heroes and Kingdoms],ITEM,RED,RED,,,,SR,,,"<{R}{R}{R}> Select up to 1 of your opponent's Cookies. That Cookie receives 2 damage. Then, you can {mou} this card to your [Hollyberry Cookie]. That Cookie gains +1 attack damage.",,0,0,0,BS3-019,0,"<{R}{R}{R}> Select up to 1 of your opponent's Cookies. That Cookie receives 2 damage. Then, you can {mou} this card to your [Hollyberry Cookie]. That Cookie gains +1 attack damage.",,SUPER RARE,
BS3-018,BS3,018,Mushroom Spore Punch,BOOSTER PACK [Age of Heroes and Kingdoms],ITEM,RED,RED,,,,U,,,"<{R}{R}> Select 1 of the following.
・During this turn, your opponent cannot activate 【Blocker】.
・If there are no Cookies that have 【Blocker】 in your opponent's battle area, select up to 1 of your opponent's Cookies. That Cookie receives 1 damage.",,0,0,0,BS3-018,0,"<{R}{R}> Select 1 of the following.
・During this turn, your opponent cannot activate 【Blocker】.
・If there are no Cookies that have 【Blocker】 in your opponent's battle area, select up to 1 of your opponent's Cookies. That Cookie receives 1 damage.",,UNCOMMON,
BS3-017@2,BS3,017@2,Hollyberry Cookie,promotion-card,COOKIE,RED,RED,3,5,ANCIENT,P,Hollyberry Shield,Any damage of 3 or more received by this Cookie is reduced to 2.,"<{R}{R}{R}> Sound the Charge! deals 3 
Then, select up to 1 of your other Cookies. During this turn, that Cookie gains +1 attack damage.",,0,0,0,BS3-017,1,"Any damage of 3 or more received by this Cookie is reduced to 2.
<{R}{R}{R}> Sound the Charge! deals 3 
Then, select up to 1 of your other Cookies. During this turn, that Cookie gains +1 attack damage.",,PROMOTION,
BS3-017@1,BS3,017@1,Hollyberry Cookie,BOOSTER PACK [Age of Heroes and Kingdoms],COOKIE,RED,RED,3,5,Ancient,SUR,Hollyberry Shield,Any damage of 3 or more received by this Cookie is reduced to 2.,"<{R}{R}{R}> Sound the Charge! deals 3
Then, select up to 1 of your other Cookies. During this turn, that Cookie gains +1 attack damage.",,0,0,0,BS3-017,1,"Any damage of 3 or more received by this Cookie is reduced to 2.
<{R}{R}{R}> Sound the Charge! deals 3
Then, select up to 1 of your other Cookies. During this turn, that Cookie gains +1 attack damage.",,SECRET ULTRA RARE,
BS3-017,BS3,017,Hollyberry Cookie,BOOSTER PACK [Age of Heroes and Kingdoms],COOKIE,RED,RED,3,5,Ancient,UR,Hollyberry Shield,Any damage of 3 or more received by this Cookie is reduced to 2.,"<{R}{R}{R}> Sound the Charge! deals 3
Then, select up to 1 of your other Cookies. During this turn, that Cookie gains +1 attack damage.",,0,0,0,BS3-017,0,"Any damage of 3 or more received by this Cookie is reduced to 2.
<{R}{R}{R}> Sound the Charge! deals 3
Then, select up to 1 of your other Cookies. During this turn, that Cookie gains +1 attack damage.",,ULTRA RARE,
BS3-016@1,BS3,016@1,Tarte Tatin Cookie,BOOSTER PACK [Age of Heroes and Kingdoms],COOKIE,RED,RED,1,2,,SEC,Wizened Hunter,"【Activate】 【Once Per Turn】 During this turn, if your opponent's Cookie faints from this Cookie's attack, set this Cookie as active.",<{R}> Cannon Blast deals 1,,0,0,0,BS3-016,1,"【Activate】 【Once Per Turn】 During this turn, if your opponent's Cookie faints from this Cookie's attack, set this Cookie as active.
<{R}> Cannon Blast deals 1",,SECRET RARE,
BS3-016,BS3,016,Tarte Tatin Cookie,BOOSTER PACK [Age of Heroes and Kingdoms],COOKIE,RED,RED,1,2,,R,Wizened Hunter,"【Activate】 【Once Per Turn】 During this turn, if your opponent's Cookie faints from this Cookie's attack, set this Cookie as active.",<{R}> Cannon Blast deals 1,,0,0,0,BS3-016,0,"【Activate】 【Once Per Turn】 During this turn, if your opponent's Cookie faints from this Cookie's attack, set this Cookie as active.
<{R}> Cannon Blast deals 1",,RARE,
BS3-015,BS3,015,Capsaicin Cookie,BOOSTER PACK [Age of Heroes and Kingdoms],COOKIE,RED,RED MIX,2,5,,C,,,<{R}{R}{N}{N}> Capsaicin Magma deals 3,,0,0,0,BS3-015,0,<{R}{R}{N}{N}> Capsaicin Magma deals 3,,COMMON,
BS3-014,BS3,014,Schwarzwälder,BOOSTER PACK [Age of Heroes and Kingdoms],COOKIE,RED,RED,2,3,,U,"Roar of the \""Princess\""","If there is a Cookie that has 【Blocker】 in either player's battle area, this Cookie gains +1 attack damage.",<{R}{R}> Hammer Smash deals 2,,0,0,0,BS3-014,0,"If there is a Cookie that has 【Blocker】 in either player's battle area, this Cookie gains +1 attack damage.
<{R}{R}> Hammer Smash deals 2",,UOMMON,
BS3-013@1,BS3,013@1,Tiger Lily Cookie,BOOSTER PACK [Age of Heroes and Kingdoms],COOKIE,RED,RED,1,2,,SSR,Tiger Rider,"【Activate】 During this turn, this Cookie gains +1 attack damage.","<{R}> Wild Spear deals 1
Then, attack damage of 2 or more received by this Cookie is reduced to 1 until the end of your opponent's turn.",,0,0,0,BS3-013,1,"【Activate】 During this turn, this Cookie gains +1 attack damage.
<{R}> Wild Spear deals 1
Then, attack damage of 2 or more received by this Cookie is reduced to 1 until the end of your opponent's turn.",,SECRET SUPER RARE,
BS3-013,BS3,013,Tiger Lily Cookie,BOOSTER PACK [Age of Heroes and Kingdoms],COOKIE,RED,RED,1,2,,SR,Tiger Rider,"【Activate】 During this turn, this Cookie gains +1 attack damage.","<{R}> Wild Spear deals 1
Then, attack damage of 2 or more received by this Cookie is reduced to 1 until the end of your opponent's turn.",,0,0,0,BS3-013,0,"【Activate】 During this turn, this Cookie gains +1 attack damage.
<{R}> Wild Spear deals 1
Then, attack damage of 2 or more received by this Cookie is reduced to 1 until the end of your opponent's turn.",,SUPER RARE,
BS3-012,BS3,012,Jungleberry Cookie,BOOSTER PACK [Age of Heroes and Kingdoms],FLIP,RED,RED,3,3,,C,,,<{R}{R}{R}> Queen's Wisdom deals 3,<Discard 1 card.> The Cookie with this card attached for HP gains +1 HP.,0,0,0,BS3-012,0,"<{R}{R}{R}> Queen's Wisdom deals 3
<Discard 1 card.> The Cookie with this card attached for HP gains +1 HP.",,COMMON,
BS3-011,BS3,011,Knight Cookie,BOOSTER PACK [Age of Heroes and Kingdoms],COOKIE,RED,RED,1,2,,C,,,"<{R}> Cavalry Charge deals 1
Then, <can be used as {R}{R}.> Select up to 1 of your opponent's Cookies. That Cookie receives 1 damage.",,0,0,0,BS3-011,0,"<{R}> Cavalry Charge deals 1
Then, <can be used as {R}{R}.> Select up to 1 of your opponent's Cookies. That Cookie receives 1 damage.",,COMMON,
BS3-010@2,BS3,010@2,Pitaya Dragon Cookie,2026 Brave League Season 3,COOKIE,RED,RED,3,5,,P,Dragon Roar,【Your Turn】 【On Play】 Select up to 1 of your opponent's LV.1 Cookies. Make that Cookie faint.,"<{R}{R}{R}> Endt Ihn Daond! deals 3
Then, <{R}> Select up to 1 of your opponent's Cookies. That Cookie receives 1 damage.",,0,0,0,BS3-010,1,"【Your Turn】 【On Play】 Select up to 1 of your opponent's LV.1 Cookies. Make that Cookie faint.
<{R}{R}{R}> Endt Ihn Daond! deals 3
Then, <{R}> Select up to 1 of your opponent's Cookies. That Cookie receives 1 damage.",,PROMOTION,
BS3-010@1,BS3,010@1,Pitaya Dragon Cookie,BOOSTER PACK [Age of Heroes and Kingdoms],COOKIE,RED,RED,3,5,Dragon,SUR,Dragon Roar,【Your Turn】 【Activate】 Select up to 1 of your opponent's LV.1 Cookies. Make that Cookie faint.,"<{R}{R}{R}> Endt Ihn Daond! deals 3
Then, <can be used as {R}.> Select up to 1 of your opponent's Cookies. That Cookie receives 1 damage.",,0,0,0,BS3-010,1,"【Your Turn】 【Activate】 Select up to 1 of your opponent's LV.1 Cookies. Make that Cookie faint.
<{R}{R}{R}> Endt Ihn Daond! deals 3
Then, <can be used as {R}.> Select up to 1 of your opponent's Cookies. That Cookie receives 1 damage.",,SECRET ULTRA RARE,
BS3-010,BS3,010,Pitaya Dragon Cookie,BOOSTER PACK [Age of Heroes and Kingdoms],COOKIE,RED,RED,3,5,Dragon,UR,Dragon Roar,【Your Turn】 【Activate】 Select up to 1 of your opponent's LV.1 Cookies. Make that Cookie faint.,"<{R}{R}{R}> Endt Ihn Daond! deals 3
Then, <can be used as {R}.> Select up to 1 of your opponent's Cookies. That Cookie receives 1 damage.",,0,0,0,BS3-010,0,"【Your Turn】 【Activate】 Select up to 1 of your opponent's LV.1 Cookies. Make that Cookie faint.
<{R}{R}{R}> Endt Ihn Daond! deals 3
Then, <can be used as {R}.> Select up to 1 of your opponent's Cookies. That Cookie receives 1 damage.",,ULTRA RARE,
BS3-009@2,BS3,009@2,Wildberry Cookie,2026 Summer Champion Cup,COOKIE,RED,RED MIX,2,4,,P,Head-On Charge,【On Play】 <{R}> <Discard 1 card.> Select up to 1 of your opponent's Cookies. That Cookie receives 1 damage.,"<{R}{N}{N}> Wild Punch deals 3
Then, if there is a [Soul Jam] card in your support area, deals 1 damage..",,0,0,0,BS3-009,1,"【On Play】 <{R}> <Discard 1 card.> Select up to 1 of your opponent's Cookies. That Cookie receives 1 damage.
<{R}{N}{N}> Wild Punch deals 3
Then, if there is a [Soul Jam] card in your support area, deals 1 damage..",,PROMOTION,
BS3-009@1,BS3,009@1,Wildberry Cookie,BOOSTER PACK [Age of Heroes and Kingdoms],COOKIE,RED,RED MIX,2,4,,SEC,Head-On Charge,【Activate】 <{R}> <Discard 1 card.> Select up to 1 of your opponent's Cookies. That Cookie receives 1 damage.,"<{R}{N}{N}> Wild Punch deals 3
Then, if there is a [Soul Jam] card in your support area, deals 1 damage.",,0,0,0,BS3-009,1,"【Activate】 <{R}> <Discard 1 card.> Select up to 1 of your opponent's Cookies. That Cookie receives 1 damage.
<{R}{N}{N}> Wild Punch deals 3
Then, if there is a [Soul Jam] card in your support area, deals 1 damage.",,SECRET RARE,
BS3-009,BS3,009,Wildberry Cookie,BOOSTER PACK [Age of Heroes and Kingdoms],COOKIE,RED,RED MIX,2,4,,R,Head-On Charge,【Activate】 <{R}> <Discard 1 card.> Select up to 1 of your opponent's Cookies. That Cookie receives 1 damage.,"<{R}{N}{N}> Wild Punch deals 3
Then, if there is a [Soul Jam] card in your support area, deals 1 damage.",,0,0,0,BS3-009,0,"【Activate】 <{R}> <Discard 1 card.> Select up to 1 of your opponent's Cookies. That Cookie receives 1 damage.
<{R}{N}{N}> Wild Punch deals 3
Then, if there is a [Soul Jam] card in your support area, deals 1 damage.",,RARE,
BS3-008,BS3,008,Devil Cookie,BOOSTER PACK [Age of Heroes and Kingdoms],COOKIE,RED,RED,1,1,,C,Devilish Pact,【Activate】 【Once Per Turn】 <{R}{R}{R}> Select up to 1 of your opponent's LV.1 Cookies. Make that Cookie faint.,<{R}{R}> Devilish Prank deals 1,,0,0,0,BS3-008,0,"【Activate】 【Once Per Turn】 <{R}{R}{R}> Select up to 1 of your opponent's LV.1 Cookies. Make that Cookie faint.
<{R}{R}> Devilish Prank deals 1",,COMMON,
BS3-007,BS3,007,Tea Knight Cookie,BOOSTER PACK [Age of Heroes and Kingdoms],COOKIE,RED,RED MIX,2,3,,C,Wrath of the Commander,"If your Break Area is LV.7 or higher, this Cookie gains +2 attack damage.",<{R}{N}> Halberd Assault deals 1,,0,0,0,BS3-007,0,"If your Break Area is LV.7 or higher, this Cookie gains +2 attack damage.
<{R}{N}> Halberd Assault deals 1",,COMMON,
BS3-006@2,BS3,006@2,Snapdragon Cookie,2025 언박싱런 우승,COOKIE,RED,RED,1,2,,P,Smoldering Courage,"If this Cookie is in the battle area, your {R} LV.2 or higher Cookies gain +1 attack damage.",<{R}> Abababwah Bwah! deals 1,,0,0,0,BS3-006,1,"If this Cookie is in the battle area, your {R} LV.2 or higher Cookies gain +1 attack damage.
<{R}> Abababwah Bwah! deals 1",,PROMOTION,
BS3-006@1,BS3,006@1,Snapdragon Cookie,BOOSTER PACK [Age of Heroes and Kingdoms],COOKIE,RED,RED,1,2,,SSR,Smoldering Courage,"If this Cookie is in the battle area, your {R} LV.2 or higher Cookies gain +1 attack damage.",<{R}> Abababwah Bwah! deals 1,,0,0,0,BS3-006,1,"If this Cookie is in the battle area, your {R} LV.2 or higher Cookies gain +1 attack damage.
<{R}> Abababwah Bwah! deals 1",,SECRET SUPER RARE,
BS3-006,BS3,006,Snapdragon Cookie,BOOSTER PACK [Age of Heroes and Kingdoms],COOKIE,RED,RED,1,2,,SR,Smoldering Courage,"If this Cookie is in the battle area, your {R} LV.2 or higher Cookies gain +1 attack damage.",<{R}> Abababwah Bwah! deals 1,,0,0,0,BS3-006,0,"If this Cookie is in the battle area, your {R} LV.2 or higher Cookies gain +1 attack damage.
<{R}> Abababwah Bwah! deals 1",,SUPER RARE,
BS3-005,BS3,005,Mala Sauce Cookie,BOOSTER PACK [Age of Heroes and Kingdoms],COOKIE,RED,RED MIX,2,3,,C,,,<{R}{N}> Spicy Mala Strike deals 2,,0,0,0,BS3-005,0,<{R}{N}> Spicy Mala Strike deals 2,,COMMON,
BS3-004,BS3,004,Royal Berry Cookie,BOOSTER PACK [Age of Heroes and Kingdoms],FLIP,RED,RED,2,2,,C,,,<{R}{R}> Majestic Dignity deals 2,Draw up to 1 card from your deck.,0,0,0,BS3-004,0,"<{R}{R}> Majestic Dignity deals 2
Draw up to 1 card from your deck.",,COMMON,
BS3-003,BS3,003,Royal Margarine Cookie,BOOSTER PACK [Age of Heroes and Kingdoms],COOKIE,RED,RED,1,2,,U,Spectacular Flying,【Activate】 <{R}{R}> Return this Cookie to your hand.,<{R}{R}> Buttercream Breath deals 2,,0,0,0,BS3-003,0,"【Activate】 <{R}{R}> Return this Cookie to your hand.
<{R}{R}> Buttercream Breath deals 2",,UNCOMMON,
BS3-002,BS3,002,Raspberry Cookie,BOOSTER PACK [Age of Heroes and Kingdoms],COOKIE,RED,RED MIX,2,3,,C,An Honorable Duel!,【Activate】 <{R}> Select up to 1 of your opponent's LV.1 Cookies. That Cookie receives 2 damage.,"<{R}{N}> Relentless Riposte deals 1
Then, <can be used as {R}.> Deals 1 damage.",,0,0,0,BS3-002,0,"【Activate】 <{R}> Select up to 1 of your opponent's LV.1 Cookies. That Cookie receives 2 damage.
<{R}{N}> Relentless Riposte deals 1
Then, <can be used as {R}.> Deals 1 damage.",,COMMON,
BS3-001,BS3,001,Princess Cookie,BOOSTER PACK [Age of Heroes and Kingdoms],COOKIE,RED,RED,1,3,,C,Daring Princess Spirit,"During this turn, when this Cookie attacks your opponent's Cookie whose remaining HP is 4 or more, this Cookie gains +1 attack damage.",<{R}{R}> Curiosity-Fueled Punch! deals 1,,0,0,0,BS3-001,0,"During this turn, when this Cookie attacks your opponent's Cookie whose remaining HP is 4 or more, this Cookie gains +1 attack damage.
<{R}{R}> Curiosity-Fueled Punch! deals 1",,COMMON,
BS2-081,BS2,081,Blue Dragon's Eye,BOOSTER PACK [BRAVE BEGINNING],STAGE,PURPLE,PURPLE,,,,U,,,"<{P}> Place in your stage area.
【Activate】 <{P}> <Place this card in the trash.> Select up to 1 of your opponent's Cookies. That Cookie receives 1 damage.",,0,0,0,BS2-081,0,"<{P}> Place in your stage area.
【Activate】 <{P}> <Place this card in the trash.> Select up to 1 of your opponent's Cookies. That Cookie receives 1 damage.",,UNCOMMON,
BS2-080@1,BS2,080@1,Abandoned Cloud Nest,PROMOTION CARD,TRAP,PURPLE,PURPLE,,,,P,,"<{P}{P}> If there are 15 cards or more in your trash, select up to 1 of your opponent's Cookies. During this turn, that Cookie deals -3 attack damage.",,,0,0,0,BS2-080,1,"<{P}{P}> If there are 15 cards or more in your trash, select up to 1 of your opponent's Cookies. During this turn, that Cookie deals -3 attack damage.",,PROMOTION,
BS2-080,BS2,080,Abandoned Cloud Nest,BOOSTER PACK [BRAVE BEGINNING],TRAP,PURPLE,PURPLE,,,,R,,,"<{P}{P}> If there are 15 cards or more in your trash, select up to 1 of your opponent's Cookies. During this turn, that Cookie deals -3 attack damage.",,0,0,0,BS2-080,0,"<{P}{P}> If there are 15 cards or more in your trash, select up to 1 of your opponent's Cookies. During this turn, that Cookie deals -3 attack damage.",,RARE,
BS2-079@2,BS2,079@2,Yew Village Scroll,Legacy Pack,TRAP,PURPLE,PURPLE,,,,P,,"<{P}> Select up to 1 of your opponent's Cookies. During this turn, that Cookie deals -1 attack damage. Then, select up to 5 cards from your trash that do not have FLIP. Return those cards to your deck and shuffle it.",,,0,0,0,BS2-079,1,"<{P}> Select up to 1 of your opponent's Cookies. During this turn, that Cookie deals -1 attack damage. Then, select up to 5 cards from your trash that do not have FLIP. Return those cards to your deck and shuffle it.",,PROMOTION,
BS2-079@1,BS2,079@1,Yew Village Scroll,Champion‘s Legacy Pack,TRAP,PURPLE,PURPLE,,,,P,,"<{P}> Select up to 1 of your opponent's Cookies. During this turn, that Cookie deals -1 attack damage. Then, select up to 5 cards from your trash that do not have FLIP. Return those cards to your deck and shuffle it.",,,0,0,0,BS2-079,1,"<{P}> Select up to 1 of your opponent's Cookies. During this turn, that Cookie deals -1 attack damage. Then, select up to 5 cards from your trash that do not have FLIP. Return those cards to your deck and shuffle it.",,PROMOTION,
BS2-079,BS2,079,Yew Village Scroll,BOOSTER PACK [BRAVE BEGINNING],TRAP,PURPLE,PURPLE,,,,U,,,"<{P}> Select up to 1 of your opponent's Cookies. During this turn, that Cookie deals -1 attack damage. Then, select up to 5 cards from your trash that do not have FLIP. Return those cards to your deck and shuffle it.",,0,0,0,BS2-079,0,"<{P}> Select up to 1 of your opponent's Cookies. During this turn, that Cookie deals -1 attack damage. Then, select up to 5 cards from your trash that do not have FLIP. Return those cards to your deck and shuffle it.",,UNCOMMON,
BS2-078,BS2,078,Dragon's Breath,BOOSTER PACK [BRAVE BEGINNING],ITEM,PURPLE,PURPLE,,,,U,,,<{P}{P}{P}> Place 1 Cookie that is LV.2 or lower from your battle area into the trash.,,0,0,0,BS2-078,0,<{P}{P}{P}> Place 1 Cookie that is LV.2 or lower from your battle area into the trash.,,UNCOMMON,
BS2-077,BS2,077,Forbidden Incantation,BOOSTER PACK [BRAVE BEGINNING],ITEM,PURPLE,PURPLE,,,,U,,,<{P}{P}> <Place 1 of your {P} LV.1 Cookies from your battle area into the trash.> Select up to 1 of your opponent's Cookies. That Cookie receives 2 damage.,,0,0,0,BS2-077,0,<{P}{P}> <Place 1 of your {P} LV.1 Cookies from your battle area into the trash.> Select up to 1 of your opponent's Cookies. That Cookie receives 2 damage.,,UNCOMMON,
BS2-076,BS2,076,Hero Cookie,BOOSTER PACK [BRAVE BEGINNING],COOKIE,,MIX,3,4,,C,,,<{N}{N}{N}> Deals 4 damage.,,0,0,0,BS2-076,0,<{N}{N}{N}> Deals 4 damage.,,COMMON,
BS2-075,BS2,075,White Choco Cookie,BOOSTER PACK [BRAVE BEGINNING],COOKIE,PURPLE,PURPLE,2,3,,C,,,"<{P}> Deals 1 damage. Then, <can be used as {P}.> If one of your opponent's Cookies is LV.1, deals 3 damage.",,0,0,0,BS2-075,0,"<{P}> Deals 1 damage. Then, <can be used as {P}.> If one of your opponent's Cookies is LV.1, deals 3 damage.",,COMMON,
BS2-074,BS2,074,Pink Choco Cookie,BOOSTER PACK [BRAVE BEGINNING],COOKIE,PURPLE,PURPLE,2,2,,C,,"When this Cookie faints, place up to 1 of your opponent's LV.1 Cookies from their battle area into the trash.",<{P}{P}> Deals 2 damage.,,0,0,0,BS2-074,0,"When this Cookie faints, place up to 1 of your opponent's LV.1 Cookies from their battle area into the trash.
<{P}{P}> Deals 2 damage.",,COMMON,
BS2-073@1,BS2,073@1,Peperoncino Cookie,BOOSTER PACK [BRAVE BEGINNING],COOKIE,PURPLE,PURPLE,2,4,,SSR,,"If there are 15 cards or more in your trash, this Cookie deals +2 attack damage.",<{P}{P}> Deals 1 damage.,,0,0,0,BS2-073,1,"If there are 15 cards or more in your trash, this Cookie deals +2 attack damage.
<{P}{P}> Deals 1 damage.",,SECRET SUPER RARE,
BS2-073,BS2,073,Peperoncino Cookie,BOOSTER PACK [BRAVE BEGINNING],COOKIE,PURPLE,PURPLE,2,4,,SR,,"If there are 15 cards or more in your trash, this Cookie deals +2 attack damage.",<{P}{P}> Deals 1 damage.,,0,0,0,BS2-073,0,"If there are 15 cards or more in your trash, this Cookie deals +2 attack damage.
<{P}{P}> Deals 1 damage.",,SUPER RARE,
BS2-072@1,BS2,072@1,Pastry Cookie,promotion card,FLIP,PURPLE,PURPLE,3,3,,P,,,<{P}{P}{P}> Makers preserve your dough deals 3,Draw up to 1 card from your deck.,0,0,0,BS2-072,1,"<{P}{P}{P}> Makers preserve your dough deals 3
Draw up to 1 card from your deck.",,PROMOTION,
BS2-072,BS2,072,Pastry Cookie,BOOSTER PACK [BRAVE BEGINNING],FLIP,PURPLE,PURPLE,3,3,,U,,,<{P}{P}{P}> Deals 3 damage.,Draw up to 1 card from your deck.,0,0,0,BS2-072,0,"<{P}{P}{P}> Deals 3 damage.
Draw up to 1 card from your deck.",,UNCOMMON,
BS2-071@2,BS2,071@2,Twizzly Gummy Cookie,PROMOTION CARD,COOKIE,PURPLE,PURPLE,1,3,,P,,【Activate】 <{P}> <Place this Cookie in the trash.> Select up to 1 of your opponent's Cookies. That Cookie receives 1 damage.,<{P}{P}> Prepare For Trouble! deals 1,,0,0,0,BS2-071,1,"【Activate】 <{P}> <Place this Cookie in the trash.> Select up to 1 of your opponent's Cookies. That Cookie receives 1 damage.
<{P}{P}> Prepare For Trouble! deals 1",,PROMOTION,
BS2-071@1,BS2,071@1,Twizzly Gummy Cookie,BOOSTER PACK [BRAVE BEGINNING],COOKIE,PURPLE,PURPLE,1,3,,SEC,,【Activate】 <{P}> <Place this Cookie in the trash.> Select up to 1 of your opponent's Cookies. That Cookie receives 1 damage.,<{P}{P}> Deals 1 damage.,,0,0,0,BS2-071,1,"【Activate】 <{P}> <Place this Cookie in the trash.> Select up to 1 of your opponent's Cookies. That Cookie receives 1 damage.
<{P}{P}> Deals 1 damage.",,SECRET RARE,
BS2-071,BS2,071,Twizzly Gummy Cookie,BOOSTER PACK [BRAVE BEGINNING],COOKIE,PURPLE,PURPLE,1,3,,R,,【Activate】 <{P}> <Place this Cookie in the trash.> Select up to 1 of your opponent's Cookies. That Cookie receives 1 damage.,<{P}{P}> Deals 1 damage.,,0,0,0,BS2-071,0,"【Activate】 <{P}> <Place this Cookie in the trash.> Select up to 1 of your opponent's Cookies. That Cookie receives 1 damage.
<{P}{P}> Deals 1 damage.",,RARE,
BS2-070,BS2,070,Kiwi Cookie,BOOSTER PACK [BRAVE BEGINNING],COOKIE,,MIX,2,2,,C,,,<{N}{N}> Deals 3 damage.,,0,0,0,BS2-070,0,<{N}{N}> Deals 3 damage.,,COMMON,
BS2-069@1,BS2,069@1,Clotted Cream Cookie,BOOSTER PACK [BRAVE BEGINNING],COOKIE,PURPLE,PURPLE,2,4,,SSR,,【Activate】 <Discard 1 card.> Place up to 1 of your opponent's LV.1 Cookies from their battle area into the trash.,<{P}{P}{P}> Deals 3 damage.,,0,0,0,BS2-069,1,"【Activate】 <Discard 1 card.> Place up to 1 of your opponent's LV.1 Cookies from their battle area into the trash.
<{P}{P}{P}> Deals 3 damage.",,SECRET SUPER RARE,
BS2-069,BS2,069,Clotted Cream Cookie,BOOSTER PACK [BRAVE BEGINNING],COOKIE,PURPLE,PURPLE,2,4,,SR,,【Activate】 <Discard 1 card.> Place up to 1 of your opponent's LV.1 Cookies from their battle area into the trash.,<{P}{P}{P}> Deals 3 damage.,,0,0,0,BS2-069,0,"【Activate】 <Discard 1 card.> Place up to 1 of your opponent's LV.1 Cookies from their battle area into the trash.
<{P}{P}{P}> Deals 3 damage.",,SUPER RARE,
BS2-068@1,BS2,068@1,Cream Unicorn Cookie,BOOSTER PACK [BRAVE BEGINNING],COOKIE,PURPLE,PURPLE MIX,2,5,,SSR,,【Activate】 <Discard 1 card.> Return up to 1 {P} card from your trash to your hand.,<{P}{P}{N}> Deals 2 damage.,,0,0,0,BS2-068,1,"【Activate】 <Discard 1 card.> Return up to 1 {P} card from your trash to your hand.
<{P}{P}{N}> Deals 2 damage.",,SECRET SUPER RARE,
BS2-068,BS2,068,Cream Unicorn Cookie,BOOSTER PACK [BRAVE BEGINNING],COOKIE,PURPLE,PURPLE MIX,2,5,,SR,,【Activate】 <Discard 1 card.> Return up to 1 {P} card from your trash to your hand.,<{P}{P}{N}> Deals 2 damage.,,0,0,0,BS2-068,0,"【Activate】 <Discard 1 card.> Return up to 1 {P} card from your trash to your hand.
<{P}{P}{N}> Deals 2 damage.",,SUPER RARE,
BS2-067@2,BS2,067@2,Angel Cookie,,COOKIE,PURPLE,PURPLE MIX,1,3,,P,Light's Protection,"【Blocker】 <{P}> (When one of your opponent's Cookies attacks, you can redirect the attack to this Cookie.)",<{P}{N}> Angel's Blessing deals 1,,0,0,0,BS2-067,1,"【Blocker】 <{P}> (When one of your opponent's Cookies attacks, you can redirect the attack to this Cookie.)
<{P}{N}> Angel's Blessing deals 1",,PROMOTION,
BS2-067@1,BS2,067@1,Angel Cookie,BOOSTER PACK [BRAVE BEGINNING],COOKIE,PURPLE,PURPLE MIX,1,3,,SEC,,"{bl} <{P}> (When one of your opponent's Cookies attacks, you can redirect the attack to this Cookie.)",<{P}{N}> Deals 1 damage.,,0,0,0,BS2-067,1,"{bl} <{P}> (When one of your opponent's Cookies attacks, you can redirect the attack to this Cookie.)
<{P}{N}> Deals 1 damage.",,SECRET RARE,
BS2-067,BS2,067,Angel Cookie,BOOSTER PACK [BRAVE BEGINNING],COOKIE,PURPLE,PURPLE MIX,1,3,,R,,"{bl} <{P}> (When one of your opponent's Cookies attacks, you can redirect the attack to this Cookie.)",<{P}{N}> Deals 1 damage.,,0,0,0,BS2-067,0,"{bl} <{P}> (When one of your opponent's Cookies attacks, you can redirect the attack to this Cookie.)
<{P}{N}> Deals 1 damage.",,RARE,
BS2-066,BS2,066,Rose Cookie,BOOSTER PACK [BRAVE BEGINNING],COOKIE,,MIX,1,2,,C,,,<{N}{N}> Deals 2 damage.,,0,0,0,BS2-066,0,<{N}{N}> Deals 2 damage.,,COMMON,
BS2-065,BS2,065,Purple Yam Cookie,BOOSTER PACK [BRAVE BEGINNING],COOKIE,PURPLE,PURPLE,3,5,,C,,【Activate】 <{P}> Place up to 1 of your opponent's stage cards in the trash.,<{P}{P}{P}{P}> Deals 4 damage.,,0,0,0,BS2-065,0,"【Activate】 <{P}> Place up to 1 of your opponent's stage cards in the trash.
<{P}{P}{P}{P}> Deals 4 damage.",,COMMON,
BS2-064,BS2,064,Alchemist Cookie,BOOSTER PACK [BRAVE BEGINNING],COOKIE,PURPLE,PURPLE,2,1,,C,,【Activate】 Place up to 1 of your opponent's Cookies whose remaining HP is 2 or less from their battle area into the trash.,<{P}{P}> Deals 2 damage.,,0,0,0,BS2-064,0,"【Activate】 Place up to 1 of your opponent's Cookies whose remaining HP is 2 or less from their battle area into the trash.
<{P}{P}> Deals 2 damage.",,COMMON,
BS2-063@1,BS2,063@1,Space Doughnut,BOOSTER PACK [BRAVE BEGINNING],FLIP,PURPLE,PURPLE,1,3,,SEC,,,<{P}{P}{P}> Deals 3 damage.,"<Discard 1 card.> If your break area is LV.3 or higher, place either 1 of your opponent's Cookies that is LV.2 or lower from their battle area or 1 stage card from their stage area into the trash.",0,0,0,BS2-063,1,"<{P}{P}{P}> Deals 3 damage.
<Discard 1 card.> If your break area is LV.3 or higher, place either 1 of your opponent's Cookies that is LV.2 or lower from their battle area or 1 stage card from their stage area into the trash.",,SECRET RARE,
BS2-063,BS2,063,Space Doughnut,BOOSTER PACK [BRAVE BEGINNING],FLIP,PURPLE,PURPLE,3,3,,R,,,<{P}{P}{P}> Deals 3 damage.,"<Discard 1 card.> If your break area is LV.3 or higher, place either 1 of your opponent's Cookies that is LV.2 or lower from their battle area or 1 stage card from their stage area into the trash.",0,0,0,BS2-063,0,"<{P}{P}{P}> Deals 3 damage.
<Discard 1 card.> If your break area is LV.3 or higher, place either 1 of your opponent's Cookies that is LV.2 or lower from their battle area or 1 stage card from their stage area into the trash.",,RARE,
BS2-062@2,BS2,062@2,Starfruit Cookie,promotion card,COOKIE,PURPLE,PURPLE,1,3,,P,Stars' Guidance,"【On Play】 <{P}> Other than this Cookie, you can place 1 {P} Cookie that is LV.2 or lower from your battle area into the trash. If you did, place up to 1 of your opponent's Cookies that is LV.2 or lower from their battle area into the trash.",<{P}{P}> Starward Prayer deals 1,,0,0,0,BS2-062,1,"【On Play】 <{P}> Other than this Cookie, you can place 1 {P} Cookie that is LV.2 or lower from your battle area into the trash. If you did, place up to 1 of your opponent's Cookies that is LV.2 or lower from their battle area into the trash.
<{P}{P}> Starward Prayer deals 1",,PROMOTION,
BS2-062@1,BS2,062@1,Starfruit Cookie,BOOSTER PACK [BRAVE BEGINNING],COOKIE,PURPLE,PURPLE,1,3,,SSR,,"【Activate】 <{P}> Other than this Cookie, you can place 1 {P} Cookie that is LV.2 or lower from your battle area into the trash. If you did, place up to 1 of your opponent's Cookies that is LV.2 or lower from their battle area into the trash.",<{P}{P}> Deals 1 damage.,,0,0,0,BS2-062,1,"【Activate】 <{P}> Other than this Cookie, you can place 1 {P} Cookie that is LV.2 or lower from your battle area into the trash. If you did, place up to 1 of your opponent's Cookies that is LV.2 or lower from their battle area into the trash.
<{P}{P}> Deals 1 damage.",,SECRET SUPER RARE,
BS2-062,BS2,062,Starfruit Cookie,BOOSTER PACK [BRAVE BEGINNING],COOKIE,PURPLE,PURPLE,1,3,,SR,,"【Activate】 <{P}> Other than this Cookie, you can place 1 {P} Cookie that is LV.2 or lower from your battle area into the trash. If you did, place up to 1 of your opponent's Cookies that is LV.2 or lower from their battle area into the trash.",<{P}{P}> Deals 1 damage.,,0,0,0,BS2-062,0,"【Activate】 <{P}> Other than this Cookie, you can place 1 {P} Cookie that is LV.2 or lower from your battle area into the trash. If you did, place up to 1 of your opponent's Cookies that is LV.2 or lower from their battle area into the trash.
<{P}{P}> Deals 1 damage.",,SUPER RARE,
BS2-061@1,BS2,061@1,Hydrangea Cookie,BOOSTER PACK [BRAVE BEGINNING],COOKIE,PURPLE,PURPLE,,2,,SEC,,【Activate】 Select up to 3 cards from your trash that do not have FLIP. Return those cards to your deck and shuffle it.,<{P}{P}> Deals 2 damage.,,0,0,0,BS2-061,1,"【Activate】 Select up to 3 cards from your trash that do not have FLIP. Return those cards to your deck and shuffle it.
<{P}{P}> Deals 2 damage.",,SECRET RARE,
BS2-061,BS2,061,Hydrangea Cookie,BOOSTER PACK [BRAVE BEGINNING],COOKIE,PURPLE,PURPLE,1,2,,R,,【Activate】 Select up to 3 cards from your trash that do not have FLIP. Return those cards to your deck and shuffle it.,<{P}{P}> Deals 2 damage.,,0,0,0,BS2-061,0,"【Activate】 Select up to 3 cards from your trash that do not have FLIP. Return those cards to your deck and shuffle it.
<{P}{P}> Deals 2 damage.",,RARE,
BS2-060,BS2,060,Beet Cookie,BOOSTER PACK [BRAVE BEGINNING],COOKIE,PURPLE,PURPLE,1,3,,C,,"When this Cookie faints and your opponent has 20 cards or more in their trash, you can draw 1 card from your deck.",<{P}{P}> Deals 1 damage.,,0,0,0,BS2-060,0,"When this Cookie faints and your opponent has 20 cards or more in their trash, you can draw 1 card from your deck.
<{P}{P}> Deals 1 damage.",,COMMON,
BS2-059,BS2,059,Cherry Blossom Cookie,BOOSTER PACK [BRAVE BEGINNING],COOKIE,,MIX,3,4,,C,,,<{N}{N}> Deals 2 damage.,,0,0,0,BS2-059,0,<{N}{N}> Deals 2 damage.,,COMMON,
BS2-058@4,BS2,058@4,Wind Archer Cookie,PROMOTION CARD,cookie,,purple,level3,5,,P,,"【On Play】 <{P}> Place up to 1 of your opponent's LV.3 Cookies from their battle area into the trash.<br /><br /><{P}{P}{P}{P}> Deals 4 damage. Then, if there are 15 cards or more in your trash, deals 1 damage.",,,,,,BS2-058,1,"【On Play】 <{P}> Place up to 1 of your opponent's LV.3 Cookies from their battle area into the trash.<br /><br /><{P}{P}{P}{P}> Deals 4 damage. Then, if there are 15 cards or more in your trash, deals 1 damage.",3,PROMOTION,99_promotion-card
BS2-058@3,BS2,058@3,Wind Archer Cookie,PROMOTION CARD,cookie,,purple,level3,5,,P,,"【On Play】 <{P}> Place up to 1 of your opponent's LV.3 Cookies from their battle area into the trash.<br /><br /><{P}{P}{P}{P}> Deals 4 damage. Then, if there are 15 cards or more in your trash, deals 1 damage.",,,,,,BS2-058,1,"【On Play】 <{P}> Place up to 1 of your opponent's LV.3 Cookies from their battle area into the trash.<br /><br /><{P}{P}{P}{P}> Deals 4 damage. Then, if there are 15 cards or more in your trash, deals 1 damage.",3,PROMOTION,99_promotion-card
BS2-058@2,BS2,058@2,Wind Archer Cookie,PROMOTION CARD,cookie,,purple,level3,5,,P,,"【On Play】 <{P}> Place up to 1 of your opponent's LV.3 Cookies from their battle area into the trash.<br /><br /><{P}{P}{P}{P}> Deals 4 damage. Then, if there are 15 cards or more in your trash, deals 1 damage.",,,,,,BS2-058,1,"【On Play】 <{P}> Place up to 1 of your opponent's LV.3 Cookies from their battle area into the trash.<br /><br /><{P}{P}{P}{P}> Deals 4 damage. Then, if there are 15 cards or more in your trash, deals 1 damage.",3,PROMOTION,99_promotion-card
BS2-058@1,BS2,058@1,Wind Archer Cookie,BOOSTER PACK [BRAVE BEGINNING],COOKIE,PURPLE,PURPLE,3,5,,SUR,,【Activate】 <{P}> Place up to 1 of your opponent's LV.3 Cookies from their battle area into the trash.,"<{P}{P}{P}{P}> Deals 4 damage. Then, if there are 15 cards or more in your trash, deals 1 damage.",,0,0,0,BS2-058,1,"【Activate】 <{P}> Place up to 1 of your opponent's LV.3 Cookies from their battle area into the trash.
<{P}{P}{P}{P}> Deals 4 damage. Then, if there are 15 cards or more in your trash, deals 1 damage.",,SECRET ULTRA RARE,
BS2-058,BS2,058,Wind Archer Cookie,BOOSTER PACK [BRAVE BEGINNING],COOKIE,PURPLE,PURPLE,3,5,,UR,,【Activate】 <{P}> Place up to 1 of your opponent's LV.3 Cookies from their battle area into the trash.,"<{P}{P}{P}{P}> Deals 4 damage. Then, if there are 15 cards or more in your trash, deals 1 damage.",,0,0,0,BS2-058,0,"【Activate】 <{P}> Place up to 1 of your opponent's LV.3 Cookies from their battle area into the trash.
<{P}{P}{P}{P}> Deals 4 damage. Then, if there are 15 cards or more in your trash, deals 1 damage.",,ULTRA RARE,
BS2-057,BS2,057,Wizard Cookie,BOOSTER PACK [BRAVE BEGINNING],COOKIE,PURPLE,PURPLE,1,3,,U,,【Activate】 <{P}> Place up to 1 of your opponent's stage cards in the trash.,<{P}{P}> Deals 1 damage.,,0,0,0,BS2-057,0,"【Activate】 <{P}> Place up to 1 of your opponent's stage cards in the trash.
<{P}{P}> Deals 1 damage.",,UNCOMMON,
BS2-056,BS2,056,Raspberry Mousse Cookie,BOOSTER PACK [BRAVE BEGINNING],FLIP,PURPLE,PURPLE,1,1,,U,,,<{P}> Deals 1 damage.,<Discard 1 card.> The Cookie with this card attached for HP gains +1 HP.,0,0,0,BS2-056,0,"<{P}> Deals 1 damage.
<Discard 1 card.> The Cookie with this card attached for HP gains +1 HP.",,UNCOMMON,
BS2-055@1,BS2,055@1,Poison Mushroom Cookie,BOOSTER PACK [BRAVE BEGINNING],COOKIE,PURPLE,PURPLE,3,5,,SUR,,【Activate】 <{P}> Place all LV.2 or lower Cookies from both battle areas into the trash.,<{P}{P}{P}> Deals 3 damage.,,0,0,0,BS2-055,1,"【Activate】 <{P}> Place all LV.2 or lower Cookies from both battle areas into the trash.
<{P}{P}{P}> Deals 3 damage.",,SECRET ULTRA RARE,
BS2-055,BS2,055,Poison Mushroom Cookie,BOOSTER PACK [BRAVE BEGINNING],COOKIE,PURPLE,PURPLE,3,5,,UR,,【Activate】 <{P}> Place all LV.2 or lower Cookies from both battle areas into the trash.,<{P}{P}{P}> Deals 3 damage.,,0,0,0,BS2-055,0,"【Activate】 <{P}> Place all LV.2 or lower Cookies from both battle areas into the trash.
<{P}{P}{P}> Deals 3 damage.",,ULTRA RARE,
BS2-054,BS2,054,Dino-Sour Cookie,BOOSTER PACK [BRAVE BEGINNING],COOKIE,,MIX,3,1,,C,,,<{N}> Deals 2 damage.,,0,0,0,BS2-054,0,<{N}> Deals 2 damage.,,COMMON,
BS2-053,BS2,053,Ninja Cookie,BOOSTER PACK [BRAVE BEGINNING],COOKIE,,MIX,1,4,,C,,,<{N}{N}{N}> Deals 2 damage.,,0,0,0,BS2-053,0,<{N}{N}{N}> Deals 2 damage.,,COMMON,
BS2-052,BS2,052,Kumiho Cookie,BOOSTER PACK [BRAVE BEGINNING],COOKIE,,MIX,2,4,,C,,,<{N}{N}{N}> Deals 3 damage.,,0,0,0,BS2-052,0,<{N}{N}{N}> Deals 3 damage.,,COMMON,
BS2-051,BS2,051,Whipped Snowcream Village,BOOSTER PACK [BRAVE BEGINNING],STAGE,BLUE,BLUE,,,,U,,,"<{B}{B}> Place in your stage area.
【Activate】 <Card Rests.> <Discard 1 card.> Select up to 1 of your Cookies. During this turn, that Cookie deals +1 damage.",,0,0,0,BS2-051,0,"<{B}{B}> Place in your stage area.
【Activate】 <Card Rests.> <Discard 1 card.> Select up to 1 of your Cookies. During this turn, that Cookie deals +1 damage.",,UNCOMMON,
BS2-050,BS2,050,Hermit Crab's Shell,BOOSTER PACK [BRAVE BEGINNING],TRAP,BLUE,BLUE,,,,U,,,<{B}{B}{B}> <Discard 1 card.> Select up to 1 of your opponent's Cookies whose remaining HP is 3 or less and place them at the bottom of the deck.,,0,0,0,BS2-050,0,<{B}{B}{B}> <Discard 1 card.> Select up to 1 of your opponent's Cookies whose remaining HP is 3 or less and place them at the bottom of the deck.,,UNCOMMON,
BS2-049@1,BS2,049@1,Salt Crystal Trident,promotion card,TRAP,BLUE,BLUE,,,,P,,"<{B}> During this battle, if 1 of your {B} Cookies faints, you can draw up to 3 cards from your deck and discard 1 card.",,,0,0,0,BS2-049,1,"<{B}> During this battle, if 1 of your {B} Cookies faints, you can draw up to 3 cards from your deck and discard 1 card.",,PROMOTION,
BS2-049,BS2,049,Salt Crystal Trident,BOOSTER PACK [BRAVE BEGINNING],TRAP,BLUE,BLUE,,,,U,,,"<{B}> During this battle, if 1 of your {B} Cookies faints, you can draw up to 3 cards from your deck and discard 1 card from your hand.",,0,0,0,BS2-049,0,"<{B}> During this battle, if 1 of your {B} Cookies faints, you can draw up to 3 cards from your deck and discard 1 card from your hand.",,UNCOMMON,
BS2-048,BS2,048,Jellied Jellyfish Potion,BOOSTER PACK [BRAVE BEGINNING],ITEM,BLUE,BLUE,,,,U,,,<{B}> Draw up to 1 card for each of your opponent's Cookies that fainted during this turn.,,0,0,0,BS2-048,0,<{B}> Draw up to 1 card for each of your opponent's Cookies that fainted during this turn.,,UNCOMMON,
BS2-047,BS2,047,Diving Goggles,BOOSTER PACK [BRAVE BEGINNING],ITEM,BLUE,BLUE,,,,R,,,<{B}{B}{B}> <Discard 3 cards.> Select up to 2 of your opponent's Cookies. Deals 2 damage to each of those Cookies.,,0,0,0,BS2-047,0,<{B}{B}{B}> <Discard 3 cards.> Select up to 2 of your opponent's Cookies. Deals 2 damage to each of those Cookies.,,RARE,
BS2-046,BS2,046,Caramel Arrow Cookie,BOOSTER PACK [BRAVE BEGINNING],COOKIE,BLUE,BLUE,1,3,,U,,【Activate】 <{B}> Place up to 1 of your opponent's stage cards in the trash.,<{B}{B}> Deals 1 damage.,,0,0,0,BS2-046,0,"【Activate】 <{B}> Place up to 1 of your opponent's stage cards in the trash.
<{B}{B}> Deals 1 damage.",,COMMON,
BS2-045@2,BS2,045@2,Parfait Cookie,PROMOTION CARD,COOKIE,BLUE,BLUE,1,2,,P,,-,"<{B}> Dress Up deals 1
Then, if there are 6 cards or less in your hand, draw up to 1 card from your deck.",,0,0,0,BS2-045,1,"-
<{B}> Dress Up deals 1
Then, if there are 6 cards or less in your hand, draw up to 1 card from your deck.",,PROMOTION,
BS2-045@1,BS2,045@1,Parfait Cookie,BOOSTER PACK [BRAVE BEGINNING],COOKIE,BLUE,BLUE,1,2,,SSR,,,"<{B}> Deals 1 damage. Then, if there are 6 cards or less in your hand, you can draw 1 card from your deck.",,0,0,0,BS2-045,1,"<{B}> Deals 1 damage. Then, if there are 6 cards or less in your hand, you can draw 1 card from your deck.",,SECRET SUPER RARE,
BS2-045,BS2,045,Parfait Cookie,BOOSTER PACK [BRAVE BEGINNING],COOKIE,BLUE,BLUE,1,2,,SR,,,"<{B}> Deals 1 damage. Then, if there are 6 cards or less in your hand, you can draw 1 card from your deck.",,0,0,0,BS2-045,0,"<{B}> Deals 1 damage. Then, if there are 6 cards or less in your hand, you can draw 1 card from your deck.",,SUPER RARE,
BS2-044,BS2,044,Tiramisu Cookie,BOOSTER PACK [BRAVE BEGINNING],COOKIE,BLUE,BLUE,2,3,,C,,,"<{B}> Deals 1 damage. Then, <can be used as {B}.> If one of your opponent's Cookies is LV.1, deals 3 damage.",,0,0,0,BS2-044,0,"<{B}> Deals 1 damage. Then, <can be used as {B}.> If one of your opponent's Cookies is LV.1, deals 3 damage.",,COMMON,
BS2-043,BS2,043,Captain Ice Cookie,BOOSTER PACK [BRAVE BEGINNING],COOKIE,BLUE,BLUE,2,2,,U,,"When this Cookie faints, <discard 2 cards.> Select up to 2 of your opponent's Cookies. Deals 1 damage to each of those Cookies.",<{B}{B}> Deals 2 damage.,,0,0,0,BS2-043,0,"When this Cookie faints, <discard 2 cards.> Select up to 2 of your opponent's Cookies. Deals 1 damage to each of those Cookies.
<{B}{B}> Deals 2 damage.",,UNCOMMON,
BS2-042,BS2,042,Milk Cookie,BOOSTER PACK [BRAVE BEGINNING],COOKIE,BLUE,BLUE,1,1,,C,,,<{B}> Deals 1 damage.,,0,0,0,BS2-042,0,<{B}> Deals 1 damage.,,COMMON,
BS2-041,BS2,041,Eggnog Cookie,BOOSTER PACK [BRAVE BEGINNING],COOKIE,,MIX,2,2,,C,,,<{N}{N}> Deals 3 damage.,,0,0,0,BS2-041,0,<{N}{N}> Deals 3 damage.,,COMMON,
BS2-040@2,BS2,040@2,Aloe Cookie,2026 Brave League Season 3,COOKIE,BLUE,BLUE,1,2,,P,Jelly Data Analysis,"When this Cookie faints, view the top 3 cards of your deck. Reveal up to 1 {B} card from the viewed cards and add that card to your hand. Then, place the remaining cards on the bottom of your deck in any order.",<{B}{B}> Bug Monster Squashing deals 2,,0,0,0,BS2-040,1,"When this Cookie faints, view the top 3 cards of your deck. Reveal up to 1 {B} card from the viewed cards and add that card to your hand. Then, place the remaining cards on the bottom of your deck in any order.
<{B}{B}> Bug Monster Squashing deals 2",,PROMOTION,
BS2-040@1,BS2,040@1,Aloe Cookie,BOOSTER PACK [BRAVE BEGINNING],COOKIE,BLUE,BLUE,1,2,,SSR,,"When this Cookie faints, view the top 3 cards of your deck. Out of the 3 cards, select 1 {B} card, show it to your opponent, and place that card in your hand. Then, return the remaining cards to the bottom of your deck in any order.",<{B}{B}> Deals 2 damage.,,0,0,0,BS2-040,1,"When this Cookie faints, view the top 3 cards of your deck. Out of the 3 cards, select 1 {B} card, show it to your opponent, and place that card in your hand. Then, return the remaining cards to the bottom of your deck in any order.
<{B}{B}> Deals 2 damage.",,SECRET SUPER RARE,
BS2-040,BS2,040,Aloe Cookie,BOOSTER PACK [BRAVE BEGINNING],COOKIE,BLUE,BLUE,1,2,,SR,,"When this Cookie faints, view the top 3 cards of your deck. Out of the 3 cards, select 1 {B} card, show it to your opponent, and place that card in your hand. Then, return the remaining cards to the bottom of your deck in any order.",<{B}{B}> Deals 2 damage.,,0,0,0,BS2-040,0,"When this Cookie faints, view the top 3 cards of your deck. Out of the 3 cards, select 1 {B} card, show it to your opponent, and place that card in your hand. Then, return the remaining cards to the bottom of your deck in any order.
<{B}{B}> Deals 2 damage.",,SUPER RARE,
BS2-039,BS2,039,Avocado Cookie,BOOSTER PACK [BRAVE BEGINNING],COOKIE,BLUE,BLUE MIX,2,2,,C,,"【Activate】 【Once Per Turn】 <{B}> <Discard 2 cards.> Select up to 2 of your Cookies. During this turn, those Cookies deal +1 attack damage.",<{B}{B}{N}> Deals 3 damage.,,0,0,0,BS2-039,0,"【Activate】 【Once Per Turn】 <{B}> <Discard 2 cards.> Select up to 2 of your Cookies. During this turn, those Cookies deal +1 attack damage.
<{B}{B}{N}> Deals 3 damage.",,COMMON,
BS2-038,BS2,038,Sparkling Cookie,BOOSTER PACK [BRAVE BEGINNING],COOKIE,,MIX,2,4,,C,,,<{N}{N}{N}> Deals 3 damage.,,0,0,0,BS2-038,0,<{N}{N}{N}> Deals 3 damage.,,COMMON,
BS2-037@1,BS2,037@1,Chocolate Bonbon Cookie,promotion card,FLIP,BLUE,BLUE,3,3,,P,,,<{B}{B}{B}> The Basics of Fashion Design deals 3,Draw up to 1 card from your deck.,0,0,0,BS2-037,1,"<{B}{B}{B}> The Basics of Fashion Design deals 3
Draw up to 1 card from your deck.",,PROMOTION,
BS2-037,BS2,037,Chocolate Bonbon Cookie,BOOSTER PACK [BRAVE BEGINNING],FLIP,BLUE,BLUE,3,3,,U,,,<{B}{B}{B}> Deals 3 damage.,Draw up to 1 card from your deck.,0,0,0,BS2-037,0,"<{B}{B}{B}> Deals 3 damage.
Draw up to 1 card from your deck.",,UNCOMMON,
BS2-036@2,BS2,036@2,Sherbet Cookie,promotion card,COOKIE,BLUE,BLUE,2,5,,P,Free Spirit,【On Play】 <Select 1 LV.1 Cookie from your battle area and return them to the bottom of your deck.> You can draw 1 card from your deck.,<{B}{B}{N}> Cold Ice Winds deals 2,,0,0,0,BS2-036,1,"【On Play】 <Select 1 LV.1 Cookie from your battle area and return them to the bottom of your deck.> You can draw 1 card from your deck.
<{B}{B}{N}> Cold Ice Winds deals 2",,PROMOTION,
BS2-036@1,BS2,036@1,Sherbet Cookie,BOOSTER PACK [BRAVE BEGINNING],COOKIE,BLUE,BLUE MIX,2,5,,SUR,,【Activate】 <Select 1 LV.1 Cookie from your battle area and return them to the bottom of your deck.> You can draw 1 card from your deck.,<{B}{B}{N}> Deals 2 damage.,,0,0,0,BS2-036,1,"【Activate】 <Select 1 LV.1 Cookie from your battle area and return them to the bottom of your deck.> You can draw 1 card from your deck.
<{B}{B}{N}> Deals 2 damage.",,SECRET ULTRA RARE,
BS2-036,BS2,036,Sherbet Cookie,BOOSTER PACK [BRAVE BEGINNING],COOKIE,BLUE,BLUE MIX,2,5,,UR,,【Activate】 <Select 1 LV.1 Cookie from your battle area and return them to the bottom of your deck.> You can draw 1 card from your deck.,<{B}{B}{N}> Deals 2 damage.,,0,0,0,BS2-036,0,"【Activate】 <Select 1 LV.1 Cookie from your battle area and return them to the bottom of your deck.> You can draw 1 card from your deck.
<{B}{B}{N}> Deals 2 damage.",,ULTRA RARE,
BS2-035,BS2,035,Salt Cookie,BOOSTER PACK [BRAVE BEGINNING],COOKIE,,MIX,1,4,,C,,,<{N}{N}{N}> Deals 2 damage.,,0,0,0,BS2-035,0,<{N}{N}{N}> Deals 2 damage.,,COMMON,
BS2-034@1,BS2,034@1,Frost Queen Cookie,BOOSTER PACK [BRAVE BEGINNING],FLIP,BLUE,BLUE,3,3,,SEC,,,<{B}{B}{B}> Deals 3 damage.,"If your break area is LV.4 or higher, you can draw up to 2 cards from your deck.",0,0,0,BS2-034,1,"<{B}{B}{B}> Deals 3 damage.
If your break area is LV.4 or higher, you can draw up to 2 cards from your deck.",,SECRET RARE,
BS2-034,BS2,034,Frost Queen Cookie,BOOSTER PACK [BRAVE BEGINNING],FLIP,BLUE,BLUE,3,3,,R,,,<{B}{B}{B}> Deals 3 damage.,"If your break area is LV.4 or higher, you can draw up to 2 cards from your deck.",0,0,0,BS2-034,0,"<{B}{B}{B}> Deals 3 damage.
If your break area is LV.4 or higher, you can draw up to 2 cards from your deck.",,RARE,
BS2-033,BS2,033,Sorbet Shark Cookie,BOOSTER PACK [BRAVE BEGINNING],COOKIE,BLUE,BLUE MIX,2,3,,C,,【Activate】 【Once Per Turn】 <Discard 1 card.> Set this Cookie as active.,<{B}{B}{N}> Deals 2 damage.,,0,0,0,BS2-033,0,"【Activate】 【Once Per Turn】 <Discard 1 card.> Set this Cookie as active.
<{B}{B}{N}> Deals 2 damage.",,COMMON,
BS2-032,BS2,032,Blueberry Pie Cookie,BOOSTER PACK [BRAVE BEGINNING],COOKIE,,MIX,1,2,,C,,,<{N}{N}> Deals 2 damage.,,0,0,0,BS2-032,0,<{N}{N}> Deals 2 damage.,,COMMON,
BS2-031@1,BS2,031@1,Black Raisin Cookie,BOOSTER PACK [BRAVE BEGINNING],COOKIE,BLUE,BLUE,3,5,,SSR,,【Your Turn】 【Activate】 <Discard 3 cards.> Select up to 2 of your opponent's Cookies. Deals 2 damage to 1 of the Cookies and 1 damage to the other.,<{B}{B}{B}> Deals 3 damage.,,0,0,0,BS2-031,1,"【Your Turn】 【Activate】 <Discard 3 cards.> Select up to 2 of your opponent's Cookies. Deals 2 damage to 1 of the Cookies and 1 damage to the other.
<{B}{B}{B}> Deals 3 damage.",,SECRET SUPER RARE,
BS2-031,BS2,031,Black Raisin Cookie,BOOSTER PACK [BRAVE BEGINNING],COOKIE,BLUE,BLUE,3,5,,SR,,【Your Turn】 【Activate】 <Discard 3 cards.> Select up to 2 of your opponent's Cookies. Deals 2 damage to 1 of the Cookies and 1 damage to the other.,<{B}{B}{B}> Deals 3 damage.,,0,0,0,BS2-031,0,"【Your Turn】 【Activate】 <Discard 3 cards.> Select up to 2 of your opponent's Cookies. Deals 2 damage to 1 of the Cookies and 1 damage to the other.
<{B}{B}{B}> Deals 3 damage.",,SUPER RARE,
BS2-030,BS2,030,Gumball Cookie,BOOSTER PACK [BRAVE BEGINNING],COOKIE,,MIX,3,4,,C,,,<{N}{N}{N}> Deals 4 damage.,,0,0,0,BS2-030,0,<{N}{N}{N}> Deals 4 damage.,,COMMON,
BS2-029@4,BS2,029@4,Sea Fairy Cookie,PROMOTION CARD,COOKIE,BLUE,BLUE,3,5,,P,Beyond the Abyss,【Activate】 【Once Per Turn】 <Discard 1 card.> Select up to 1 Cookie that is LV.2 or lower from your battle area and return them to your hand.,<{B}{B}{B}{B}> All is void... deals 4,,0,0,0,BS2-029,1,"【Activate】 【Once Per Turn】 <Discard 1 card.> Select up to 1 Cookie that is LV.2 or lower from your battle area and return them to your hand.
<{B}{B}{B}{B}> All is void... deals 4",,PROMOTION,
BS2-029@3,BS2,029@3,Sea Fairy Cookie,PROMOTION CARD,COOKIE,BLUE,BLUE,3,5,,P,Beyond the Abyss,【Activate】 【Once Per Turn】 <Discard 1 card.> Select up to 1 Cookie that is LV.2 or lower from your battle area and return them to your hand.,<{B}{B}{B}{B}> All is void... deals 4,,0,0,0,BS2-029,1,"【Activate】 【Once Per Turn】 <Discard 1 card.> Select up to 1 Cookie that is LV.2 or lower from your battle area and return them to your hand.
<{B}{B}{B}{B}> All is void... deals 4",,PROMOTION,
BS2-029@2,BS2,029@2,Sea Fairy Cookie,PROMOTION CARD,COOKIE,BLUE,BLUE,3,5,,P,Beyond the Abyss,【Activate】 【Once Per Turn】 <Discard 1 card.> Select up to 1 Cookie that is LV.2 or lower from your battle area and return them to your hand.,<{B}{B}{B}{B}> All is void... deals 4,,0,0,0,BS2-029,1,"【Activate】 【Once Per Turn】 <Discard 1 card.> Select up to 1 Cookie that is LV.2 or lower from your battle area and return them to your hand.
<{B}{B}{B}{B}> All is void... deals 4",,PROMOTION,
BS2-029@1,BS2,029@1,Sea Fairy Cookie,BOOSTER PACK [BRAVE BEGINNING],COOKIE,BLUE,BLUE,3,5,,SUR,,【Activate】 【Once Per Turn】 <Discard 1 card.> Select up to 1 Cookie that is LV.2 or lower from your battle area and return them to your hand.,<{B}{B}{B}{B}> Deals 4 damage.,,0,0,0,BS2-029,1,"【Activate】 【Once Per Turn】 <Discard 1 card.> Select up to 1 Cookie that is LV.2 or lower from your battle area and return them to your hand.
<{B}{B}{B}{B}> Deals 4 damage.",,SECRET ULTRA RARE,
BS2-029,BS2,029,Sea Fairy Cookie,BOOSTER PACK [BRAVE BEGINNING],COOKIE,BLUE,BLUE,3,5,,UR,,【Activate】 【Once Per Turn】 <Discard 1 card.> Select up to 1 Cookie that is LV.2 or lower from your battle area and return them to your hand.,<{B}{B}{B}{B}> Deals 4 damage.,,0,0,0,BS2-029,0,"【Activate】 【Once Per Turn】 <Discard 1 card.> Select up to 1 Cookie that is LV.2 or lower from your battle area and return them to your hand.
<{B}{B}{B}{B}> Deals 4 damage.",,ULTRA RARE,
BS2-028@1,BS2,028@1,Pond Dino Cookie,BOOSTER PACK [BRAVE BEGINNING],COOKIE,BLUE,BLUE,2,4,,SSR,,"【Activate】 【Once Per Turn】 <Discard 1 card.> During this turn, your opponent cannot activate {bl}.",<{B}{B}{B}> Deals 3 damage.,,0,0,0,BS2-028,1,"【Activate】 【Once Per Turn】 <Discard 1 card.> During this turn, your opponent cannot activate {bl}.
<{B}{B}{B}> Deals 3 damage.",,SECRET SUPER RARE,
BS2-028,BS2,028,Pond Dino Cookie,BOOSTER PACK [BRAVE BEGINNING],COOKIE,BLUE,BLUE,2,4,,SR,,"【Activate】 【Once Per Turn】 <Discard 1 card.> During this turn, your opponent cannot activate {bl}.",<{B}{B}{B}> Deals 3 damage.,,0,0,0,BS2-028,0,"【Activate】 【Once Per Turn】 <Discard 1 card.> During this turn, your opponent cannot activate {bl}.
<{B}{B}{B}> Deals 3 damage.",,SUPER RARE,
BS2-027@1,BS2,027@1,Cotton Cookie,BOOSTER PACK [BRAVE BEGINNING],COOKIE,BLUE,BLUE MIX,2,4,,SEC,,【Activate】 <Discard 2 cards.> Select up to 2 of your Cookies. Those Cookies gain +1 HP.,<{B}{B}{N}> Deals 2 damage.,,0,0,0,BS2-027,1,"【Activate】 <Discard 2 cards.> Select up to 2 of your Cookies. Those Cookies gain +1 HP.
<{B}{B}{N}> Deals 2 damage.",,SECRET RARE,
BS2-027,BS2,027,Cotton Cookie,BOOSTER PACK [BRAVE BEGINNING],COOKIE,BLUE,BLUE MIX,2,4,,R,,【Activate】 <Discard 2 cards.> Select up to 2 of your Cookies. Those Cookies gain +1 HP.,<{B}{B}{N}> Deals 2 damage.,,0,0,0,BS2-027,0,"【Activate】 <Discard 2 cards.> Select up to 2 of your Cookies. Those Cookies gain +1 HP.
<{B}{B}{N}> Deals 2 damage.",,RARE,
BS2-026@1,BS2,026@1,Mocha Ray Cookie,BOOSTER PACK [BRAVE BEGINNING],COOKIE,BLUE,BLUE MIX,1,3,,SEC,,"{bl} <{B}> (When one of your opponent's Cookies attacks, you can redirect the attack to this Cookie.)",<{B}{N}> Deals 1 damage.,,0,0,0,BS2-026,1,"{bl} <{B}> (When one of your opponent's Cookies attacks, you can redirect the attack to this Cookie.)
<{B}{N}> Deals 1 damage.",,SECRET RARE,
BS2-026,BS2,026,Mocha Ray Cookie,BOOSTER PACK [BRAVE BEGINNING],COOKIE,BLUE,BLUE MIX,1,3,,R,,"{bl} <{B}> (When one of your opponent's Cookies attacks, you can redirect the attack to this Cookie.)",<{B}{N}> Deals 1 damage.,,0,0,0,BS2-026,0,"{bl} <{B}> (When one of your opponent's Cookies attacks, you can redirect the attack to this Cookie.)
<{B}{N}> Deals 1 damage.",,RARE,
BS2-025,BS2,025,Mango Cookie,BOOSTER PACK [BRAVE BEGINNING],COOKIE,BLUE,BLUE,1,3,,C,,"When this Cookie faints, you can draw 1 card from your deck. If you did, discard 1 card from your hand.",<{B}{B}> Deals 1 damage.,,0,0,0,BS2-025,0,"When this Cookie faints, you can draw 1 card from your deck. If you did, discard 1 card from your hand.
<{B}{B}> Deals 1 damage.",,COMMON,
BS2-024,BS2,024,Strawberry Cookie,BOOSTER PACK [BRAVE BEGINNING],COOKIE,,MIX,3,1,,C,,,<{N}> Deals 2 damage.,,0,0,0,BS2-024,0,<{N}> Deals 2 damage.,,COMMON,
BS2-023,BS2,023,DJ Cookie,BOOSTER PACK [BRAVE BEGINNING],COOKIE,,MIX,3,4,,C,,,<{N}{N}> Deals 2 damage.,,0,0,0,BS2-023,0,<{N}{N}> Deals 2 damage.,,COMMON,
BS2-022@1,BS2,022@1,Licorice Cookie,BOOSTER PACK [BRAVE BEGINNING],COOKIE,BLUE,BLUE,3,4,,SEC,,【Activate】 This Cookie takes no damage from effects until the start of the player's next turn.,<{B}{B}{B}> Deals 3 damage.,,0,0,0,BS2-022,1,"【Activate】 This Cookie takes no damage from effects until the start of the player's next turn.
<{B}{B}{B}> Deals 3 damage.",,SECRET SUPER RARE,
BS2-022,BS2,022,Licorice Cookie,BOOSTER PACK [BRAVE BEGINNING],COOKIE,BLUE,BLUE,3,4,,R,,【Activate】 This Cookie takes no damage from effects until the start of the player's next turn.,<{B}{B}{B}> Deals 3 damage.,,0,0,0,BS2-022,0,"【Activate】 This Cookie takes no damage from effects until the start of the player's next turn.
<{B}{B}{B}> Deals 3 damage.",,RARE,
BS2-021,BS2,021,Carrot Farm Scarecrow,BOOSTER PACK [BRAVE BEGINNING],TRAP,GREEN,GREEN,,,,U,,,"<{G}> Select up to 1 of your opponent's Cookies. During this turn, that Cookie deals -1 attack damage. Then, return 1 card from your support area to your hand. If you did, place 1 card from your hand into your support area as rested.",,0,0,0,BS2-021,0,"<{G}> Select up to 1 of your opponent's Cookies. During this turn, that Cookie deals -1 attack damage. Then, return 1 card from your support area to your hand. If you did, place 1 card from your hand into your support area as rested.",,UNCOMMON,
BS2-020,BS2,020,Carrot Jelly Stew,BOOSTER PACK [BRAVE BEGINNING],ITEM,GREEN,GREEN,,,,U,,,<{G}{G}> Select up to 1 of your {G} Cookies. Place 1 of their attached HP cards in your support area as rested.,,0,0,0,BS2-020,0,<{G}{G}> Select up to 1 of your {G} Cookies. Place 1 of their attached HP cards in your support area as rested.,,UNCOMMON,
BS2-019,BS2,019,Cheesecake Cookie,BOOSTER PACK [BRAVE BEGINNING],FLIP,GREEN,GREEN,2,2,,C,,,<{G}{G}> Deals 2 damage.,<Discard 1 card.> The Cookie with this card attached for HP gains +1 HP.,0,0,0,BS2-019,0,"<{G}{G}> Deals 2 damage.
<Discard 1 card.> The Cookie with this card attached for HP gains +1 HP.",,COMMON,
BS2-018,BS2,018,Candlelight Cookie,BOOSTER PACK [BRAVE BEGINNING],COOKIE,GREEN,GREEN,1,3,,U,,【Activate】 <{G}> Place up to 1 of your opponent's stage cards in the trash.,<{G}{G}> Deals 1 damage.,,0,0,0,BS2-018,0,"【Activate】 <{G}> Place up to 1 of your opponent's stage cards in the trash.
<{G}{G}> Deals 1 damage.",,UNCOMMON,
BS2-017,BS2,017,Mint Choco Cookie,BOOSTER PACK [BRAVE BEGINNING],COOKIE,GREEN,GREEN,2,3,,C,,,"<{G}> Deals 1 damage. Then, <can be used as {G}.> If one of your opponent's Cookies is LV.1, deals 3 damage.",,0,0,0,BS2-017,0,"<{G}> Deals 1 damage. Then, <can be used as {G}.> If one of your opponent's Cookies is LV.1, deals 3 damage.",,COMMON,
BS2-016,BS2,016,Mustard Cookie,BOOSTER PACK [BRAVE BEGINNING],COOKIE,,MIX,3,1,,C,,,<{N}> Deals 2 damage.,,0,0,0,BS2-016,0,<{N}> Deals 2 damage.,,COMMON,
BS2-015@1,BS2,015@1,Lemon Thyme Cookie,BOOSTER PACK [BRAVE BEGINNING],COOKIE,GREEN,GREEN,2,2,,SEC,,"【Activate】 <{G}{G}{G}{G}> <Place this Cookie in the trash.> Select up to 1 of your opponent's Cookies. That Cookie receives 2 damage. Then, take 1 card from the top of your deck and place it in your support area as rested.",<{G}{G}> Deals 2 damage.,,0,0,0,BS2-015,1,"【Activate】 <{G}{G}{G}{G}> <Place this Cookie in the trash.> Select up to 1 of your opponent's Cookies. That Cookie receives 2 damage. Then, take 1 card from the top of your deck and place it in your support area as rested.
<{G}{G}> Deals 2 damage.",,SECRET RARE,
BS2-015,BS2,015,Lemon Thyme Cookie,BOOSTER PACK [BRAVE BEGINNING],COOKIE,GREEN,GREEN,2,2,,R,,"【Activate】 <{G}{G}{G}{G}> <Place this Cookie in the trash.> Select up to 1 of your opponent's Cookies. That Cookie receives 2 damage. Then, take 1 card from the top of your deck and place it in your support area as rested.",<{G}{G}> Deals 2 damage.,,0,0,0,BS2-015,0,"【Activate】 <{G}{G}{G}{G}> <Place this Cookie in the trash.> Select up to 1 of your opponent's Cookies. That Cookie receives 2 damage. Then, take 1 card from the top of your deck and place it in your support area as rested.
<{G}{G}> Deals 2 damage.",,RARE,
BS2-014,BS2,014,Erratic Yakgwa Robot,BOOSTER PACK [BRAVE BEGINNING],TRAP,YELLOW,YELLOW,,,,U,,,"<{Y}> Select up to 1 of your opponent's Cookies. During this turn, that Cookie deals -1 attack damage. Then, you can return 1 LV.1 Cookie from your break area to your hand. If you did, place 1 Cookie from your hand into your break area.",,0,0,0,BS2-014,0,"<{Y}> Select up to 1 of your opponent's Cookies. During this turn, that Cookie deals -1 attack damage. Then, you can return 1 LV.1 Cookie from your break area to your hand. If you did, place 1 Cookie from your hand into your break area.",,UNCOMMON,
BS2-013,BS2,013,Wind-Up Pocket Watch,BOOSTER PACK [BRAVE BEGINNING],ITEM,YELLOW,YELLOW,,,,U,,,"<{Y}{Y}> Place 1 Cookie from your battle area into your break area, then play up to 1 LV.1 Cookie from your break area.",,0,0,0,BS2-013,0,"<{Y}{Y}> Place 1 Cookie from your battle area into your break area, then play up to 1 LV.1 Cookie from your break area.",,UNCOMMON,
BS2-012,BS2,012,Onion Cookie,BOOSTER PACK [BRAVE BEGINNING],COOKIE,YELLOW,YELLOW,1,3,,U,,【Activate】 <{Y}> Place up to 1 of your opponent's stage cards in the trash.,<{Y}{Y}> Deals 1 damage.,,0,0,0,BS2-012,0,"【Activate】 <{Y}> Place up to 1 of your opponent's stage cards in the trash.
<{Y}{Y}> Deals 1 damage.",,UNCOMMON,
BS2-011@1,BS2,011@1,Blackberry Cookie,BOOSTER PACK [BRAVE BEGINNING],COOKIE,YELLOW,YELLOW MIX,3,3,,SEC,,【Activate】 <{Y}{Y}> Select {Y} Cookies from your break area until their total LV. sum reaches LV.3. Return those Cookies to your hand and place this Cookie into your break area.,<{Y}{Y}{N}> Deals 2 damage.,,0,0,0,BS2-011,1,"【Activate】 <{Y}{Y}> Select {Y} Cookies from your break area until their total LV. sum reaches LV.3. Return those Cookies to your hand and place this Cookie into your break area.
<{Y}{Y}{N}> Deals 2 damage.",,SECRET RARE,
BS2-011,BS2,011,Blackberry Cookie,BOOSTER PACK [BRAVE BEGINNING],COOKIE,YELLOW,YELLOW MIX,3,3,,R,,【Activate】 <{Y}{Y}> Select {Y} Cookies from your break area until their total LV. sum reaches LV.3. Return those Cookies to your hand and place this Cookie into your break area.,<{Y}{Y}{N}> Deals 2 damage.,,0,0,0,BS2-011,0,"【Activate】 <{Y}{Y}> Select {Y} Cookies from your break area until their total LV. sum reaches LV.3. Return those Cookies to your hand and place this Cookie into your break area.
<{Y}{Y}{N}> Deals 2 damage.",,RARE,
BS2-010,BS2,010,Vampire Cookie,BOOSTER PACK [BRAVE BEGINNING],COOKIE,YELLOW,YELLOW,2,3,,C,,,"<{Y}> Deals 1 damage. Then, <can be used as {Y}.> If one of your opponent's Cookies is LV.1, deals 3 damage.",,0,0,0,BS2-010,0,"<{Y}> Deals 1 damage. Then, <can be used as {Y}.> If one of your opponent's Cookies is LV.1, deals 3 damage.",,COMMON,
BS2-009,BS2,009,Carrot Cookie,BOOSTER PACK [BRAVE BEGINNING],FLIP,YELLOW,YELLOW,2,2,,C,,,<{Y}{Y}> Deals 2 damage.,Draw up to 1 card from your deck.,0,0,0,BS2-009,0,"<{Y}{Y}> Deals 2 damage.
Draw up to 1 card from your deck.",,COMMON,
BS2-008,BS2,008,Princess Cookie,BOOSTER PACK [BRAVE BEGINNING],COOKIE,,MIX,1,2,,C,,,<{N}{N}> Deals 2 damage.,,0,0,0,BS2-008,0,<{N}{N}> Deals 2 damage.,,COMMON,
BS2-007@1,BS2,007@1,Prickly Cactus Bat,promotion card,TRAP,RED,RED,,,,P,,<{R}> <Discard 1 {R} card.> Select up to 1 of your opponent's LV.1 Cookies. That Cookie receives 2 damage.,,,0,0,0,BS2-007,1,<{R}> <Discard 1 {R} card.> Select up to 1 of your opponent's LV.1 Cookies. That Cookie receives 2 damage.,,PROMOTION,
BS2-007,BS2,007,Prickly Cactus Bat,BOOSTER PACK [BRAVE BEGINNING],TRAP,RED,RED,,,,U,,,<{R}> <Discard 1 {R} card.> Select up to 1 of your opponent's LV.1 Cookies. That Cookie receives 2 damage.,,0,0,0,BS2-007,0,<{R}> <Discard 1 {R} card.> Select up to 1 of your opponent's LV.1 Cookies. That Cookie receives 2 damage.,,UNCOMMON,
BS2-006,BS2,006,Prickly Cacti Gloves,BOOSTER PACK [BRAVE BEGINNING],ITEM,RED,RED,,,,U,,,"<{R}{R}> Select up to 1 of your opponent's Cookies. That Cookie receives 2 damage. Then, select 1 of your Cookies and place 2 of their HP cards in the trash.",,0,0,0,BS2-006,0,"<{R}{R}> Select up to 1 of your opponent's Cookies. That Cookie receives 2 damage. Then, select 1 of your Cookies and place 2 of their HP cards in the trash.",,COMMON,
BS2-005,BS2,005,Chili Pepper Cookie,BOOSTER PACK [BRAVE BEGINNING],COOKIE,,MIX,3,1,,C,,,<{N}> Deals 2 damage.,,0,0,0,BS2-005,0,<{N}> Deals 2 damage.,,UNCOMMON,
BS2-004,BS2,004,Cherry Cookie,BOOSTER PACK [BRAVE BEGINNING],COOKIE,RED,RED,2,3,,C,,,"<{R}> Deals 1 damage. Then, <can be used as {R}.> If one of your opponent's Cookies is LV.1, deals 3 damage.",,0,0,0,BS2-004,0,"<{R}> Deals 1 damage. Then, <can be used as {R}.> If one of your opponent's Cookies is LV.1, deals 3 damage.",,SECRET SUPER RARE,
BS2-003@1,BS2,003@1,Rebel Cookie,BOOSTER PACK [BRAVE BEGINNING],COOKIE,RED,RED,2,4,,SEC,,【Activate】 <{R}{R}> Select up to 1 of your opponent's Cookies. That Cookie receives 2 damage.,<{R}{R}{R}> Deals 3 damage.,,0,0,0,BS2-003,1,"【Activate】 <{R}{R}> Select up to 1 of your opponent's Cookies. That Cookie receives 2 damage.
<{R}{R}{R}> Deals 3 damage.",,SECRET RARE,
BS2-003,BS2,003,Rebel Cookie,BOOSTER PACK [BRAVE BEGINNING],COOKIE,RED,RED,2,4,,R,,【Activate】 <{R}{R}> Select up to 1 of your opponent's Cookies. That Cookie receives 2 damage.,<{R}{R}{R}> Deals 3 damage.,,0,0,0,BS2-003,0,"【Activate】 <{R}{R}> Select up to 1 of your opponent's Cookies. That Cookie receives 2 damage.
<{R}{R}{R}> Deals 3 damage.",,RARE,
BS2-002,BS2,002,Macaron Cookie,BOOSTER PACK [BRAVE BEGINNING],COOKIE,RED,RED,1,3,,U,,【Activate】 <{R}> Place up to 1 of your opponent's stage cards in the trash.,<{R}{R}> Deals 1 damage.,,0,0,0,BS2-002,0,"【Activate】 <{R}> Place up to 1 of your opponent's stage cards in the trash.
<{R}{R}> Deals 1 damage.",,UNCOMMON,
BS2-001,BS2,001,Muscle Cookie,BOOSTER PACK [BRAVE BEGINNING],FLIP,RED,RED,2,2,,C,,,<{R}{R}> Deals 2 damage.,Draw up to 1 card from your deck.,0,0,0,BS2-001,0,"<{R}{R}> Deals 2 damage.
Draw up to 1 card from your deck.",,COMMON,
BS2_058@4,BS2,058@4,Wind Archer Cookie,promotion-card,COOKIE,,PULPLE,3,5,,P,,【On Play】 <{P}> Place up to 1 of your opponent's LV.3 Cookies from their battle area into the trash.,"<{P}{P}{P}{P}> Deals 4 damage. Then, if there are 15 cards or more in your trash, deals 1 damage.",,0,0,0,BS2_058,1,"【On Play】 <{P}> Place up to 1 of your opponent's LV.3 Cookies from their battle area into the trash.
<{P}{P}{P}{P}> Deals 4 damage. Then, if there are 15 cards or more in your trash, deals 1 damage.",,PROMOTION,
BS2_058@3,BS2,058@3,Wind Archer Cookie,promotion-card,COOKIE,,PULPLE,3,5,,P,,【On Play】 <{P}> Place up to 1 of your opponent's LV.3 Cookies from their battle area into the trash.,"<{P}{P}{P}{P}> Deals 4 damage. Then, if there are 15 cards or more in your trash, deals 1 damage.",,0,0,0,BS2_058,1,"【On Play】 <{P}> Place up to 1 of your opponent's LV.3 Cookies from their battle area into the trash.
<{P}{P}{P}{P}> Deals 4 damage. Then, if there are 15 cards or more in your trash, deals 1 damage.",,PROMOTION,
BS2_058@2,BS2,058@2,Wind Archer Cookie,promotion-card,COOKIE,,PULPLE,3,5,,P,,【On Play】 <{P}> Place up to 1 of your opponent's LV.3 Cookies from their battle area into the trash.,"<{P}{P}{P}{P}> Deals 4 damage. Then, if there are 15 cards or more in your trash, deals 1 damage.",,0,0,0,BS2_058,1,"【On Play】 <{P}> Place up to 1 of your opponent's LV.3 Cookies from their battle area into the trash.
<{P}{P}{P}{P}> Deals 4 damage. Then, if there are 15 cards or more in your trash, deals 1 damage.",,PROMOTION,
BS11-116@1,BS11,116@1,Dark Enchantress Cookie,BOOSTER PACK [The Dark Enchantress War],COOKIE,BLACK,BLACK,5,+2,,SUR,Forbidden Magic,"【EXTRA】 If your break area is LV.7 or higher and [Dark Enchantress's Castle] is in your stage area, you can 【Awaken】 your LV.3 [Dark Enchantress Cookie] that has Special Play.
This Cookie cannot be moved from the battle area by your opponent's effects.",<{K}{K}{K}{K}> Fornacem Accende! deals 7,,0,0,1,BS11-116,1,"【EXTRA】 If your break area is LV.7 or higher and [Dark Enchantress's Castle] is in your stage area, you can 【Awaken】 your LV.3 [Dark Enchantress Cookie] that has Special Play.
This Cookie cannot be moved from the battle area by your opponent's effects.
<{K}{K}{K}{K}> Fornacem Accende! deals 7",,SECRET ULTRA RARE,
BS11-116,BS11,116,Dark Enchantress Cookie,BOOSTER PACK [The Dark Enchantress War],COOKIE,BLACK,BLACK,5,+2,,SUR,Forbidden Magic,"【EXTRA】 If your break area is LV.7 or higher and [Dark Enchantress's Castle] is in your stage area, you can 【Awaken】 your LV.3 [Dark Enchantress Cookie] that has Special Play.
This Cookie cannot be moved from the battle area by your opponent's effects.",<{K}{K}{K}{K}> Fornacem Accende! deals 7,,0,0,1,BS11-116,0,"【EXTRA】 If your break area is LV.7 or higher and [Dark Enchantress's Castle] is in your stage area, you can 【Awaken】 your LV.3 [Dark Enchantress Cookie] that has Special Play.
This Cookie cannot be moved from the battle area by your opponent's effects.
<{K}{K}{K}{K}> Fornacem Accende! deals 7",,SECRET ULTRA RARE,
BS11-115@3,BS11,115@3,Dark Enchantress Cookie,BOOSTER PACK [The Dark Enchantress War],COOKIE,BLACK,BLACK,3,6,,GXR,Deep Dark Magic,"【Special Play】 Place 2 {K} LV.2 Cookies that have Special Play from your battle area into your trash.
【On Play】 If there are 4 cards or more in your opponent's support area, all of your opponent's Cookies receive 1 damage.","<{K}{K}{K}> Visions of Doom deals 4
Then, <{K}{K}> select up to 1 of your opponent's Cookies. That Cookie receives 2 damage.",,0,0,0,BS11-115,1,"【Special Play】 Place 2 {K} LV.2 Cookies that have Special Play from your battle area into your trash.
【On Play】 If there are 4 cards or more in your opponent's support area, all of your opponent's Cookies receive 1 damage.
<{K}{K}{K}> Visions of Doom deals 4
Then, <{K}{K}> select up to 1 of your opponent's Cookies. That Cookie receives 2 damage.",,GENESIS EXTRA RARE,
BS11-115@2,BS11,115@2,Dark Enchantress Cookie,BOOSTER PACK [The Dark Enchantress War],COOKIE,BLACK,BLACK,3,6,,EXR,Deep Dark Magic,"【Special Play】 Place 2 {K} LV.2 Cookies that have Special Play from your battle area into your trash.
【On Play】 If there are 4 cards or more in your opponent's support area, all of your opponent's Cookies receive 1 damage.","<{K}{K}{K}> Visions of Doom deals 4
Then, <{K}{K}> select up to 1 of your opponent's Cookies. That Cookie receives 2 damage.",,0,0,0,BS11-115,1,"【Special Play】 Place 2 {K} LV.2 Cookies that have Special Play from your battle area into your trash.
【On Play】 If there are 4 cards or more in your opponent's support area, all of your opponent's Cookies receive 1 damage.
<{K}{K}{K}> Visions of Doom deals 4
Then, <{K}{K}> select up to 1 of your opponent's Cookies. That Cookie receives 2 damage.",,EXTRA RARE,
BS11-115@1,BS11,115@1,Dark Enchantress Cookie,BOOSTER PACK [The Dark Enchantress War],COOKIE,BLACK,BLACK,3,6,,SUR,Deep Dark Magic,"【Special Play】 Place 2 {K} LV.2 Cookies that have Special Play from your battle area into your trash.
【On Play】 If there are 4 cards or more in your opponent's support area, all of your opponent's Cookies receive 1 damage.","<{K}{K}{K}> Visions of Doom deals 4
Then, <{K}{K}> select up to 1 of your opponent's Cookies. That Cookie receives 2 damage.",,0,0,0,BS11-115,1,"【Special Play】 Place 2 {K} LV.2 Cookies that have Special Play from your battle area into your trash.
【On Play】 If there are 4 cards or more in your opponent's support area, all of your opponent's Cookies receive 1 damage.
<{K}{K}{K}> Visions of Doom deals 4
Then, <{K}{K}> select up to 1 of your opponent's Cookies. That Cookie receives 2 damage.",,SECRET ULTRA RARE,
BS11-115,BS11,115,Dark Enchantress Cookie,BOOSTER PACK [The Dark Enchantress War],COOKIE,BLACK,BLACK,3,6,,GXR,Deep Dark Magic,"【Special Play】 Place 2 {K} LV.2 Cookies that have Special Play from your battle area into your trash.
【On Play】 If there are 4 cards or more in your opponent's support area, all of your opponent's Cookies receive 1 damage.","<{K}{K}{K}> Visions of Doom deals 4
Then, <{K}{K}> select up to 1 of your opponent's Cookies. That Cookie receives 2 damage.",,0,0,0,BS11-115,0,"【Special Play】 Place 2 {K} LV.2 Cookies that have Special Play from your battle area into your trash.
【On Play】 If there are 4 cards or more in your opponent's support area, all of your opponent's Cookies receive 1 damage.
<{K}{K}{K}> Visions of Doom deals 4
Then, <{K}{K}> select up to 1 of your opponent's Cookies. That Cookie receives 2 damage.",,GENESIS EXTRA RARE,
BS11-114@1,BS11,114@1,Pomegranate Cookie,BOOSTER PACK [The Dark Enchantress War],COOKIE,BLACK,BLACK,1,2,,SSR,Devotion to the Master,"【On Play】 <Discard 1 {K} card from your hand.> If there are 5 cards or less in your hand, draw up to 2 cards from your deck.","<{K}> Ominous Magic Circle deals 1
Then, <discard 1 card.> Return up to 1 [Dark Enchantress Cookie] from your trash to your hand.",,0,0,0,BS11-114,1,"【On Play】 <Discard 1 {K} card from your hand.> If there are 5 cards or less in your hand, draw up to 2 cards from your deck.
<{K}> Ominous Magic Circle deals 1
Then, <discard 1 card.> Return up to 1 [Dark Enchantress Cookie] from your trash to your hand.",,SECRET SUPER RARE,
BS11-114,BS11,114,Pomegranate Cookie,BOOSTER PACK [The Dark Enchantress War],COOKIE,BLACK,BLACK,1,2,,SSR,Devotion to the Master,"【On Play】 <Discard 1 {K} card from your hand.> If there are 5 cards or less in your hand, draw up to 2 cards from your deck.","<{K}> Ominous Magic Circle deals 1
Then, <discard 1 card.> Return up to 1 [Dark Enchantress Cookie] from your trash to your hand.",,0,0,0,BS11-114,0,"【On Play】 <Discard 1 {K} card from your hand.> If there are 5 cards or less in your hand, draw up to 2 cards from your deck.
<{K}> Ominous Magic Circle deals 1
Then, <discard 1 card.> Return up to 1 [Dark Enchantress Cookie] from your trash to your hand.",,SECRET SUPER RARE,
BS11-113@1,BS11,113@1,Venom Dough Cookie,BOOSTER PACK [The Dark Enchantress War],COOKIE,BLACK,BLACK,2,4,,SSR,Violet Venom,"【Special Play】 Place 1 {K} LV.1 Cookie from your battle area into your trash.
【On Play】 If there are 5 cards or less in your hand, draw up to 2 cards from your deck.","<{K}{K}{K}> Mind Venom deals 3
Then, <discard 1 card.> This Cookie gains +1 HP.",,0,0,0,BS11-113,1,"【Special Play】 Place 1 {K} LV.1 Cookie from your battle area into your trash.
【On Play】 If there are 5 cards or less in your hand, draw up to 2 cards from your deck.
<{K}{K}{K}> Mind Venom deals 3
Then, <discard 1 card.> This Cookie gains +1 HP.",,SECRET SUPER RARE,
BS11-113,BS11,113,Venom Dough Cookie,BOOSTER PACK [The Dark Enchantress War],COOKIE,BLACK,BLACK,2,4,,SSR,Violet Venom,"【Special Play】 Place 1 {K} LV.1 Cookie from your battle area into your trash.
【On Play】 If there are 5 cards or less in your hand, draw up to 2 cards from your deck.","<{K}{K}{K}> Mind Venom deals 3
Then, <discard 1 card.> This Cookie gains +1 HP.",,0,0,0,BS11-113,0,"【Special Play】 Place 1 {K} LV.1 Cookie from your battle area into your trash.
【On Play】 If there are 5 cards or less in your hand, draw up to 2 cards from your deck.
<{K}{K}{K}> Mind Venom deals 3
Then, <discard 1 card.> This Cookie gains +1 HP.",,SECRET SUPER RARE,
BS11-112@1,BS11,112@1,Pom-pom Dough Cookie,BOOSTER PACK [The Dark Enchantress War],COOKIE,BLACK,BLACK,2,4,,SEC,Swift Movements,"【Special Play】 Place 1 {K} LV.1 Cookie from your battle area into your trash.
【On Play】 If there are 5 cards or less in your hand, return up to 1 {K} Cookie from your trash to your hand.","<{K}{K}{K}> Pent-up Wrath deals 3
Then, <discard 1 card.> During this turn, your opponent cannot activate 【On Play】 for Cookies that are LV.2 or higher.",,0,0,0,BS11-112,1,"【Special Play】 Place 1 {K} LV.1 Cookie from your battle area into your trash.
【On Play】 If there are 5 cards or less in your hand, return up to 1 {K} Cookie from your trash to your hand.
<{K}{K}{K}> Pent-up Wrath deals 3
Then, <discard 1 card.> During this turn, your opponent cannot activate 【On Play】 for Cookies that are LV.2 or higher.",,SECRET RARE,
BS11-112,BS11,112,Pom-pom Dough Cookie,BOOSTER PACK [The Dark Enchantress War],COOKIE,BLACK,BLACK,2,4,,SEC,Swift Movements,"【Special Play】 Place 1 {K} LV.1 Cookie from your battle area into your trash.
【On Play】 If there are 5 cards or less in your hand, return up to 1 {K} Cookie from your trash to your hand.","<{K}{K}{K}> Pent-up Wrath deals 3
Then, <discard 1 card.> During this turn, your opponent cannot activate 【On Play】 for Cookies that are LV.2 or higher.",,0,0,0,BS11-112,0,"【Special Play】 Place 1 {K} LV.1 Cookie from your battle area into your trash.
【On Play】 If there are 5 cards or less in your hand, return up to 1 {K} Cookie from your trash to your hand.
<{K}{K}{K}> Pent-up Wrath deals 3
Then, <discard 1 card.> During this turn, your opponent cannot activate 【On Play】 for Cookies that are LV.2 or higher.",,SECRET RARE,
BS11-111@1,BS11,111@1,Mold Dough Cookie,BOOSTER PACK [The Dark Enchantress War],COOKIE,BLACK,BLACK,2,4,,SEC,Gem Frenzy,"【Special Play】 Place 1 {K} LV.1 Cookie from your battle area into your trash.
【On Play】 <Discard 1 card.> Select up to 1 of your opponent's Cookies. That Cookie receives 1 damage.",<{K}{K}> Order: Eliminate deals 2,,0,0,0,BS11-111,1,"【Special Play】 Place 1 {K} LV.1 Cookie from your battle area into your trash.
【On Play】 <Discard 1 card.> Select up to 1 of your opponent's Cookies. That Cookie receives 1 damage.
<{K}{K}> Order: Eliminate deals 2",,SECRET RARE,
BS11-111,BS11,111,Mold Dough Cookie,BOOSTER PACK [The Dark Enchantress War],COOKIE,BLACK,BLACK,2,4,,SEC,Gem Frenzy,"【Special Play】 Place 1 {K} LV.1 Cookie from your battle area into your trash.
【On Play】 <Discard 1 card.> Select up to 1 of your opponent's Cookies. That Cookie receives 1 damage.",<{K}{K}> Order: Eliminate deals 2,,0,0,0,BS11-111,0,"【Special Play】 Place 1 {K} LV.1 Cookie from your battle area into your trash.
【On Play】 <Discard 1 card.> Select up to 1 of your opponent's Cookies. That Cookie receives 1 damage.
<{K}{K}> Order: Eliminate deals 2",,SECRET RARE,
BS11-110,BS11,110,Draining Magic Circle,BOOSTER PACK [The Dark Enchantress War],TRAP,BLACK,BLACK,,,,U,,"<{K}> Select up to 1 of your opponent's Cookies. During this turn, that Cookie deals -1 attack damage. Then, if there is a Cookie that is LV.5 or higher or a Cookie that has Special Play in your battle area, that Cookie deals an additional -1 attack damage.",,,0,0,0,BS11-110,0,"<{K}> Select up to 1 of your opponent's Cookies. During this turn, that Cookie deals -1 attack damage. Then, if there is a Cookie that is LV.5 or higher or a Cookie that has Special Play in your battle area, that Cookie deals an additional -1 attack damage.",,UNCOMMON,
BS11-109,BS11,109,Emblem of Darkness,BOOSTER PACK [The Dark Enchantress War],ITEM,BLACK,BLACK,,,,U,,"<{K}> View 5 cards from the top of your deck, reveal up to 1 Cookie that has Special Play from the viewed cards, and add it to your hand. Then, place the remaining cards in your trash.",,,0,0,0,BS11-109,0,"<{K}> View 5 cards from the top of your deck, reveal up to 1 Cookie that has Special Play from the viewed cards, and add it to your hand. Then, place the remaining cards in your trash.",,UNCOMMON,
BS11-108@1,BS11,108@1,Dark Enchantress's Castle,Eternal Farewell promotion pack,STAGE,BLACK,BLACK,,,,P,,"\""<{K}> Place in your stage area.

【Activate】 <Rest this card.> During this turn, if you played a Cookie via Special Play, draw up to 1 card from your deck and discard 1 card.\""",,,0,0,0,BS11-108,1,"\""<{K}> Place in your stage area.

【Activate】 <Rest this card.> During this turn, if you played a Cookie via Special Play, draw up to 1 card from your deck and discard 1 card.\""",,PROMOTION,
BS11-108,BS11,108,Dark Enchantress's Castle,BOOSTER PACK [The Dark Enchantress War],STAGE,BLACK,BLACK,,,,U,,"<{K}> Place in your stage area.

【Activate】 <Rest this card.> During this turn, if you played a Cookie via Special Play, draw up to 1 card from your deck and discard 1 card.",,,0,0,0,BS11-108,0,"<{K}> Place in your stage area.

【Activate】 <Rest this card.> During this turn, if you played a Cookie via Special Play, draw up to 1 card from your deck and discard 1 card.",,UNCOMMON,
BS11-107,BS11,107,Oven of Burning Fate,BOOSTER PACK [The Dark Enchantress War],ITEM,BLACK,BLACK,,,,U,,"<{K}{K}> If the total LV. sum of the Cookies in your battle area is 5 or higher, select up to 1 of your opponent's Cookies. That Cookie receives 2 damage.",,,0,0,0,BS11-107,0,"<{K}{K}> If the total LV. sum of the Cookies in your battle area is 5 or higher, select up to 1 of your opponent's Cookies. That Cookie receives 2 damage.",,UNCOMMON,
BS11-106,BS11,106,World-reflecting Mirrors,BOOSTER PACK [The Dark Enchantress War],TRAP,BLACK,BLACK,,,,U,,"If there is a Cookie that is LV.5 or higher or a Cookie that has Special Play in your battle area, the cost to activate this card is reduced by 1 {K}.
<{K}> Select up to 1 of your opponent's Cookies. During this turn, that Cookie deals -1 attack damage.",,,0,0,0,BS11-106,0,"If there is a Cookie that is LV.5 or higher or a Cookie that has Special Play in your battle area, the cost to activate this card is reduced by 1 {K}.
<{K}> Select up to 1 of your opponent's Cookies. During this turn, that Cookie deals -1 attack damage.",,UNCOMMON,
BS11-105,BS11,105,Red Velvet Dragon,BOOSTER PACK [The Dark Enchantress War],COOKIE,BLACK,BLACK,3,5,,U,,,"<{K}{K}{K}> Dragon Breath deals 3
Then, if there is a Cookie that has 【Special Play】 in your battle area, select up to 1 of your opponent's Cookies. That Cookie receives 1 damage.",,0,0,0,BS11-105,0,"<{K}{K}{K}> Dragon Breath deals 3
Then, if there is a Cookie that has 【Special Play】 in your battle area, select up to 1 of your opponent's Cookies. That Cookie receives 1 damage.",,UNCOMMON,
BS11-104,BS11,104,Cake Witch,BOOSTER PACK [The Dark Enchantress War],COOKIE,BLACK,BLACK,1,2,,U,Dangerous Question,"When this Cookie faints, view 3 cards from the top of your deck, reveal up to 1 {K} card from the viewed cards, and add it to your hand. Then, place the remaining cards in your trash.",<{K}{K}> Ravenous Slicer deals 2,,0,0,0,BS11-104,0,"When this Cookie faints, view 3 cards from the top of your deck, reveal up to 1 {K} card from the viewed cards, and add it to your hand. Then, place the remaining cards in your trash.
<{K}{K}> Ravenous Slicer deals 2",,UNCOMMON,
BS11-103,BS11,103,Skelecake Bomber,BOOSTER PACK [The Dark Enchantress War],COOKIE,BLACK,BLACK,1,2,,C,Bombs Ready!,"【On Play】 If there are 5 cards or less in your hand, return up to 1 Cookie that has Special Play from your trash to your hand.",<{K}> Cake Bomb Toss deals 1,,0,0,0,BS11-103,0,"【On Play】 If there are 5 cards or less in your hand, return up to 1 Cookie that has Special Play from your trash to your hand.
<{K}> Cake Bomb Toss deals 1",,COMMON,
BS11-102,BS11,102,Cake Warrior,BOOSTER PACK [The Dark Enchantress War],COOKIE,BLACK,BLACK MIX,1,2,,C,,,<{N}{N}> Stick Swing deals 2,,0,0,0,BS11-102,0,<{N}{N}> Stick Swing deals 2,,COMMON,
BS11-101,BS11,101,Schwarzwälder,BOOSTER PACK [The Dark Enchantress War],FLIP,BLACK,BLACK,1,1,,C,,,<{K}> Choco Chip Hammer deals 1,<Discard 1 card.> The Cookie with this card attached for HP gains +1 HP.,0,0,0,BS11-101,0,"<{K}> Choco Chip Hammer deals 1
<Discard 1 card.> The Cookie with this card attached for HP gains +1 HP.",,COMMON,
BS11-100,BS11,100,Agar Agar Cookie,BOOSTER PACK [The Dark Enchantress War],FLIP,BLACK,BLACK,1,1,,C,,,<{K}> Nature Power Release deals 1,Draw up to 1 card from your deck.,0,0,0,BS11-100,0,"<{K}> Nature Power Release deals 1
Draw up to 1 card from your deck.",,COMMON,
BS11-099,BS11,099,Cream Roll Hog Rider,BOOSTER PACK [The Dark Enchantress War],COOKIE,BLACK,BLACK,1,2,,C,Rolling Slam,"【Activate】 If there is a Cookie that has Special Play in your battle area, place this Cookie in your trash.",<{K}{K}> Ram deals 2,,0,0,0,BS11-099,0,"【Activate】 If there is a Cookie that has Special Play in your battle area, place this Cookie in your trash.
<{K}{K}> Ram deals 2",,COMMON,
BS11-098,BS11,098,Cream Skelecake Archer,BOOSTER PACK [The Dark Enchantress War],COOKIE,BLACK,BLACK,1,2,,C,Stray Arrow,"【Activate】 【Once Per Turn】 <{K}> If there is a Cookie that has Special Play in your battle area, select up to 1 of your opponent's Cookies. That Cookie receives 1 damage.",<{K}> Cake Arrows deals 1,,0,0,0,BS11-098,0,"【Activate】 【Once Per Turn】 <{K}> If there is a Cookie that has Special Play in your battle area, select up to 1 of your opponent's Cookies. That Cookie receives 1 damage.
<{K}> Cake Arrows deals 1",,COMMON,
BS11-097,BS11,097,Cream Jelly Worm,BOOSTER PACK [The Dark Enchantress War],COOKIE,BLACK,BLACK,1,3,,C,Dig,"【Activate】 【Once Per Turn】 <{K}> <Discard 1 card.> If there is a Cookie that has Special Play in your battle area, select up to 1 LV.1 Cookie in your opponent's battle area that does not have 【Skill】. Make that Cookie faint.",<{K}{K}> Stealthy Strike deals 1,,0,0,0,BS11-097,0,"【Activate】 【Once Per Turn】 <{K}> <Discard 1 card.> If there is a Cookie that has Special Play in your battle area, select up to 1 LV.1 Cookie in your opponent's battle area that does not have 【Skill】. Make that Cookie faint.
<{K}{K}> Stealthy Strike deals 1",,COMMON,
BS11-096,BS11,096,Butter Roll Cookie,BOOSTER PACK [The Dark Enchantress War],FLIP,BLACK,BLACK,1,1,,C,,,<{K}{K}> Dough Ingredient Prep deals 2,<Discard 1 card.> The Cookie with this card attached for HP gains +1 HP.,0,0,0,BS11-096,0,"<{K}{K}> Dough Ingredient Prep deals 2
<Discard 1 card.> The Cookie with this card attached for HP gains +1 HP.",,COMMON,
BS11-095,BS11,095,Matcha Cookie,BOOSTER PACK [The Dark Enchantress War],FLIP,BLACK,BLACK,1,1,,C,,,<{K}{K}> Tea Seed Summoning deals 2,Draw up to 1 card from your deck.,0,0,0,BS11-095,0,"<{K}{K}> Tea Seed Summoning deals 2
Draw up to 1 card from your deck.",,COMMON,
BS11-094,BS11,094,Jam Skelecake Grunt,BOOSTER PACK [The Dark Enchantress War],COOKIE,BLACK,BLACK MIX,1,3,,C,Poking Preparations,"【Blocker】 <{K}> (When one of your opponent's Cookies attacks, you can redirect the attack to this Cookie.)",<{K}{N}> Jam Pitchfork deals 1,,0,0,0,BS11-094,0,"【Blocker】 <{K}> (When one of your opponent's Cookies attacks, you can redirect the attack to this Cookie.)
<{K}{N}> Jam Pitchfork deals 1",,COMMON,
BS11-093,BS11,093,Poison Mushroom Cookie,BOOSTER PACK [The Dark Enchantress War],FLIP,BLACK,BLACK,1,1,,C,,,<{K}> Fragrant Shroomies deals 1,<Discard 1 card.> The Cookie with this card attached for HP gains +1 HP.,0,0,0,BS11-093,0,"<{K}> Fragrant Shroomies deals 1
<Discard 1 card.> The Cookie with this card attached for HP gains +1 HP.",,COMMON,
BS11-092,BS11,092,Licorice Cookie,BOOSTER PACK [The Dark Enchantress War],COOKIE,BLACK,BLACK,2,4,,C,Licorice Power,"【Activate】 【Once Per Turn】 During this turn, the LV. of this Cookie in your battle area becomes 1.",<{K}{K}{K}> Giant Servants deals 2,,0,0,0,BS11-092,0,"【Activate】 【Once Per Turn】 During this turn, the LV. of this Cookie in your battle area becomes 1.
<{K}{K}{K}> Giant Servants deals 2",,COMMON,
BS11-091@1,BS11,091@1,Avatar of Destiny,BOOSTER PACK [The Dark Enchantress War],COOKIE,PURE,PURE,3,5,,SUR,Destiny: Descent,"【EXTRA】 If both players' break areas are LV.6 or higher and there are 3 cards or less in both players' hands, this Cookie can be played.",<{N}{N}{N}{N}> Destiny: Punishment deals 5,,0,0,1,BS11-091,1,"【EXTRA】 If both players' break areas are LV.6 or higher and there are 3 cards or less in both players' hands, this Cookie can be played.
<{N}{N}{N}{N}> Destiny: Punishment deals 5",,SECRET ULTRA RARE,
BS11-091,BS11,091,Avatar of Destiny,BOOSTER PACK [The Dark Enchantress War],COOKIE,PURE,PURE,3,5,,SUR,Destiny: Descent,"【EXTRA】 If both players' break areas are LV.6 or higher and there are 3 cards or less in both players' hands, this Cookie can be played.",<{N}{N}{N}{N}> Destiny: Punishment deals 5,,0,0,1,BS11-091,0,"【EXTRA】 If both players' break areas are LV.6 or higher and there are 3 cards or less in both players' hands, this Cookie can be played.
<{N}{N}{N}{N}> Destiny: Punishment deals 5",,SECRET ULTRA RARE,
BS11-090@2,BS11,090@2,White Lily Cookie,Eternal Farewell promotion pack,COOKIE,PURE,PURE,3,6,ANCIENT,P,Sacrifice for Freedom,"【Activate】 <Make this Cookie faint.> Play [Avatar of Destiny] from your Extra Deck, ignoring its play requirements. Then, that Cookie gains +3 HP.",<{N}{N}{N}> Darkness-binding Power deals 3,,0,0,0,BS11-090,1,"【Activate】 <Make this Cookie faint.> Play [Avatar of Destiny] from your Extra Deck, ignoring its play requirements. Then, that Cookie gains +3 HP.
<{N}{N}{N}> Darkness-binding Power deals 3",,PROMOTION,
BS11-090@1,BS11,090@1,White Lily Cookie,BOOSTER PACK [The Dark Enchantress War],COOKIE,PURE,PURE,3,6,ANCIENT,SUR,Sacrifice for Freedom,"【Activate】 <Make this Cookie faint.> Play [Avatar of Destiny] from your Extra Deck, ignoring its play requirements. Then, that Cookie gains +3 HP.",<{N}{N}{N}> Darkness-binding Power deals 3,,0,0,0,BS11-090,1,"【Activate】 <Make this Cookie faint.> Play [Avatar of Destiny] from your Extra Deck, ignoring its play requirements. Then, that Cookie gains +3 HP.
<{N}{N}{N}> Darkness-binding Power deals 3",,SECRET ULTRA RARE,
BS11-090,BS11,090,White Lily Cookie,BOOSTER PACK [The Dark Enchantress War],COOKIE,PURE,PURE,3,6,ANCIENT,SUR,Sacrifice for Freedom,"【Activate】 <Make this Cookie faint.> Play [Avatar of Destiny] from your Extra Deck, ignoring its play requirements. Then, that Cookie gains +3 HP.",<{N}{N}{N}> Darkness-binding Power deals 3,,0,0,0,BS11-090,0,"【Activate】 <Make this Cookie faint.> Play [Avatar of Destiny] from your Extra Deck, ignoring its play requirements. Then, that Cookie gains +3 HP.
<{N}{N}{N}> Darkness-binding Power deals 3",,SECRET ULTRA RARE,
BS11-089@2,BS11,089@2,Silent Salt Cookie,Eternal Farewell promotion pack,COOKIE,PURPLE,PURPLE,2,4,BEAST,P,Nox Black Salt,"【On Play】 <Place 3 cards from the top of your deck into your trash.> Draw up to 2 cards from your deck and discard 1 card. Then, if you refreshed during this game, this Cookie gains +1 HP.","<{P}{P}{P}> Silent Judgment deals 3
Then, if you refreshed during this game, all of your opponent's Cookies receive 1 damage.",,0,0,0,BS11-089,1,"【On Play】 <Place 3 cards from the top of your deck into your trash.> Draw up to 2 cards from your deck and discard 1 card. Then, if you refreshed during this game, this Cookie gains +1 HP.
<{P}{P}{P}> Silent Judgment deals 3
Then, if you refreshed during this game, all of your opponent's Cookies receive 1 damage.",,PROMOTION,
BS11-089@1,BS11,089@1,Silent Salt Cookie,BOOSTER PACK [The Dark Enchantress War],COOKIE,PURPLE,PURPLE,2,4,BEAST,SUR,Nox Black Salt,"【On Play】 <Place 3 cards from the top of your deck into your trash.> Draw up to 2 cards from your deck and discard 1 card. Then, if you refreshed during this game, this Cookie gains +1 HP.","<{P}{P}{P}> Silent Judgment deals 3
Then, if you refreshed during this game, all of your opponent's Cookies receive 1 damage.",,0,0,0,BS11-089,1,"【On Play】 <Place 3 cards from the top of your deck into your trash.> Draw up to 2 cards from your deck and discard 1 card. Then, if you refreshed during this game, this Cookie gains +1 HP.
<{P}{P}{P}> Silent Judgment deals 3
Then, if you refreshed during this game, all of your opponent's Cookies receive 1 damage.",,SECRET ULTRA RARE,
BS11-089,BS11,089,Silent Salt Cookie,BOOSTER PACK [The Dark Enchantress War],COOKIE,PURPLE,PURPLE,2,4,BEAST,SUR,Nox Black Salt,"【On Play】 <Place 3 cards from the top of your deck into your trash.> Draw up to 2 cards from your deck and discard 1 card. Then, if you refreshed during this game, this Cookie gains +1 HP.","<{P}{P}{P}> Silent Judgment deals 3
Then, if you refreshed during this game, all of your opponent's Cookies receive 1 damage.",,0,0,0,BS11-089,0,"【On Play】 <Place 3 cards from the top of your deck into your trash.> Draw up to 2 cards from your deck and discard 1 card. Then, if you refreshed during this game, this Cookie gains +1 HP.
<{P}{P}{P}> Silent Judgment deals 3
Then, if you refreshed during this game, all of your opponent's Cookies receive 1 damage.",,SECRET ULTRA RARE,
BS11-088@1,BS11,088@1,Moonlight Cookie,BOOSTER PACK [The Dark Enchantress War],COOKIE,PURPLE,PURPLE,2,5,,SSR,Warm Moonlight,【On Play】 <Place 1 {P} LV.1 Cookie from your battle area in your trash.> Return up to 1 {P} Cookie that is LV.2 or higher from your trash to your hand.,"<{P}{P}{P}> Night Sky Guidance deals 2
Then, if there are 15 cards or more in your opponent's trash, select up to 1 of your opponent's Cookies. That Cookie receives 1 damage.",,0,0,0,BS11-088,1,"【On Play】 <Place 1 {P} LV.1 Cookie from your battle area in your trash.> Return up to 1 {P} Cookie that is LV.2 or higher from your trash to your hand.
<{P}{P}{P}> Night Sky Guidance deals 2
Then, if there are 15 cards or more in your opponent's trash, select up to 1 of your opponent's Cookies. That Cookie receives 1 damage.",,SECRET SUPER RARE,
BS11-088,BS11,088,Moonlight Cookie,BOOSTER PACK [The Dark Enchantress War],COOKIE,PURPLE,PURPLE,2,5,,SSR,Warm Moonlight,【On Play】 <Place 1 {P} LV.1 Cookie from your battle area in your trash.> Return up to 1 {P} Cookie that is LV.2 or higher from your trash to your hand.,"<{P}{P}{P}> Night Sky Guidance deals 2
Then, if there are 15 cards or more in your opponent's trash, select up to 1 of your opponent's Cookies. That Cookie receives 1 damage.",,0,0,0,BS11-088,0,"【On Play】 <Place 1 {P} LV.1 Cookie from your battle area in your trash.> Return up to 1 {P} Cookie that is LV.2 or higher from your trash to your hand.
<{P}{P}{P}> Night Sky Guidance deals 2
Then, if there are 15 cards or more in your opponent's trash, select up to 1 of your opponent's Cookies. That Cookie receives 1 damage.",,SECRET SUPER RARE,
BS11-087@1,BS11,087@1,Dark Cacao Cookie,BOOSTER PACK [The Dark Enchantress War],COOKIE,PURPLE,PURPLE MIX,2,4,ANCIENT,SSR,Power of the Twin Dragons,"If this Cookie was played from your trash, this Cookie gains +2 HP.","<{P}{N}{N}> Twin Dragon Strike deals 3
Then, if there is another 【Ancient】 Cookie in your battle area or there are 15 cards or more in your trash, place 1 random card from your opponent's hand into their trash.",,0,0,0,BS11-087,1,"If this Cookie was played from your trash, this Cookie gains +2 HP.
<{P}{N}{N}> Twin Dragon Strike deals 3
Then, if there is another 【Ancient】 Cookie in your battle area or there are 15 cards or more in your trash, place 1 random card from your opponent's hand into their trash.",,SECRET SUPER RARE,
BS11-087,BS11,087,Dark Cacao Cookie,BOOSTER PACK [The Dark Enchantress War],COOKIE,PURPLE,PURPLE MIX,2,4,ANCIENT,SSR,Power of the Twin Dragons,"If this Cookie was played from your trash, this Cookie gains +2 HP.","<{P}{N}{N}> Twin Dragon Strike deals 3
Then, if there is another 【Ancient】 Cookie in your battle area or there are 15 cards or more in your trash, place 1 random card from your opponent's hand into their trash.",,0,0,0,BS11-087,0,"If this Cookie was played from your trash, this Cookie gains +2 HP.
<{P}{N}{N}> Twin Dragon Strike deals 3
Then, if there is another 【Ancient】 Cookie in your battle area or there are 15 cards or more in your trash, place 1 random card from your opponent's hand into their trash.",,SECRET SUPER RARE,
BS11-086@1,BS11,086@1,Crunchy Chip Cookie,BOOSTER PACK [The Dark Enchantress War],COOKIE,PURPLE,PURPLE,1,2,,SEC,,,"<{P}{P}> Charge for the King deals 2
Then, play up to 1 [Dark Cacao Cookie] from your trash.",,0,0,0,BS11-086,1,"<{P}{P}> Charge for the King deals 2
Then, play up to 1 [Dark Cacao Cookie] from your trash.",,SECRET RARE,
BS11-086,BS11,086,Crunchy Chip Cookie,BOOSTER PACK [The Dark Enchantress War],COOKIE,PURPLE,PURPLE,1,2,,SEC,,,"<{P}{P}> Charge for the King deals 2
Then, play up to 1 [Dark Cacao Cookie] from your trash.",,0,0,0,BS11-086,0,"<{P}{P}> Charge for the King deals 2
Then, play up to 1 [Dark Cacao Cookie] from your trash.",,SECRET RARE,
BS11-085@1,BS11,085@1,Salt Cellar Cookie,BOOSTER PACK [The Dark Enchantress War],COOKIE,PURPLE,PURPLE,1,2,,SEC,Commander's Order,【Activate】 <{P}> <Place this Cookie in your trash.> Place up to 1 of your {P} Cookies that is LV.2 or lower in your trash.,<{P}{P}> Strike of Solidarity deals 1,,0,0,0,BS11-085,1,"【Activate】 <{P}> <Place this Cookie in your trash.> Place up to 1 of your {P} Cookies that is LV.2 or lower in your trash.
<{P}{P}> Strike of Solidarity deals 1",,SECRET RARE,
BS11-085,BS11,085,Salt Cellar Cookie,BOOSTER PACK [The Dark Enchantress War],COOKIE,PURPLE,PURPLE,1,2,,SEC,Commander's Order,【Activate】 <{P}> <Place this Cookie in your trash.> Place up to 1 of your {P} Cookies that is LV.2 or lower in your trash.,<{P}{P}> Strike of Solidarity deals 1,,0,0,0,BS11-085,0,"【Activate】 <{P}> <Place this Cookie in your trash.> Place up to 1 of your {P} Cookies that is LV.2 or lower in your trash.
<{P}{P}> Strike of Solidarity deals 1",,SECRET RARE,
BS11-084,BS11,084,Freedom that Broke the Silence,BOOSTER PACK [The Dark Enchantress War],TRAP,PURPLE,PURPLE,,,,U,,"<{P}> Select up to 1 of your opponent's Cookies. During this turn, that Cookie deals -1 attack damage. Then, if you refreshed during this game, draw up to 1 card from your deck.",,,0,0,0,BS11-084,0,"<{P}> Select up to 1 of your opponent's Cookies. During this turn, that Cookie deals -1 attack damage. Then, if you refreshed during this game, draw up to 1 card from your deck.",,UNCOMMON,
BS11-083,BS11,083,Catacombs of Lost Solidarity,BOOSTER PACK [The Dark Enchantress War],STAGE,PURPLE,PURPLE,,,,U,,"<{P}> Place in your stage area.

【Activate】 <Place this card in your trash.> If you refreshed during this game, during this turn, your opponent's Cookies' 【On Play】 become \""<{N}> Your opponent places 1 card from their hand into their trash\"".",,,0,0,0,BS11-083,0,"<{P}> Place in your stage area.

【Activate】 <Place this card in your trash.> If you refreshed during this game, during this turn, your opponent's Cookies' 【On Play】 become \""<{N}> Your opponent places 1 card from their hand into their trash\"".",,UNCOMMON,
BS11-082@1,BS11,082@1,Moonlight's Protection,Eternal Farewell promotion pack,TRAP,PURPLE,PURPLE,,,,P,,"<{P}> Select up to 1 of your opponent's Cookies. During this turn, that Cookie deals -1 attack damage. Then, if there is a [Moonlight Cookie] or 【Ancient】 Cookie in your battle area, your opponent places 1 card from their hand into their trash.",,,0,0,0,BS11-082,1,"<{P}> Select up to 1 of your opponent's Cookies. During this turn, that Cookie deals -1 attack damage. Then, if there is a [Moonlight Cookie] or 【Ancient】 Cookie in your battle area, your opponent places 1 card from their hand into their trash.",,PROMOTION,
BS11-082,BS11,082,Moonlight's Protection,BOOSTER PACK [The Dark Enchantress War],TRAP,PURPLE,PURPLE,,,,U,,"<{P}> Select up to 1 of your opponent's Cookies. During this turn, that Cookie deals -1 attack damage. Then, if there is a [Moonlight Cookie] or 【Ancient】 Cookie in your battle area, your opponent places 1 card from their hand into their trash.",,,0,0,0,BS11-082,0,"<{P}> Select up to 1 of your opponent's Cookies. During this turn, that Cookie deals -1 attack damage. Then, if there is a [Moonlight Cookie] or 【Ancient】 Cookie in your battle area, your opponent places 1 card from their hand into their trash.",,UNCOMMON,
BS11-081,BS11,081,Dream Traveler's Hourglass,BOOSTER PACK [The Dark Enchantress War],ITEM,PURPLE,PURPLE,,,,U,,<{P}{P}> Return all cards from both players' trash to their decks and shuffle them.,,,0,0,0,BS11-081,0,<{P}{P}> Return all cards from both players' trash to their decks and shuffle them.,,UNCOMMON,
BS11-080,BS11,080,Banner of the Solitary Oath,BOOSTER PACK [The Dark Enchantress War],ITEM,PURPLE,PURPLE,,,,U,,"<{P}{P}> If you refreshed 2 or more times during this game, draw 1 card from your deck and select up to 1 of your opponent’s Cookies. That Cookie receives 2 damage.",,,0,0,0,BS11-080,0,"<{P}{P}> If you refreshed 2 or more times during this game, draw 1 card from your deck and select up to 1 of your opponent’s Cookies. That Cookie receives 2 damage.",,UNCOMMON,
BS11-079,BS11,079,Espresso Cookie,BOOSTER PACK [The Dark Enchantress War],COOKIE,PURPLE,PURPLE,1,2,,U,Master of Coffee Magic,【On Play】 <Discard 2 cards.> Play up to 1 {P} Cookie from your trash.,<{P}{P}> Refined Magic deals 1,,0,0,0,BS11-079,0,"【On Play】 <Discard 2 cards.> Play up to 1 {P} Cookie from your trash.
<{P}{P}> Refined Magic deals 1",,UNCOMMON,
BS11-078,BS11,078,Caramel Arrow Cookie,BOOSTER PACK [The Dark Enchantress War],COOKIE,PURPLE,PURPLE,3,5,,C,,,"<{P}{P}{P}> Finality of Resolution deals 3
Then, if there are 15 cards or more in your trash, <{P}> select up to 1 of your opponent's Cookies. Place 1 card from the top of that Cookie's HP into your opponent's trash.",,0,0,0,BS11-078,0,"<{P}{P}{P}> Finality of Resolution deals 3
Then, if there are 15 cards or more in your trash, <{P}> select up to 1 of your opponent's Cookies. Place 1 card from the top of that Cookie's HP into your opponent's trash.",,COMMON,
BS11-077,BS11,077,Dark Spirit Helmet,BOOSTER PACK [The Dark Enchantress War],COOKIE,PURPLE,PURPLE,1,2,,C,Some Warrior's Soul,,<{P}{P}> Helmet's Curse deals 2,,0,0,0,BS11-077,0,<{P}{P}> Helmet's Curse deals 2,,COMMON,
BS11-076,BS11,076,Affogato Cookie,BOOSTER PACK [The Dark Enchantress War],FLIP,PURPLE,PURPLE,1,1,,C,,,<{P}{P}> Baleful Spell deals 2,<Discard 1 card.> The Cookie with this card attached for HP gains +1 HP.,0,0,0,BS11-076,0,"<{P}{P}> Baleful Spell deals 2
<Discard 1 card.> The Cookie with this card attached for HP gains +1 HP.",,COMMON,
BS11-075,BS11,075,Tea Knight Cookie,BOOSTER PACK [The Dark Enchantress War],FLIP,PURPLE,PURPLE,2,3,,C,,,<{P}{P}{P}> Battlemaster deals 3,Draw up to 1 card from your deck.,0,0,0,BS11-075,0,"<{P}{P}{P}> Battlemaster deals 3
Draw up to 1 card from your deck.",,COMMON,
BS11-074,BS11,074,Chocolate Bark Cookie,BOOSTER PACK [The Dark Enchantress War],COOKIE,PURPLE,PURPLE MIX,1,2,,C,,,<{N}> Bark Spear Thrust deals 1,,0,0,0,BS11-074,0,<{N}> Bark Spear Thrust deals 1,,COMMON,
BS11-073,BS11,073,Marble Danish Cookie,BOOSTER PACK [The Dark Enchantress War],COOKIE,PURPLE,PURPLE MIX,2,2,,C,,,<{N}{N}{N}> Honor-seeking Strikes deals 4,,0,0,0,BS11-073,0,<{N}{N}{N}> Honor-seeking Strikes deals 4,,COMMON,
BS11-072,BS11,072,Dark Choco Cookie,BOOSTER PACK [The Dark Enchantress War],COOKIE,PURPLE,PURPLE MIX,2,5,,C,Deep Solitude,"【Activate】 【Once Per Turn】 <{P}> If there are 15 cards or more in your trash, select up to 1 of your opponent's Cookies. That Cookie receives 1 damage.",<{P}{P}{P}{N}> Dark Slash deals 3,,0,0,0,BS11-072,0,"【Activate】 【Once Per Turn】 <{P}> If there are 15 cards or more in your trash, select up to 1 of your opponent's Cookies. That Cookie receives 1 damage.
<{P}{P}{P}{N}> Dark Slash deals 3",,COMMON,
BS11-071@1,BS11,071@1,Shadow Milk Cookie,BOOSTER PACK [The Dark Enchantress War],COOKIE,BLUE,BLUE,2,4,BEAST,SUR,,,"<{B}{B}{B}> Void Kaleidoscope deals 3
Then, <{N}> <discard 1 card.> Place 1 [Shadow Milk Cookie] from your Extra Deck into your trash. Activate that Cookie's 【On Play】 or 【Activate】.",,0,0,0,BS11-071,1,"<{B}{B}{B}> Void Kaleidoscope deals 3
Then, <{N}> <discard 1 card.> Place 1 [Shadow Milk Cookie] from your Extra Deck into your trash. Activate that Cookie's 【On Play】 or 【Activate】.",,SECRET ULTRA RARE,
BS11-071,BS11,071,Shadow Milk Cookie,BOOSTER PACK [The Dark Enchantress War],COOKIE,BLUE,BLUE,2,4,BEAST,SUR,,,"<{B}{B}{B}> Void Kaleidoscope deals 3
Then, <{N}> <discard 1 card.> Place 1 [Shadow Milk Cookie] from your Extra Deck into your trash. Activate that Cookie's 【On Play】 or 【Activate】.",,0,0,0,BS11-071,0,"<{B}{B}{B}> Void Kaleidoscope deals 3
Then, <{N}> <discard 1 card.> Place 1 [Shadow Milk Cookie] from your Extra Deck into your trash. Activate that Cookie's 【On Play】 or 【Activate】.",,SECRET ULTRA RARE,
BS11-070@1,BS11,070@1,Pure Vanilla Cookie,BOOSTER PACK [The Dark Enchantress War],COOKIE,BLUE,BLUE MIX,2,4,ANCIENT,SSR,Truth-revealing Light,【On Play】 <Discard 1 【Ancient】 Cookie from your hand.> Draw up to 2 cards from your deck.,"<{B}{N}{N}> Resolution for Peace deals 3
Then, <{N}> place up to 1 other Cookie that is LV.2 or lower from your battle area on the top or bottom of your deck.",,0,0,0,BS11-070,1,"【On Play】 <Discard 1 【Ancient】 Cookie from your hand.> Draw up to 2 cards from your deck.
<{B}{N}{N}> Resolution for Peace deals 3
Then, <{N}> place up to 1 other Cookie that is LV.2 or lower from your battle area on the top or bottom of your deck.",,SECRET SUPER RARE,
BS11-070,BS11,070,Pure Vanilla Cookie,BOOSTER PACK [The Dark Enchantress War],COOKIE,BLUE,BLUE MIX,2,4,ANCIENT,SSR,Truth-revealing Light,【On Play】 <Discard 1 【Ancient】 Cookie from your hand.> Draw up to 2 cards from your deck.,"<{B}{N}{N}> Resolution for Peace deals 3
Then, <{N}> place up to 1 other Cookie that is LV.2 or lower from your battle area on the top or bottom of your deck.",,0,0,0,BS11-070,0,"【On Play】 <Discard 1 【Ancient】 Cookie from your hand.> Draw up to 2 cards from your deck.
<{B}{N}{N}> Resolution for Peace deals 3
Then, <{N}> place up to 1 other Cookie that is LV.2 or lower from your battle area on the top or bottom of your deck.",,SECRET SUPER RARE,
BS11-069@1,BS11,069@1,Sea Fairy Cookie,BOOSTER PACK [The Dark Enchantress War],COOKIE,BLUE,BLUE,2,4,,SSR,Song of the Sea Breeze,"【Once Per Turn】 Can be activated when one of your opponent's Cookies attacks. If there are 5 cards or less in your hand, draw up to 2 cards from your deck and place 1 card from your hand on the top of your deck.",<{B}{B}{B}> Endless Currents deals 3,,0,0,0,BS11-069,1,"【Once Per Turn】 Can be activated when one of your opponent's Cookies attacks. If there are 5 cards or less in your hand, draw up to 2 cards from your deck and place 1 card from your hand on the top of your deck.
<{B}{B}{B}> Endless Currents deals 3",,SECRET SUPER RARE,
BS11-069,BS11,069,Sea Fairy Cookie,BOOSTER PACK [The Dark Enchantress War],COOKIE,BLUE,BLUE,2,4,,SSR,Song of the Sea Breeze,"【Once Per Turn】 Can be activated when one of your opponent's Cookies attacks. If there are 5 cards or less in your hand, draw up to 2 cards from your deck and place 1 card from your hand on the top of your deck.",<{B}{B}{B}> Endless Currents deals 3,,0,0,0,BS11-069,0,"【Once Per Turn】 Can be activated when one of your opponent's Cookies attacks. If there are 5 cards or less in your hand, draw up to 2 cards from your deck and place 1 card from your hand on the top of your deck.
<{B}{B}{B}> Endless Currents deals 3",,SECRET SUPER RARE,
BS11-068@1,BS11,068@1,Black Sapphire Cookie,BOOSTER PACK [The Dark Enchantress War],COOKIE,BLUE,BLUE,1,2,,SEC,Following the Script,"When this Cookie faints, <{B}> select up to 1 of your opponent's Cookies. Place 1 card from the top of that Cookie's HP on the bottom of their deck.",<{B}{B}> False Rumors deals 2,,0,0,0,BS11-068,1,"When this Cookie faints, <{B}> select up to 1 of your opponent's Cookies. Place 1 card from the top of that Cookie's HP on the bottom of their deck.
<{B}{B}> False Rumors deals 2",,SECRET RARE,
BS11-068,BS11,068,Black Sapphire Cookie,BOOSTER PACK [The Dark Enchantress War],COOKIE,BLUE,BLUE,1,2,,SEC,Following the Script,"When this Cookie faints, <{B}> select up to 1 of your opponent's Cookies. Place 1 card from the top of that Cookie's HP on the bottom of their deck.",<{B}{B}> False Rumors deals 2,,0,0,0,BS11-068,0,"When this Cookie faints, <{B}> select up to 1 of your opponent's Cookies. Place 1 card from the top of that Cookie's HP on the bottom of their deck.
<{B}{B}> False Rumors deals 2",,SECRET RARE,
BS11-067@1,BS11,067@1,Black Raisin Cookie,BOOSTER PACK [The Dark Enchantress War],COOKIE,BLUE,BLUE,1,2,,SEC,,,"<{B}{B}> Sentinel Raid deals 2
Then, <{B}> <place this Cookie on the bottom of your deck.> Draw 1 card from your deck and place 1 card from your hand on the top of your deck.",,0,0,0,BS11-067,1,"<{B}{B}> Sentinel Raid deals 2
Then, <{B}> <place this Cookie on the bottom of your deck.> Draw 1 card from your deck and place 1 card from your hand on the top of your deck.",,SECRET RARE,
BS11-067,BS11,067,Black Raisin Cookie,BOOSTER PACK [The Dark Enchantress War],COOKIE,BLUE,BLUE,1,2,,SEC,,,"<{B}{B}> Sentinel Raid deals 2
Then, <{B}> <place this Cookie on the bottom of your deck.> Draw 1 card from your deck and place 1 card from your hand on the top of your deck.",,0,0,0,BS11-067,0,"<{B}{B}> Sentinel Raid deals 2
Then, <{B}> <place this Cookie on the bottom of your deck.> Draw 1 card from your deck and place 1 card from your hand on the top of your deck.",,SECRET RARE,
BS11-066,BS11,066,Milk Lake of Truth,BOOSTER PACK [The Dark Enchantress War],TRAP,BLUE,BLUE,,,,U,,"<{B}> Select up to 1 of your opponent's Cookies. During this turn, that Cookie deals -1 attack damage. Then, view 1 card from the top of your opponent's deck and place that card on the top or bottom of their deck.",,,0,0,0,BS11-066,0,"<{B}> Select up to 1 of your opponent's Cookies. During this turn, that Cookie deals -1 attack damage. Then, view 1 card from the top of your opponent's deck and place that card on the top or bottom of their deck.",,UNCOMMON,
BS11-065,BS11,065,Mirror of Destiny,BOOSTER PACK [The Dark Enchantress War],ITEM,BLUE,BLUE,,,,U,,<{B}{B}> <Discard 1 card.> Select up to 1 Cookie that is LV.2 or lower from either player's battle area. Place that Cookie on the bottom of its owner's deck.,,,0,0,0,BS11-065,0,<{B}{B}> <Discard 1 card.> Select up to 1 Cookie that is LV.2 or lower from either player's battle area. Place that Cookie on the bottom of its owner's deck.,,UNCOMMON,
BS11-064,BS11,064,The Breath of the Depths,BOOSTER PACK [The Dark Enchantress War],ITEM,BLUE,BLUE,,,,U,,"<{B}> <Discard 1 card.> During this turn, your opponent's Cookies' 【On Play】 become \""<{N}> Draw up to 1 card from your deck\"".",,,0,0,0,BS11-064,0,"<{B}> <Discard 1 card.> During this turn, your opponent's Cookies' 【On Play】 become \""<{N}> Draw up to 1 card from your deck\"".",,UNCOMMON,
BS11-063@1,BS11,063@1,Sea's Protection,Eternal Farewell promotion pack,TRAP,BLUE,BLUE,,,,P,,"<{B}> Select up to 1 of your opponent's Cookies. During this turn, that Cookie deals -1 attack damage. Then, if there is a [Sea Fairy Cookie] or 【Ancient】 Cookie in your battle area, draw up to 1 card from your deck.",,,0,0,0,BS11-063,1,"<{B}> Select up to 1 of your opponent's Cookies. During this turn, that Cookie deals -1 attack damage. Then, if there is a [Sea Fairy Cookie] or 【Ancient】 Cookie in your battle area, draw up to 1 card from your deck.",,PROMOTION,
BS11-063,BS11,063,Sea's Protection,BOOSTER PACK [The Dark Enchantress War],TRAP,BLUE,BLUE,,,,U,,"<{B}> Select up to 1 of your opponent's Cookies. During this turn, that Cookie deals -1 attack damage. Then, if there is a [Sea Fairy Cookie] or 【Ancient】 Cookie in your battle area, draw up to 1 card from your deck.",,,0,0,0,BS11-063,0,"<{B}> Select up to 1 of your opponent's Cookies. During this turn, that Cookie deals -1 attack damage. Then, if there is a [Sea Fairy Cookie] or 【Ancient】 Cookie in your battle area, draw up to 1 card from your deck.",,UNCOMMON,
BS11-062,BS11,062,Top of the Spire of Deceit,BOOSTER PACK [The Dark Enchantress War],STAGE,BLUE,BLUE,,,,U,,"<{B}{B}> Place in your stage area.

【Activate】 <Place this card in your trash.> View all cards in your opponent's hand.",,,0,0,0,BS11-062,0,"<{B}{B}> Place in your stage area.

【Activate】 <Place this card in your trash.> View all cards in your opponent's hand.",,UNCOMMON,
BS11-061,BS11,061,Candy Apple Cookie,BOOSTER PACK [The Dark Enchantress War],COOKIE,BLUE,BLUE,1,3,,U,Giant Candy Apple,【Activate】 【Once Per Turn】 <{B}{B}> Select up to 1 of your opponent's Cookies. Place 1 card from the top of that Cookie's HP on the bottom of your opponent's deck.,<{B}{B}> Apple of My Eye! deals 1,,0,0,0,BS11-061,0,"【Activate】 【Once Per Turn】 <{B}{B}> Select up to 1 of your opponent's Cookies. Place 1 card from the top of that Cookie's HP on the bottom of your opponent's deck.
<{B}{B}> Apple of My Eye! deals 1",,UNCOMMON,
BS11-060,BS11,060,Hero Cookie,BOOSTER PACK [The Dark Enchantress War],COOKIE,BLUE,BLUE MIX,1,2,,C,,,<{N}> New Suit Design deals 1,,0,0,0,BS11-060,0,<{N}> New Suit Design deals 1,,COMMON,
BS11-059,BS11,059,Seltzer Cookie,BOOSTER PACK [The Dark Enchantress War],FLIP,BLUE,BLUE,1,1,,C,,,<{B}{B}> Bubble Rain deals 2,<Discard 1 card.> The Cookie with this card attached for HP gains +1 HP.,0,0,0,BS11-059,0,"<{B}{B}> Bubble Rain deals 2
<Discard 1 card.> The Cookie with this card attached for HP gains +1 HP.",,COMMON,
BS11-058,BS11,058,Cream Soda Cookie,BOOSTER PACK [The Dark Enchantress War],COOKIE,BLUE,BLUE MIX,2,5,,C,Fresh Start,"【Once Per Turn】 When one of your opponent's Cookies attacks, <discard 2 cards.> Select up to 1 of your Cookies. That Cookie gains +1 HP.",<{B}{B}{N}> Soda Splash deals 2,,0,0,0,BS11-058,0,"【Once Per Turn】 When one of your opponent's Cookies attacks, <discard 2 cards.> Select up to 1 of your Cookies. That Cookie gains +1 HP.
<{B}{B}{N}> Soda Splash deals 2",,COMMON,
BS11-057,BS11,057,Custard Cookie III,BOOSTER PACK [The Dark Enchantress War],FLIP,BLUE,BLUE,2,3,,C,,,<{B}{B}{B}> For My Subjects! deals 3,Draw up to 1 card from your deck.,0,0,0,BS11-057,0,"<{B}{B}{B}> For My Subjects! deals 3
Draw up to 1 card from your deck.",,COMMON,
BS11-056,BS11,056,Soda Dollop,BOOSTER PACK [The Dark Enchantress War],COOKIE,BLUE,BLUE,1,1,,C,Soda Drop Potion,"【Activate】 【Once Per Turn】 If there is a [Cream Soda Cookie] in your battle area, draw up to 1 card from your deck.",<{B}{B}> Bubbling Blops deals 2,,0,0,0,BS11-056,0,"【Activate】 【Once Per Turn】 If there is a [Cream Soda Cookie] in your battle area, draw up to 1 card from your deck.
<{B}{B}> Bubbling Blops deals 2",,COMMON,
BS11-055,BS11,055,Menthol Cookie,BOOSTER PACK [The Dark Enchantress War],COOKIE,BLUE,BLUE MIX,2,2,,C,,,<{N}{N}{N}> Cool Menthol Gas deals 4,,0,0,0,BS11-055,0,<{N}{N}{N}> Cool Menthol Gas deals 4,,COMMON,
BS11-054,BS11,054,Net Cookie,BOOSTER PACK [The Dark Enchantress War],COOKIE,BLUE,BLUE,3,5,,C,Wicked Laugh,"【On Play】 Select up to 1 of your opponent's Cookies. Until the end of your opponent's next turn, that Cookie cannot attack unless your opponent discards 2 cards from their hand.",<{B}{B}{B}> Web of Deception deals 3,,0,0,0,BS11-054,0,"【On Play】 Select up to 1 of your opponent's Cookies. Until the end of your opponent's next turn, that Cookie cannot attack unless your opponent discards 2 cards from their hand.
<{B}{B}{B}> Web of Deception deals 3",,COMMON,
BS11-053@1,BS11,053@1,Mystic Flour Cookie,BOOSTER PACK [The Dark Enchantress War],COOKIE,GREEN,GREEN,2,4,BEAST,SUR,Realm of Apathy,【Activate】 【Once Per Turn】 <{G}> Place 1 card from the top of the HP of all your opponent's Cookies with 5 or more remaining HP into your opponent's trash.,"<{G}{G}{G}> Lotus Eclipse deals 3
Then, if there are less cards in your support area than your opponent's support area, <place this Cookie in your trash.> Place 1 card from the top of your deck into your support area as rested.",,0,0,0,BS11-053,1,"【Activate】 【Once Per Turn】 <{G}> Place 1 card from the top of the HP of all your opponent's Cookies with 5 or more remaining HP into your opponent's trash.
<{G}{G}{G}> Lotus Eclipse deals 3
Then, if there are less cards in your support area than your opponent's support area, <place this Cookie in your trash.> Place 1 card from the top of your deck into your support area as rested.",,SECRET ULTRA RARE,
BS11-053,BS11,053,Mystic Flour Cookie,BOOSTER PACK [The Dark Enchantress War],COOKIE,GREEN,GREEN,2,4,BEAST,SUR,Realm of Apathy,【Activate】 【Once Per Turn】 <{G}> Place 1 card from the top of the HP of all your opponent's Cookies with 5 or more remaining HP into your opponent's trash.,"<{G}{G}{G}> Lotus Eclipse deals 3
Then, if there are less cards in your support area than your opponent's support area, <place this Cookie in your trash.> Place 1 card from the top of your deck into your support area as rested.",,0,0,0,BS11-053,0,"【Activate】 【Once Per Turn】 <{G}> Place 1 card from the top of the HP of all your opponent's Cookies with 5 or more remaining HP into your opponent's trash.
<{G}{G}{G}> Lotus Eclipse deals 3
Then, if there are less cards in your support area than your opponent's support area, <place this Cookie in your trash.> Place 1 card from the top of your deck into your support area as rested.",,SECRET ULTRA RARE,
BS11-052@1,BS11,052@1,Wind Archer Cookie,BOOSTER PACK [The Dark Enchantress War],COOKIE,GREEN,GREEN,2,5,,SSR,,,"<{G}{G}{G}> Arrow of Gale deals 2
Then, <discard 1 {G} Item card from your hand.> Select up to 1 of your opponent's Cookies. That Cookie receives 1 damage. Then, if there are 5 cards or less in your hand, draw up to 2 cards from your deck.",,0,0,0,BS11-052,1,"<{G}{G}{G}> Arrow of Gale deals 2
Then, <discard 1 {G} Item card from your hand.> Select up to 1 of your opponent's Cookies. That Cookie receives 1 damage. Then, if there are 5 cards or less in your hand, draw up to 2 cards from your deck.",,SECRET SUPER RARE,
BS11-052,BS11,052,Wind Archer Cookie,BOOSTER PACK [The Dark Enchantress War],COOKIE,GREEN,GREEN,2,5,,SSR,,,"<{G}{G}{G}> Arrow of Gale deals 2
Then, <discard 1 {G} Item card from your hand.> Select up to 1 of your opponent's Cookies. That Cookie receives 1 damage. Then, if there are 5 cards or less in your hand, draw up to 2 cards from your deck.",,0,0,0,BS11-052,0,"<{G}{G}{G}> Arrow of Gale deals 2
Then, <discard 1 {G} Item card from your hand.> Select up to 1 of your opponent's Cookies. That Cookie receives 1 damage. Then, if there are 5 cards or less in your hand, draw up to 2 cards from your deck.",,SECRET SUPER RARE,
BS11-051@1,BS11,051@1,Mercurial Knight Cookie,BOOSTER PACK [The Dark Enchantress War],COOKIE,GREEN,GREEN,2,4,,SEC,,,"<{G}{G}{G}> Sharp Mercury Glaive deals 3
Then, if there are 7 cards or more in your support area and your opponent's Cookie fainted from this Cookie's attack, set up to 2 cards in your support area as active.",,0,0,0,BS11-051,1,"<{G}{G}{G}> Sharp Mercury Glaive deals 3
Then, if there are 7 cards or more in your support area and your opponent's Cookie fainted from this Cookie's attack, set up to 2 cards in your support area as active.",,SECRET RARE,
BS11-051,BS11,051,Mercurial Knight Cookie,BOOSTER PACK [The Dark Enchantress War],COOKIE,GREEN,GREEN,2,4,,SEC,,,"<{G}{G}{G}> Sharp Mercury Glaive deals 3
Then, if there are 7 cards or more in your support area and your opponent's Cookie fainted from this Cookie's attack, set up to 2 cards in your support area as active.",,0,0,0,BS11-051,0,"<{G}{G}{G}> Sharp Mercury Glaive deals 3
Then, if there are 7 cards or more in your support area and your opponent's Cookie fainted from this Cookie's attack, set up to 2 cards in your support area as active.",,SECRET RARE,
BS11-050@1,BS11,050@1,Cloud Haetae Cookie,BOOSTER PACK [The Dark Enchantress War],COOKIE,GREEN,GREEN,1,2,,SEC,,,"<{G}> Haetae Headbutt deals 1
Then, if there are less cards in your support area than your opponent's support area, <{G}> <place this Cookie in your trash.> Place up to 1 card from the top of your deck in your support area as rested.",,0,0,0,BS11-050,1,"<{G}> Haetae Headbutt deals 1
Then, if there are less cards in your support area than your opponent's support area, <{G}> <place this Cookie in your trash.> Place up to 1 card from the top of your deck in your support area as rested.",,SECRET RARE,
BS11-050,BS11,050,Cloud Haetae Cookie,BOOSTER PACK [The Dark Enchantress War],COOKIE,GREEN,GREEN,1,2,,SEC,,,"<{G}> Haetae Headbutt deals 1
Then, if there are less cards in your support area than your opponent's support area, <{G}> <place this Cookie in your trash.> Place up to 1 card from the top of your deck in your support area as rested.",,0,0,0,BS11-050,0,"<{G}> Haetae Headbutt deals 1
Then, if there are less cards in your support area than your opponent's support area, <{G}> <place this Cookie in your trash.> Place up to 1 card from the top of your deck in your support area as rested.",,SECRET RARE,
BS11-049,BS11,049,Emerald of the Wind,BOOSTER PACK [The Dark Enchantress War],ITEM,GREEN,GREEN,,,,U,,<{G}> Play up to 1 [Wind Archer Cookie] from your trash.,,,0,0,0,BS11-049,0,<{G}> Play up to 1 [Wind Archer Cookie] from your trash.,,UNCOMMON,
BS11-048@1,BS11,048@1,Wind's Protection,Eternal Farewell promotion pack,TRAP,GREEN,GREEN MIX,,,,P,,"<{G}> Select up to 1 of your opponent's Cookies. During this turn, that Cookie deals -1 attack damage. Then, <{N}> if there is a [Wind Archer Cookie] or 【Ancient】 Cookie in your battle area, rest up to 1 card in your opponent's support area.",,,0,0,0,BS11-048,1,"<{G}> Select up to 1 of your opponent's Cookies. During this turn, that Cookie deals -1 attack damage. Then, <{N}> if there is a [Wind Archer Cookie] or 【Ancient】 Cookie in your battle area, rest up to 1 card in your opponent's support area.",,PROMOTION,
BS11-048,BS11,048,Wind's Protection,BOOSTER PACK [The Dark Enchantress War],TRAP,GREEN,GREEN,,,,U,,"<{G}> Select up to 1 of your opponent's Cookies. During this turn, that Cookie deals -1 attack damage. Then, <{N}> if there is a [Wind Archer Cookie] or 【Ancient】 Cookie in your battle area, rest up to 1 card in your opponent's support area.",,,0,0,0,BS11-048,0,"<{G}> Select up to 1 of your opponent's Cookies. During this turn, that Cookie deals -1 attack damage. Then, <{N}> if there is a [Wind Archer Cookie] or 【Ancient】 Cookie in your battle area, rest up to 1 card in your opponent's support area.",,UNCOMMON,
BS11-047,BS11,047,Dumpling Censer,BOOSTER PACK [The Dark Enchantress War],ITEM,GREEN,GREEN,,,,U,,"<{G}> <Return 1 card from your support area to your hand.> During this turn, your opponent's Cookies' 【On Play】 become \""<{N}> Return 1 card from your support area to your hand\"".",,,0,0,0,BS11-047,0,"<{G}> <Return 1 card from your support area to your hand.> During this turn, your opponent's Cookies' 【On Play】 become \""<{N}> Return 1 card from your support area to your hand\"".",,UNCOMMON,
BS11-046,BS11,046,Awakened Apathy,BOOSTER PACK [The Dark Enchantress War],TRAP,GREEN,GREEN,,,,U,,"<{G}{G}> Select up to 1 of your opponent's Cookies. During this turn, that Cookie deals -2 attack damage. Then, if your support area has 2 or more cards less than your opponent's support area, that Cookie deals an additional -1 attack damage.",,,0,0,0,BS11-046,0,"<{G}{G}> Select up to 1 of your opponent's Cookies. During this turn, that Cookie deals -2 attack damage. Then, if your support area has 2 or more cards less than your opponent's support area, that Cookie deals an additional -1 attack damage.",,UNCOMMON,
BS11-045,BS11,045,Grand Dust Hotel,BOOSTER PACK [The Dark Enchantress War],STAGE,GREEN,GREEN,,,,U,,"<{G}> Place in your stage area.

【Activate】 <{G}{G}> <Rest this card.> Select up to 2 of your {G} Cookies. Set those Cookies as active.",,,0,0,0,BS11-045,0,"<{G}> Place in your stage area.

【Activate】 <{G}{G}> <Rest this card.> Select up to 2 of your {G} Cookies. Set those Cookies as active.",,UNCOMMON,
BS11-044,BS11,044,Silverbell Cookie,BOOSTER PACK [The Dark Enchantress War],COOKIE,GREEN,GREEN,1,3,,U,Silverbell Pollen,"If there are 7 cards or more in your support area, this Cookie gains +1 attack damage.",<{G}{G}{G}> Silver Arrow deals 2,,0,0,0,BS11-044,0,"If there are 7 cards or more in your support area, this Cookie gains +1 attack damage.
<{G}{G}{G}> Silver Arrow deals 2",,UNCOMMON,
BS11-043,BS11,043,Ginseng Cookie,BOOSTER PACK [The Dark Enchantress War],COOKIE,GREEN,GREEN MIX,1,2,,C,,,<{N}> Ginseng Acupuncture deals 1,,0,0,0,BS11-043,0,<{N}> Ginseng Acupuncture deals 1,,COMMON,
BS11-042,BS11,042,Shine Muscat Cookie,BOOSTER PACK [The Dark Enchantress War],COOKIE,GREEN,GREEN MIX,2,4,,C,Wide-Range Acting,【On Play】 Set up to 1 card in your support area as active.,<{G}{G}{N}> Skilled Adlibs deals 2,,0,0,0,BS11-042,0,"【On Play】 Set up to 1 card in your support area as active.
<{G}{G}{N}> Skilled Adlibs deals 2",,COMMON,
BS11-041,BS11,041,Peach Blossom Cookie,BOOSTER PACK [The Dark Enchantress War],COOKIE,GREEN,GREEN,3,4,,C,Ripe Peach Bao,【Activate】 【Once Per Turn】 <Return 1 {G} card from your support area to your hand.> All of your Cookies gain +1 HP.,<{G}{G}{G}> Gentle Fruit Scent deals 3,,0,0,0,BS11-041,0,"【Activate】 【Once Per Turn】 <Return 1 {G} card from your support area to your hand.> All of your Cookies gain +1 HP.
<{G}{G}{G}> Gentle Fruit Scent deals 3",,COMMON,
BS11-040,BS11,040,Melon Bun Cookie,BOOSTER PACK [The Dark Enchantress War],FLIP,GREEN,GREEN,2,3,,C,,,<{G}{G}{G}> Ore Mining deals 3,Draw up to 1 card from your deck.,0,0,0,BS11-040,0,"<{G}{G}{G}> Ore Mining deals 3
Draw up to 1 card from your deck.",,COMMON,
BS11-039,BS11,039,Rosemary Cookie,BOOSTER PACK [The Dark Enchantress War],FLIP,GREEN,GREEN,1,1,,C,,,<{G}{G}> Happy Gardening deals 2,<Discard 1 card.> The Cookie with this card attached for HP gains +1 HP.,0,0,0,BS11-039,0,"<{G}{G}> Happy Gardening deals 2
<Discard 1 card.> The Cookie with this card attached for HP gains +1 HP.",,COMMON,
BS11-038,BS11,038,Director Q,BOOSTER PACK [The Dark Enchantress War],COOKIE,GREEN,GREEN,1,1,,C,"Ready, Set...","【Activate】 【Once Per Turn】 If there is a [Shine Muscat Cookie] in your battle area, set up to 1 card in your support area as active.",<{G}{G}> Action! deals 2,,0,0,0,BS11-038,0,"【Activate】 【Once Per Turn】 If there is a [Shine Muscat Cookie] in your battle area, set up to 1 card in your support area as active.
<{G}{G}> Action! deals 2",,COMMON,
BS11-037,BS11,037,Bellflower Cookie,BOOSTER PACK [The Dark Enchantress War],COOKIE,GREEN,GREEN MIX,2,2,,C,,,<{N}{N}{N}> Herbal Decoction deals 4,,0,0,0,BS11-037,0,<{N}{N}{N}> Herbal Decoction deals 4,,COMMON,
BS11-036@1,BS11,036@1,Eternal Sugar Cookie,BOOSTER PACK [The Dark Enchantress War],COOKIE,YELLOW,YELLOW,2,4,BEAST,SUR,Delightful Abyss,"【Activate】 【Once Per Turn】 If there is no other [Eternal Sugar Cookie] in your battle area, select up to 1 of your opponent's Cookies. Until the end of your opponent's next turn, the attack cost of that Cookie is increased by 1 {N}.","<{Y}{Y}{Y}> Paradise of Happiness deals 3
Then, if this Cookie's remaining HP is 3 or less, this Cookie gains +1 HP.",,0,0,0,BS11-036,1,"【Activate】 【Once Per Turn】 If there is no other [Eternal Sugar Cookie] in your battle area, select up to 1 of your opponent's Cookies. Until the end of your opponent's next turn, the attack cost of that Cookie is increased by 1 {N}.
<{Y}{Y}{Y}> Paradise of Happiness deals 3
Then, if this Cookie's remaining HP is 3 or less, this Cookie gains +1 HP.",,SECRET ULTRA RARE,
BS11-036,BS11,036,Eternal Sugar Cookie,BOOSTER PACK [The Dark Enchantress War],COOKIE,YELLOW,YELLOW,2,4,BEAST,SUR,Delightful Abyss,"【Activate】 【Once Per Turn】 If there is no other [Eternal Sugar Cookie] in your battle area, select up to 1 of your opponent's Cookies. Until the end of your opponent's next turn, the attack cost of that Cookie is increased by 1 {N}.","<{Y}{Y}{Y}> Paradise of Happiness deals 3
Then, if this Cookie's remaining HP is 3 or less, this Cookie gains +1 HP.",,0,0,0,BS11-036,0,"【Activate】 【Once Per Turn】 If there is no other [Eternal Sugar Cookie] in your battle area, select up to 1 of your opponent's Cookies. Until the end of your opponent's next turn, the attack cost of that Cookie is increased by 1 {N}.
<{Y}{Y}{Y}> Paradise of Happiness deals 3
Then, if this Cookie's remaining HP is 3 or less, this Cookie gains +1 HP.",,SECRET ULTRA RARE,
BS11-035@1,BS11,035@1,Millennial Tree Cookie,BOOSTER PACK [The Dark Enchantress War],COOKIE,YELLOW,YELLOW,3,6,,SSR,Millennial Tree,【On Play】 <{Y}{Y}> <Place 1 Cookie from your hand into your break area.> Return up to 1 {Y} Cookie that is LV.2 or lower from your break area to your hand.,"<{Y}{Y}{Y}> World Tree Shield deals 3
Then, <{Y}> <discard 1 Cookie that has FLIP from your hand.> Deals 2 damage.",,0,0,0,BS11-035,1,"【On Play】 <{Y}{Y}> <Place 1 Cookie from your hand into your break area.> Return up to 1 {Y} Cookie that is LV.2 or lower from your break area to your hand.
<{Y}{Y}{Y}> World Tree Shield deals 3
Then, <{Y}> <discard 1 Cookie that has FLIP from your hand.> Deals 2 damage.",,SECRET SUPER RARE,
BS11-035,BS11,035,Millennial Tree Cookie,BOOSTER PACK [The Dark Enchantress War],COOKIE,YELLOW,YELLOW,3,6,,SSR,Millennial Tree,【On Play】 <{Y}{Y}> <Place 1 Cookie from your hand into your break area.> Return up to 1 {Y} Cookie that is LV.2 or lower from your break area to your hand.,"<{Y}{Y}{Y}> World Tree Shield deals 3
Then, <{Y}> <discard 1 Cookie that has FLIP from your hand.> Deals 2 damage.",,0,0,0,BS11-035,0,"【On Play】 <{Y}{Y}> <Place 1 Cookie from your hand into your break area.> Return up to 1 {Y} Cookie that is LV.2 or lower from your break area to your hand.
<{Y}{Y}{Y}> World Tree Shield deals 3
Then, <{Y}> <discard 1 Cookie that has FLIP from your hand.> Deals 2 damage.",,SECRET SUPER RARE,
BS11-034@1,BS11,034@1,Golden Cheese Cookie,BOOSTER PACK [The Dark Enchantress War],COOKIE,YELLOW,YELLOW MIX,3,5,ANCIENT,SSR,Immortal's Return,"If this Cookie is in your break area, <reveal Cookies from your hand with a total LV. sum of 3.> Play this Cookie. Then, place the revealed Cookies in your break area.","<{Y}{N}{N}> Radiant Brilliance deals 3
Then, <{N}> deals 1 damage for each LV.2 or higher 【Ancient】 Cookie in your break area.",,0,0,0,BS11-034,1,"If this Cookie is in your break area, <reveal Cookies from your hand with a total LV. sum of 3.> Play this Cookie. Then, place the revealed Cookies in your break area.
<{Y}{N}{N}> Radiant Brilliance deals 3
Then, <{N}> deals 1 damage for each LV.2 or higher 【Ancient】 Cookie in your break area.",,SECRET SUPER RARE,
BS11-034,BS11,034,Golden Cheese Cookie,BOOSTER PACK [The Dark Enchantress War],COOKIE,YELLOW,YELLOW MIX,3,5,ANCIENT,SSR,Immortal's Return,"If this Cookie is in your break area, <reveal Cookies from your hand with a total LV. sum of 3.> Play this Cookie. Then, place the revealed Cookies in your break area.","<{Y}{N}{N}> Radiant Brilliance deals 3
Then, <{N}> deals 1 damage for each LV.2 or higher 【Ancient】 Cookie in your break area.",,0,0,0,BS11-034,0,"If this Cookie is in your break area, <reveal Cookies from your hand with a total LV. sum of 3.> Play this Cookie. Then, place the revealed Cookies in your break area.
<{Y}{N}{N}> Radiant Brilliance deals 3
Then, <{N}> deals 1 damage for each LV.2 or higher 【Ancient】 Cookie in your break area.",,SECRET SUPER RARE,
BS11-033@1,BS11,033@1,Pavlova Cookie,BOOSTER PACK [The Dark Enchantress War],COOKIE,YELLOW,YELLOW,1,2,,SEC,,,"<{Y}> Arrow of Love deals 1
Then, during this turn, if any of your Cookies gained HP, <place this Cookie in your trash.> Draw up to 1 card from your deck.",,0,0,0,BS11-033,1,"<{Y}> Arrow of Love deals 1
Then, during this turn, if any of your Cookies gained HP, <place this Cookie in your trash.> Draw up to 1 card from your deck.",,SECRET RARE,
BS11-033,BS11,033,Pavlova Cookie,BOOSTER PACK [The Dark Enchantress War],COOKIE,YELLOW,YELLOW,1,2,,SEC,,,"<{Y}> Arrow of Love deals 1
Then, during this turn, if any of your Cookies gained HP, <place this Cookie in your trash.> Draw up to 1 card from your deck.",,0,0,0,BS11-033,0,"<{Y}> Arrow of Love deals 1
Then, during this turn, if any of your Cookies gained HP, <place this Cookie in your trash.> Draw up to 1 card from your deck.",,SECRET RARE,
BS11-032@1,BS11,032@1,Burnt Cheese Cookie,BOOSTER PACK [The Dark Enchantress War],COOKIE,YELLOW,YELLOW,1,2,,SEC,Earth's Protection,"Can be activated when your turn ends. During this turn, if a LV.3 Cookie was played from your break area, place this Cookie in your trash.","<{Y}> Gatekeeper's Warning deals 1
Then, <place 1 other {Y} Cookie from your battle area into your break area.> Draw up to 1 card from your deck.",,0,0,0,BS11-032,1,"Can be activated when your turn ends. During this turn, if a LV.3 Cookie was played from your break area, place this Cookie in your trash.
<{Y}> Gatekeeper's Warning deals 1
Then, <place 1 other {Y} Cookie from your battle area into your break area.> Draw up to 1 card from your deck.",,SECRET RARE,
BS11-032,BS11,032,Burnt Cheese Cookie,BOOSTER PACK [The Dark Enchantress War],COOKIE,YELLOW,YELLOW,1,2,,SEC,Earth's Protection,"Can be activated when your turn ends. During this turn, if a LV.3 Cookie was played from your break area, place this Cookie in your trash.","<{Y}> Gatekeeper's Warning deals 1
Then, <place 1 other {Y} Cookie from your battle area into your break area.> Draw up to 1 card from your deck.",,0,0,0,BS11-032,0,"Can be activated when your turn ends. During this turn, if a LV.3 Cookie was played from your break area, place this Cookie in your trash.
<{Y}> Gatekeeper's Warning deals 1
Then, <place 1 other {Y} Cookie from your battle area into your break area.> Draw up to 1 card from your deck.",,SECRET RARE,
BS11-031,BS11,031,Winged Tree,BOOSTER PACK [The Dark Enchantress War],ITEM,YELLOW,YELLOW,,,,U,,"<{Y}> If there are 4 or more Cookies in your break area, select up to 1 of your opponent's Cookies. Until the end of your opponent's next turn, that Cookie's 【Activate】 cannot be activated unless your opponent discards 2 cards from their hand.",,,0,0,0,BS11-031,0,"<{Y}> If there are 4 or more Cookies in your break area, select up to 1 of your opponent's Cookies. Until the end of your opponent's next turn, that Cookie's 【Activate】 cannot be activated unless your opponent discards 2 cards from their hand.",,UNCOMMON,
BS11-030,BS11,030,Life-Sprouting Jar,BOOSTER PACK [The Dark Enchantress War],ITEM,YELLOW,YELLOW,,,,U,,"<{Y}> If your break area is LV.3 or higher, select up to 1 of your Cookies with 3 or less HP remaining. That Cookie gains +1 HP.",,,0,0,0,BS11-030,0,"<{Y}> If your break area is LV.3 or higher, select up to 1 of your Cookies with 3 or less HP remaining. That Cookie gains +1 HP.",,UNCOMMON,
BS11-029@1,BS11,029@1,Life's Protection,Eternal Farewell promotion pack,TRAP,YELLOW,YELLOW MIX,,,,P,,"<{Y}> Select up to 1 of your opponent's Cookies. During this turn, that Cookie deals -1 attack damage. Then, <{N}> if there is a [Millennial Tree Cookie] or 【Ancient】 Cookie in your battle area, select up to 1 of your Cookies. That Cookie gains +1 HP.",,,0,0,0,BS11-029,1,"<{Y}> Select up to 1 of your opponent's Cookies. During this turn, that Cookie deals -1 attack damage. Then, <{N}> if there is a [Millennial Tree Cookie] or 【Ancient】 Cookie in your battle area, select up to 1 of your Cookies. That Cookie gains +1 HP.",,PROMOTION,
BS11-029,BS11,029,Life's Protection,BOOSTER PACK [The Dark Enchantress War],TRAP,YELLOW,YELLOW,,,,U,,"<{Y}> Select up to 1 of your opponent's Cookies. During this turn, that Cookie deals -1 attack damage. Then, <{N}> if there is a [Millennial Tree Cookie] or 【Ancient】 Cookie in your battle area, select up to 1 of your Cookies. That Cookie gains +1 HP.",,,0,0,0,BS11-029,0,"<{Y}> Select up to 1 of your opponent's Cookies. During this turn, that Cookie deals -1 attack damage. Then, <{N}> if there is a [Millennial Tree Cookie] or 【Ancient】 Cookie in your battle area, select up to 1 of your Cookies. That Cookie gains +1 HP.",,UNCOMMON,
BS11-028,BS11,028,Berry Paradise,BOOSTER PACK [The Dark Enchantress War],STAGE,YELLOW,YELLOW,,,,U,,"<{Y}> Place in your stage area.

【Activate】 <Rest this card.> <Place 1 card from the top of your {Y} Cookie's HP into your trash.> If there are 6 cards or less in your hand, draw up to 1 card from your deck.",,,0,0,0,BS11-028,0,"<{Y}> Place in your stage area.

【Activate】 <Rest this card.> <Place 1 card from the top of your {Y} Cookie's HP into your trash.> If there are 6 cards or less in your hand, draw up to 1 card from your deck.",,UNCOMMON,
BS11-027,BS11,027,Passion Escaping Paradise,BOOSTER PACK [The Dark Enchantress War],TRAP,YELLOW,YELLOW,,,,U,,"<{Y}{Y}> During this turn, all of your opponent's Cookies deal -1 attack damage. Then, select up to 1 of your opponent's Cookies. During this turn, the attack cost of that Cookie is increased by 1 {N}.",,,0,0,0,BS11-027,0,"<{Y}{Y}> During this turn, all of your opponent's Cookies deal -1 attack damage. Then, select up to 1 of your opponent's Cookies. During this turn, the attack cost of that Cookie is increased by 1 {N}.",,UNCOMMON,
BS11-026,BS11,026,Wizard Cookie,BOOSTER PACK [The Dark Enchantress War],COOKIE,YELLOW,YELLOW,2,3,,U,Newly Acquired Magic,【Activate】 【Once Per Turn】 <{Y}> <Discard 1 Cookie that has FLIP from your hand.> Select up to 1 of your opponent's Cookies. That Cookie receives 1 damage.,<{Y}{Y}> Powerful Incantation deals 2,,0,0,0,BS11-026,0,"【Activate】 【Once Per Turn】 <{Y}> <Discard 1 Cookie that has FLIP from your hand.> Select up to 1 of your opponent's Cookies. That Cookie receives 1 damage.
<{Y}{Y}> Powerful Incantation deals 2",,UNCOMMON,
BS11-025,BS11,025,Fettuccine Cookie,BOOSTER PACK [The Dark Enchantress War],COOKIE,YELLOW,YELLOW,2,2,,C,,,"<{Y}{Y}> Fettuccine Whip deals 3
Then, draw up to 2 cards from your deck and place this Cookie in your break area.",,0,0,0,BS11-025,0,"<{Y}{Y}> Fettuccine Whip deals 3
Then, draw up to 2 cards from your deck and place this Cookie in your break area.",,COMMON,
BS11-024,BS11,024,Smoked Cheese Cookie,BOOSTER PACK [The Dark Enchantress War],COOKIE,YELLOW,YELLOW,1,3,,C,Get Smoked!,"When this Cookie faints, play up to 1 LV.3 Cookie from your hand. Then, that Cookie gains +1 HP.",<{Y}{Y}{Y}> Smoke Explosion deals 2,,0,0,0,BS11-024,0,"When this Cookie faints, play up to 1 LV.3 Cookie from your hand. Then, that Cookie gains +1 HP.
<{Y}{Y}{Y}> Smoke Explosion deals 2",,COMMON,
BS11-023,BS11,023,Chestnut Cookie,BOOSTER PACK [The Dark Enchantress War],COOKIE,YELLOW,YELLOW MIX,1,2,,C,,,<{N}> Newspaper Delivery deals 1,,0,0,0,BS11-023,0,<{N}> Newspaper Delivery deals 1,,COMMON,
BS11-022,BS11,022,Mozzarella Cookie,BOOSTER PACK [The Dark Enchantress War],COOKIE,YELLOW,YELLOW MIX,2,2,,C,,,<{N}{N}{N}> Critical Bug Fix deals 4,,0,0,0,BS11-022,0,<{N}{N}{N}> Critical Bug Fix deals 4,,COMMON,
BS11-021,BS11,021,Book of Wizdom,BOOSTER PACK [The Dark Enchantress War],COOKIE,YELLOW,YELLOW,1,1,,C,Vast Magical Knowledge,"【Activate】 【Once Per Turn】 If there is a [Wizard Cookie] in your battle area, return up to 1 Cookie that has FLIP from your trash to your hand.",<{Y}{Y}> Random Magic deals 2,,0,0,0,BS11-021,0,"【Activate】 【Once Per Turn】 If there is a [Wizard Cookie] in your battle area, return up to 1 Cookie that has FLIP from your trash to your hand.
<{Y}{Y}> Random Magic deals 2",,COMMON,
BS11-020,BS11,020,Royal Margarine Cookie,BOOSTER PACK [The Dark Enchantress War],FLIP,YELLOW,YELLOW,2,3,,C,,,<{Y}{Y}{Y}> Buttercream Swoop deals 3,Draw up to 1 card from your deck.,0,0,0,BS11-020,0,"<{Y}{Y}{Y}> Buttercream Swoop deals 3
Draw up to 1 card from your deck.",,COMMON,
BS11-019,BS11,019,Potato Salad Cookie,BOOSTER PACK [The Dark Enchantress War],FLIP,YELLOW,YELLOW,1,1,,C,,,<{Y}{Y}> Have a taste-yam! deals 2,<Discard 1 card.> The Cookie with this card attached for HP gains +1 HP.,0,0,0,BS11-019,0,"<{Y}{Y}> Have a taste-yam! deals 2
<Discard 1 card.> The Cookie with this card attached for HP gains +1 HP.",,COMMON,
BS11-018@1,BS11,018@1,Burning Spice Cookie,BOOSTER PACK [The Dark Enchantress War],COOKIE,RED,RED,2,4,BEAST,SUR,Tyrant's Mettle,"【Activate】 【Once Per Turn】 <Make 1 of your {R} Cookies faint.> If there are 5 cards or less in your hand, draw up to 2 cards from your deck.","<{R}{R}{R}> Destroyer's Wrath deals 3
Then, <make 1 of your Cookies faint.> Deals 1 damage.",,0,0,0,BS11-018,1,"【Activate】 【Once Per Turn】 <Make 1 of your {R} Cookies faint.> If there are 5 cards or less in your hand, draw up to 2 cards from your deck.
<{R}{R}{R}> Destroyer's Wrath deals 3
Then, <make 1 of your Cookies faint.> Deals 1 damage.",,SECRET ULTRA RARE,
BS11-018,BS11,018,Burning Spice Cookie,BOOSTER PACK [The Dark Enchantress War],COOKIE,RED,RED,2,4,BEAST,SUR,Tyrant's Mettle,"【Activate】 【Once Per Turn】 <Make 1 of your {R} Cookies faint.> If there are 5 cards or less in your hand, draw up to 2 cards from your deck.","<{R}{R}{R}> Destroyer's Wrath deals 3
Then, <make 1 of your Cookies faint.> Deals 1 damage.",,0,0,0,BS11-018,0,"【Activate】 【Once Per Turn】 <Make 1 of your {R} Cookies faint.> If there are 5 cards or less in your hand, draw up to 2 cards from your deck.
<{R}{R}{R}> Destroyer's Wrath deals 3
Then, <make 1 of your Cookies faint.> Deals 1 damage.",,SECRET ULTRA RARE,
BS11-017@1,BS11,017@1,Hollyberry Cookie,BOOSTER PACK [The Dark Enchantress War],COOKIE,RED,RED MIX,2,5,ANCIENT,SSR,Firm Conviction,"If this Cookie has 3 or less HP remaining, the attack cost of this Cookie is reduced by 1 {R}.","<{R}{N}{N}> Song of the Aegis deals 2
Then, if there is another 【Ancient】 Cookie in your battle area, deals 2 damage.",,0,0,0,BS11-017,1,"If this Cookie has 3 or less HP remaining, the attack cost of this Cookie is reduced by 1 {R}.
<{R}{N}{N}> Song of the Aegis deals 2
Then, if there is another 【Ancient】 Cookie in your battle area, deals 2 damage.",,SECRET SUPER RARE,
BS11-017,BS11,017,Hollyberry Cookie,BOOSTER PACK [The Dark Enchantress War],COOKIE,RED,RED MIX,2,5,ANCIENT,SSR,Firm Conviction,"If this Cookie has 3 or less HP remaining, the attack cost of this Cookie is reduced by 1 {R}.","<{R}{N}{N}> Song of the Aegis deals 2
Then, if there is another 【Ancient】 Cookie in your battle area, deals 2 damage.",,0,0,0,BS11-017,0,"If this Cookie has 3 or less HP remaining, the attack cost of this Cookie is reduced by 1 {R}.
<{R}{N}{N}> Song of the Aegis deals 2
Then, if there is another 【Ancient】 Cookie in your battle area, deals 2 damage.",,SECRET SUPER RARE,
BS11-016@1,BS11,016@1,Fire Spirit Cookie,BOOSTER PACK [The Dark Enchantress War],COOKIE,RED,RED,2,4,,SSR,Fiery Passion,【Activate】 【Once Per Turn】 <Place a total of 2 cards from the top of your {R} Cookies' HP into your trash.> All of your opponent's Cookies receive 1 damage.,<{R}{R}{R}> Blaze Blast deals 3,,0,0,0,BS11-016,1,"【Activate】 【Once Per Turn】 <Place a total of 2 cards from the top of your {R} Cookies' HP into your trash.> All of your opponent's Cookies receive 1 damage.
<{R}{R}{R}> Blaze Blast deals 3",,SECRET SUPER RARE,
BS11-016,BS11,016,Fire Spirit Cookie,BOOSTER PACK [The Dark Enchantress War],COOKIE,RED,RED,2,4,,SSR,Fiery Passion,【Activate】 【Once Per Turn】 <Place a total of 2 cards from the top of your {R} Cookies' HP into your trash.> All of your opponent's Cookies receive 1 damage.,<{R}{R}{R}> Blaze Blast deals 3,,0,0,0,BS11-016,0,"【Activate】 【Once Per Turn】 <Place a total of 2 cards from the top of your {R} Cookies' HP into your trash.> All of your opponent's Cookies receive 1 damage.
<{R}{R}{R}> Blaze Blast deals 3",,SECRET SUPER RARE,
BS11-015@1,BS11,015@1,Wildberry Cookie,BOOSTER PACK [The Dark Enchantress War],COOKIE,RED,RED,3,5,,SEC,,,"<{R}{R}{R}{R}> Principled Uppercut deals 4
Then, if your opponent's Cookie fainted from this Cookie's attack, during this turn, your opponent cannot activate 【On Play】.",,0,0,0,BS11-015,1,"<{R}{R}{R}{R}> Principled Uppercut deals 4
Then, if your opponent's Cookie fainted from this Cookie's attack, during this turn, your opponent cannot activate 【On Play】.",,SECRET RARE,
BS11-015,BS11,015,Wildberry Cookie,BOOSTER PACK [The Dark Enchantress War],COOKIE,RED,RED,3,5,,SEC,,,"<{R}{R}{R}{R}> Principled Uppercut deals 4
Then, if your opponent's Cookie fainted from this Cookie's attack, during this turn, your opponent cannot activate 【On Play】.",,0,0,0,BS11-015,0,"<{R}{R}{R}{R}> Principled Uppercut deals 4
Then, if your opponent's Cookie fainted from this Cookie's attack, during this turn, your opponent cannot activate 【On Play】.",,SECRET RARE,
BS11-014@1,BS11,014@1,Nutmeg Tiger Cookie,BOOSTER PACK [The Dark Enchantress War],COOKIE,RED,RED,1,3,,SEC,,,"<{R}{R}> Great General deals 2
Then, select up to 1 of your Cookies. Place 1 card from the top of that Cookie's HP into your trash.",,0,0,0,BS11-014,1,"<{R}{R}> Great General deals 2
Then, select up to 1 of your Cookies. Place 1 card from the top of that Cookie's HP into your trash.",,SECRET RARE,
BS11-014,BS11,014,Nutmeg Tiger Cookie,BOOSTER PACK [The Dark Enchantress War],COOKIE,RED,RED,1,3,,SEC,,,"<{R}{R}> Great General deals 2
Then, select up to 1 of your Cookies. Place 1 card from the top of that Cookie's HP into your trash.",,0,0,0,BS11-014,0,"<{R}{R}> Great General deals 2
Then, select up to 1 of your Cookies. Place 1 card from the top of that Cookie's HP into your trash.",,SECRET RARE,
BS11-013,BS11,013,Roaring Destruction,BOOSTER PACK [The Dark Enchantress War],TRAP,RED,RED,,,,U,,"<{R}> If one of your LV.3 Cookies has 1 HP remaining, select up to 1 of your opponent's Cookies. During this turn, that Cookie deals -3 attack damage.",,,0,0,0,BS11-013,0,"<{R}> If one of your LV.3 Cookies has 1 HP remaining, select up to 1 of your opponent's Cookies. During this turn, that Cookie deals -3 attack damage.",,UNCOMMON,
BS11-012,BS11,012,Avatar of Ruin Turmeric Statue,BOOSTER PACK [The Dark Enchantress War],ITEM,RED,RED,,,,U,,"<{R}{R}> During this turn, if 2 or more of your Cookies fainted, select up to 1 of your opponent's Cookies. That Cookie receives 2 damage.",,,0,0,0,BS11-012,0,"<{R}{R}> During this turn, if 2 or more of your Cookies fainted, select up to 1 of your opponent's Cookies. That Cookie receives 2 damage.",,UNCOMMON,
BS11-011,BS11,011,Canyon of Destruction,BOOSTER PACK [The Dark Enchantress War],STAGE,RED,RED,,,,U,,"<{R}> Place in your stage area.

【Activate】 <{R}> <Rest this card.> During this turn, if your Cookie fainted, select up to 1 of your opponent's Cookies. That Cookie receives 1 damage.",,,0,0,0,BS11-011,0,"<{R}> Place in your stage area.

【Activate】 <{R}> <Rest this card.> During this turn, if your Cookie fainted, select up to 1 of your opponent's Cookies. That Cookie receives 1 damage.",,UNCOMMON,
BS11-010@1,BS11,010@1,Flame's Protection,Eternal Farewell promotion pack,TRAP,RED,RED MIX,,,,P,,"<{R}> Select up to 1 of your opponent's Cookies. During this turn, that Cookie deals -1 attack damage. Then, <{N}> if there is a [Fire Spirit Cookie] or 【Ancient】 Cookie in your battle area, select up to 1 of your opponent's Cookies. That Cookie receives 1 damage.",,,0,0,0,BS11-010,1,"<{R}> Select up to 1 of your opponent's Cookies. During this turn, that Cookie deals -1 attack damage. Then, <{N}> if there is a [Fire Spirit Cookie] or 【Ancient】 Cookie in your battle area, select up to 1 of your opponent's Cookies. That Cookie receives 1 damage.",,PROMOTION,
BS11-010,BS11,010,Flame's Protection,BOOSTER PACK [The Dark Enchantress War],TRAP,RED,RED,,,,U,,"<{R}> Select up to 1 of your opponent's Cookies. During this turn, that Cookie deals -1 attack damage. Then, <{N}> if there is a [Fire Spirit Cookie] or 【Ancient】 Cookie in your battle area, select up to 1 of your opponent's Cookies. That Cookie receives 1 damage.",,,0,0,0,BS11-010,0,"<{R}> Select up to 1 of your opponent's Cookies. During this turn, that Cookie deals -1 attack damage. Then, <{N}> if there is a [Fire Spirit Cookie] or 【Ancient】 Cookie in your battle area, select up to 1 of your opponent's Cookies. That Cookie receives 1 damage.",,UNCOMMON,
BS11-009,BS11,009,Orb of Eternal Flame,BOOSTER PACK [The Dark Enchantress War],ITEM,RED,RED,,,,U,,"<{R}{R}{R}> If one of your LV.2 or higher Cookies has 1 HP remaining, select up to 1 of your opponent's Cookies. That Cookie receives 3 damage.",,,0,0,0,BS11-009,0,"<{R}{R}{R}> If one of your LV.2 or higher Cookies has 1 HP remaining, select up to 1 of your opponent's Cookies. That Cookie receives 3 damage.",,UNCOMMON,
BS11-008,BS11,008,Raspberry Cookie,BOOSTER PACK [The Dark Enchantress War],COOKIE,RED,RED,1,1,,U,Scarlet Mark,【Activate】 【Once Per Turn】 <{R}> Select up to 1 of your opponent's Cookies. That Cookie receives 1 damage.,<{R}{R}> Raspberry Sword Dance deals 1,,0,0,0,BS11-008,0,"【Activate】 【Once Per Turn】 <{R}> Select up to 1 of your opponent's Cookies. That Cookie receives 1 damage.
<{R}{R}> Raspberry Sword Dance deals 1",,UNCOMMON,
BS11-007,BS11,007,Flat Tofu Cookie,BOOSTER PACK [The Dark Enchantress War],COOKIE,RED,RED MIX,3,5,,C,Magical Power,【Activate】 【Once Per Turn】 <{R}{R}> All of your opponent's Cookies receive 1 damage.,<{R}{R}{N}> Spiritcaller's Dance deals 3,,0,0,0,BS11-007,0,"【Activate】 【Once Per Turn】 <{R}{R}> All of your opponent's Cookies receive 1 damage.
<{R}{R}{N}> Spiritcaller's Dance deals 3",,COMMON,
BS11-006,BS11,006,Castanets,BOOSTER PACK [The Dark Enchantress War],COOKIE,RED,RED,1,1,,C,Perfect Harmony,"【On Play】 <Discard 1 {R} Item card from your hand.> If there is a [Macaron Cookie] in your battle area, all of your opponent's Cookies receive 1 damage.",<{R}{R}> Castanet Performance deals 2,,0,0,0,BS11-006,0,"【On Play】 <Discard 1 {R} Item card from your hand.> If there is a [Macaron Cookie] in your battle area, all of your opponent's Cookies receive 1 damage.
<{R}{R}> Castanet Performance deals 2",,COMMON,
BS11-005,BS11,005,Cherry Cola Cookie,BOOSTER PACK [The Dark Enchantress War],FLIP,RED,RED,1,1,,C,,,<{R}{R}> Fizzy Sword Dance deals 2,<Discard 1 card.> The Cookie with this card attached for HP gains +1 HP.,0,0,0,BS11-005,0,"<{R}{R}> Fizzy Sword Dance deals 2
<Discard 1 card.> The Cookie with this card attached for HP gains +1 HP.",,COMMON,
BS11-004,BS11,004,Scorpion Cookie,BOOSTER PACK [The Dark Enchantress War],COOKIE,RED,RED MIX,2,2,,C,,,<{N}{N}{N}> Venom Stings deals 4,,0,0,0,BS11-004,0,<{N}{N}{N}> Venom Stings deals 4,,COMMON,
BS11-003,BS11,003,Rose Cookie,BOOSTER PACK [The Dark Enchantress War],FLIP,RED,RED,2,3,,C,,,<{R}{R}{R}> Passionate Step deals 3,Draw up to 1 card from your deck.,0,0,0,BS11-003,0,"<{R}{R}{R}> Passionate Step deals 3
Draw up to 1 card from your deck.",,COMMON,
BS11-002,BS11,002,Macaron Cookie,BOOSTER PACK [The Dark Enchantress War],COOKIE,RED,RED MIX,2,5,,C,Macaron Parade,【Activate】 【Once Per Turn】 <{R}> <Discard 1 {R} Item card from your hand.> Draw 1 card from your deck and select 1 of your opponent's Cookies. That Cookie receives 1 damage.,<{R}{R}{N}> Drum Performance deals 2,,0,0,0,BS11-002,0,"【Activate】 【Once Per Turn】 <{R}> <Discard 1 {R} Item card from your hand.> Draw 1 card from your deck and select 1 of your opponent's Cookies. That Cookie receives 1 damage.
<{R}{R}{N}> Drum Performance deals 2",,COMMON,
BS11-001,BS11,001,Raspberry Mousse Cookie,BOOSTER PACK [The Dark Enchantress War],COOKIE,RED,RED MIX,1,2,,C,,,<{N}> Fair Duel deals 1,,0,0,0,BS11-001,0,<{N}> Fair Duel deals 1,,COMMON,
BS10-123@1,BS10,123@1,Spectral Warmaster,BOOSTER PACK [Paradise of Passion & Sloth / Catacombs of Silence],EXRTA,PURPLE,PURPLE,3,4,,SUR,Oblivion's Descent,"【EXTRA】 If you refreshed during this game, <discard 2 cards.> Play this Cookie.","<{P}{P}{P}> Spectral Assault deals 3 Then, place this Cookie in the trash.",,0,0,1,BS10-123,1,"【EXTRA】 If you refreshed during this game, <discard 2 cards.> Play this Cookie.
<{P}{P}{P}> Spectral Assault deals 3 Then, place this Cookie in the trash.",,SECRET ULTRA RARE,
BS10-123,BS10,123,Spectral Warmaster,BOOSTER PACK [Paradise of Passion & Sloth / Catacombs of Silence],EXRTA,PURPLE,PURPLE,3,4,,UR,Oblivion's Descent,"【EXTRA】 If you refreshed during this game, <discard 2 cards.> Play this Cookie.","<{P}{P}{P}> Spectral Assault deals 3 Then, place this Cookie in the trash.",,0,0,1,BS10-123,0,"【EXTRA】 If you refreshed during this game, <discard 2 cards.> Play this Cookie.
<{P}{P}{P}> Spectral Assault deals 3 Then, place this Cookie in the trash.",,ULTRA RARE,
BS10-122@2,BS10,122@2,Silent Salt Cookie,promotion-card,COOKIE,PURPLE,PURPLE,3,6,BEAST,P,End of Silence,【On Play】 <Place 5 cards from the top of your deck into the trash.> Draw up to 2 cards from your deck.,"<{P}{P}{P}{P}> Be silent. deals 4
Then, if you refreshed during this game, place 1 card from the top of all of your opponent's Cookies' HP into the trash.",,0,0,0,BS10-122,1,"【On Play】 <Place 5 cards from the top of your deck into the trash.> Draw up to 2 cards from your deck.
<{P}{P}{P}{P}> Be silent. deals 4
Then, if you refreshed during this game, place 1 card from the top of all of your opponent's Cookies' HP into the trash.",,PROMOTION,
BS10-122@1,BS10,122@1,Silent Salt Cookie,BOOSTER PACK [Paradise of Passion & Sloth / Catacombs of Silence],COOKIE,PURPLE,PURPLE,3,6,BEAST,SUR,End of Silence,【On Play】 <Place 5 cards from the top of your deck into the trash.> Draw up to 2 cards from your deck.,"<{P}{P}{P}{P}> Be silent. deals 4 Then, if you refreshed during this game, place 1 card from the top of all of your opponent's Cookies' HP into the trash.",,0,0,0,BS10-122,1,"【On Play】 <Place 5 cards from the top of your deck into the trash.> Draw up to 2 cards from your deck.
<{P}{P}{P}{P}> Be silent. deals 4 Then, if you refreshed during this game, place 1 card from the top of all of your opponent's Cookies' HP into the trash.",,SECRET ULTRA RARE,
BS10-122,BS10,122,Silent Salt Cookie,BOOSTER PACK [Paradise of Passion & Sloth / Catacombs of Silence],COOKIE,PURPLE,PURPLE,3,6,BEAST,UR,End of Silence,【On Play】 <Place 5 cards from the top of your deck into the trash.> Draw up to 2 cards from your deck.,"<{P}{P}{P}{P}> Be silent. deals 4 Then, if you refreshed during this game, place 1 card from the top of all of your opponent's Cookies' HP into the trash.",,0,0,0,BS10-122,0,"【On Play】 <Place 5 cards from the top of your deck into the trash.> Draw up to 2 cards from your deck.
<{P}{P}{P}{P}> Be silent. deals 4 Then, if you refreshed during this game, place 1 card from the top of all of your opponent's Cookies' HP into the trash.",,ULTRA RARE,
BS10-121@1,BS10,121@1,Charcoal Cookie,BOOSTER PACK [Paradise of Passion & Sloth / Catacombs of Silence],COOKIE,PURPLE,PURPLE,2,5,,SSR,Tombkeeper's Rite,"【Activate】 【Once Per Turn】 <Discard 1 card.> If you refreshed during this game, select up to 1 of your opponent's Cookies. That Cookie receives 1 damage.","<{P}{P}{P}> Wraith Guide deals 2 Then, <place 5 cards from the top of your deck into the trash.> Deals 1 damage.",,0,0,0,BS10-121,1,"【Activate】 【Once Per Turn】 <Discard 1 card.> If you refreshed during this game, select up to 1 of your opponent's Cookies. That Cookie receives 1 damage.
<{P}{P}{P}> Wraith Guide deals 2 Then, <place 5 cards from the top of your deck into the trash.> Deals 1 damage.",,SECRET SUPER RARE,
BS10-121,BS10,121,Charcoal Cookie,BOOSTER PACK [Paradise of Passion & Sloth / Catacombs of Silence],COOKIE,PURPLE,PURPLE,2,5,,SR,Tombkeeper's Rite,"【Activate】 【Once Per Turn】 <Discard 1 card.> If you refreshed during this game, select up to 1 of your opponent's Cookies. That Cookie receives 1 damage.","<{P}{P}{P}> Wraith Guide deals 2 Then, <place 5 cards from the top of your deck into the trash.> Deals 1 damage.",,0,0,0,BS10-121,0,"【Activate】 【Once Per Turn】 <Discard 1 card.> If you refreshed during this game, select up to 1 of your opponent's Cookies. That Cookie receives 1 damage.
<{P}{P}{P}> Wraith Guide deals 2 Then, <place 5 cards from the top of your deck into the trash.> Deals 1 damage.",,SUPER RARE,
BS10-120@1,BS10,120@1,Salt Cellar Cookie,BOOSTER PACK [Paradise of Passion & Sloth / Catacombs of Silence],COOKIE,PURPLE,PURPLE,1,2,,SSR,Knight of Solidarity,"When this Cookie faints, <place 5 cards from the top of your deck into the trash.> Draw 1 card from your deck and select up to 1 of your opponent's Cookies. That Cookie receives 1 damage.",<{P}{P}> Master of the Trials deals 2,,0,0,0,BS10-120,1,"When this Cookie faints, <place 5 cards from the top of your deck into the trash.> Draw 1 card from your deck and select up to 1 of your opponent's Cookies. That Cookie receives 1 damage.
<{P}{P}> Master of the Trials deals 2",,SECRET SUPER RARE,
BS10-120,BS10,120,Salt Cellar Cookie,BOOSTER PACK [Paradise of Passion & Sloth / Catacombs of Silence],COOKIE,PURPLE,PURPLE,1,2,,SR,Knight of Solidarity,"When this Cookie faints, <place 5 cards from the top of your deck into the trash.> Draw 1 card from your deck and select up to 1 of your opponent's Cookies. That Cookie receives 1 damage.",<{P}{P}> Master of the Trials deals 2,,0,0,0,BS10-120,0,"When this Cookie faints, <place 5 cards from the top of your deck into the trash.> Draw 1 card from your deck and select up to 1 of your opponent's Cookies. That Cookie receives 1 damage.
<{P}{P}> Master of the Trials deals 2",,SUPER RARE,
BS10-119@1,BS10,119@1,Soul Jam: Light of Silence,BOOSTER PACK [Paradise of Passion & Sloth / Catacombs of Silence],ITEM,PURPLE,PURPLE,,,,SSR,,"<{P}> If you refreshed during this game, select up to 1 of your opponent's Cookies. That Cookie receives 1 damage. Then, <{P}> You can 【Equip】 this card to your [Silent Salt Cookie]. That Cookie gains +1 attack damage.",,,0,0,0,BS10-119,1,"<{P}> If you refreshed during this game, select up to 1 of your opponent's Cookies. That Cookie receives 1 damage. Then, <{P}> You can 【Equip】 this card to your [Silent Salt Cookie]. That Cookie gains +1 attack damage.",,SUPER RARE,
BS10-119,BS10,119,Soul Jam: Light of Silence,BOOSTER PACK [Paradise of Passion & Sloth / Catacombs of Silence],ITEM,PURPLE,PURPLE,,,,SR,,"<{P}> If you refreshed during this game, select up to 1 of your opponent's Cookies. That Cookie receives 1 damage. Then, <{P}> You can 【Equip】 this card to your [Silent Salt Cookie]. That Cookie gains +1 attack damage.",,,0,0,0,BS10-119,0,"<{P}> If you refreshed during this game, select up to 1 of your opponent's Cookies. That Cookie receives 1 damage. Then, <{P}> You can 【Equip】 this card to your [Silent Salt Cookie]. That Cookie gains +1 attack damage.",,SUPER RARE,
BS10-118@1,BS10,118@1,Pastry Cookie,BOOSTER PACK [Paradise of Passion & Sloth / Catacombs of Silence],COOKIE,PURPLE,PURPLE,1,3,,SEC,Fervent Prayer,"【Activate】 <{P}> <Place this Cookie in the trash.> If there are 15 cards or more in your trash, draw up to 1 card from your deck.",<{P}{P}> Arrow of Salvation deals 1,,0,0,0,BS10-118,1,"【Activate】 <{P}> <Place this Cookie in the trash.> If there are 15 cards or more in your trash, draw up to 1 card from your deck.
<{P}{P}> Arrow of Salvation deals 1",,SECRET RARE,
BS10-118,BS10,118,Pastry Cookie,BOOSTER PACK [Paradise of Passion & Sloth / Catacombs of Silence],COOKIE,PURPLE,PURPLE,1,3,,R,Fervent Prayer,"【Activate】 <{P}> <Place this Cookie in the trash.> If there are 15 cards or more in your trash, draw up to 1 card from your deck.",<{P}{P}> Arrow of Salvation deals 1,,0,0,0,BS10-118,0,"【Activate】 <{P}> <Place this Cookie in the trash.> If there are 15 cards or more in your trash, draw up to 1 card from your deck.
<{P}{P}> Arrow of Salvation deals 1",,RARE,
BS10-117@1,BS10,117@1,Seaweed Cookie,BOOSTER PACK [Paradise of Passion & Sloth / Catacombs of Silence],COOKIE,PURPLE,PURPLE,1,3,,SEC,Crumb Burial,【On Play】 <{P}> <Place 1 other {P} Cookie that is LV.2 or lower from your battle area into the trash.> Place 3 cards from the top of your deck into the trash.,<{P}{P}> Lament for Cookies deals 1,,0,0,0,BS10-117,1,"【On Play】 <{P}> <Place 1 other {P} Cookie that is LV.2 or lower from your battle area into the trash.> Place 3 cards from the top of your deck into the trash.
<{P}{P}> Lament for Cookies deals 1",,SECRET RARE,
BS10-117,BS10,117,Seaweed Cookie,BOOSTER PACK [Paradise of Passion & Sloth / Catacombs of Silence],COOKIE,PURPLE,PURPLE,1,3,,R,Crumb Burial,【On Play】 <{P}> <Place 1 other {P} Cookie that is LV.2 or lower from your battle area into the trash.> Place 3 cards from the top of your deck into the trash.,<{P}{P}> Lament for Cookies deals 1,,0,0,0,BS10-117,0,"【On Play】 <{P}> <Place 1 other {P} Cookie that is LV.2 or lower from your battle area into the trash.> Place 3 cards from the top of your deck into the trash.
<{P}{P}> Lament for Cookies deals 1",,RARE,
BS10-116,BS10,116,Seal Tree of the Fallen Emissaries,BOOSTER PACK [Paradise of Passion & Sloth / Catacombs of Silence],TRAP,PURPLE,PURPLE,,,,U,,"<{P}{P}> Select up to 1 of your opponent's Cookies. During this turn, that Cookie deals -2 attack damage. Then, <{P}> Select up to 1 【Beast】 Cookie in your opponent's battle area. Place that Cookie in the trash.",,,0,0,0,BS10-116,0,"<{P}{P}> Select up to 1 of your opponent's Cookies. During this turn, that Cookie deals -2 attack damage. Then, <{P}> Select up to 1 【Beast】 Cookie in your opponent's battle area. Place that Cookie in the trash.",,UNCOMMON,
BS10-115,BS10,115,Catacombs of Silence,BOOSTER PACK [Paradise of Passion & Sloth / Catacombs of Silence],STAGE,PURPLE,PURPLE,,,,U,,"<{P}> Place in your stage area.

【Activate】 <Rest this card.> Place 3 cards from the top of your deck into your trash. Then, <{P}> <Place this card in the trash.> If you refreshed during this game, select up to 1 of your opponent's Cookies. That Cookie receives 1 damage.",,,0,0,0,BS10-115,0,"<{P}> Place in your stage area.

【Activate】 <Rest this card.> Place 3 cards from the top of your deck into your trash. Then, <{P}> <Place this card in the trash.> If you refreshed during this game, select up to 1 of your opponent's Cookies. That Cookie receives 1 damage.",,UNCOMMON,
BS10-114,BS10,114,Silver Fork Judgment,BOOSTER PACK [Paradise of Passion & Sloth / Catacombs of Silence],TRAP,PURPLE,PURPLE,,,,U,,"<{P}{P}{P}> Select up to 1 of your opponent's Cookies. During this turn, that Cookie deals -3 attack damage. Then, place 3 cards from the top of your opponent's deck into the trash.",,,0,0,0,BS10-114,0,"<{P}{P}{P}> Select up to 1 of your opponent's Cookies. During this turn, that Cookie deals -3 attack damage. Then, place 3 cards from the top of your opponent's deck into the trash.",,UNCOMMON,
BS10-113,BS10,113,Spirit-cutting Sword,BOOSTER PACK [Paradise of Passion & Sloth / Catacombs of Silence],TRAP,PURPLE,PURPLE,,,,U,,"<{P}> Select up to 1 of your opponent's Cookies. During this turn, that Cookie deals -1 attack damage. Then, if you refreshed during this game, the selected Cookie deals an additional -1 attack damage.",,,0,0,0,BS10-113,0,"<{P}> Select up to 1 of your opponent's Cookies. During this turn, that Cookie deals -1 attack damage. Then, if you refreshed during this game, the selected Cookie deals an additional -1 attack damage.",,UNCOMMON,
BS10-112,BS10,112,Knight's Somber Lantern,BOOSTER PACK [Paradise of Passion & Sloth / Catacombs of Silence],ITEM,PURPLE,PURPLE,,,,U,,<{P}{P}> <Place 5 cards from the top of your deck into the trash.> Select up to 1 of your opponent's Cookies. That Cookie receives 1 damage.,,,0,0,0,BS10-112,0,<{P}{P}> <Place 5 cards from the top of your deck into the trash.> Select up to 1 of your opponent's Cookies. That Cookie receives 1 damage.,,UNCOMMON,
BS10-111,BS10,111,Banner of the Forsaken Oath,BOOSTER PACK [Paradise of Passion & Sloth / Catacombs of Silence],ITEM,PURPLE,PURPLE,,,,U,,"<{P}> If you refreshed during this game, select up to 2 of your Cookies. During this turn, those Cookies gain +1 attack damage.",,,0,0,0,BS10-111,0,"<{P}> If you refreshed during this game, select up to 2 of your Cookies. During this turn, those Cookies gain +1 attack damage.",,UNCOMMON,
BS10-110,BS10,110,Candlelight Cookie,BOOSTER PACK [Paradise of Passion & Sloth / Catacombs of Silence],COOKIE,PURPLE,PURPLE,1,2,,U,Attic Exploration,"【On Play】 If you refreshed during this game, draw up to 1 card from your deck.",<{P}{P}> Wax Treasure Creation deals 2,,0,0,0,BS10-110,0,"【On Play】 If you refreshed during this game, draw up to 1 card from your deck.
<{P}{P}> Wax Treasure Creation deals 2",,UNCOMMON,
BS10-109,BS10,109,Licorice Cookie,BOOSTER PACK [Paradise of Passion & Sloth / Catacombs of Silence],COOKIE,PURPLE,PURPLE,2,5,,U,Powerful Spell,"When this Cookie is placed from the battle area into the trash, place 3 cards from the top of your deck into the trash.",<{P}{P}{P}> Licorice Curse deals 2,,0,0,0,BS10-109,0,"When this Cookie is placed from the battle area into the trash, place 3 cards from the top of your deck into the trash.
<{P}{P}{P}> Licorice Curse deals 2",,UNCOMMON,
BS10-108,BS10,108,Black Garlic Cookie,BOOSTER PACK [Paradise of Passion & Sloth / Catacombs of Silence],COOKIE,PURPLE,PURPLE,1,2,,C,Spirit Photography,【On Play】 <Discard 1 card.> Return up to 1 {P} LV.1 Cookie from your trash to your hand.,<{P}> Spooky Stream deals 1,,0,0,0,BS10-108,0,"【On Play】 <Discard 1 card.> Return up to 1 {P} LV.1 Cookie from your trash to your hand.
<{P}> Spooky Stream deals 1",,COMMON,
BS10-107,BS10,107,White Ghost Cookie,BOOSTER PACK [Paradise of Passion & Sloth / Catacombs of Silence],COOKIE,PURPLE,PURPLE,3,5,,C,Ghost Form,"【On Play】 If you refreshed during this game, draw up to 2 cards from your deck. Then, your opponent places 1 card from their hand into the trash.",<{P}{P}{P}> Ghastly Guidance deals 3,,0,0,0,BS10-107,0,"【On Play】 If you refreshed during this game, draw up to 2 cards from your deck. Then, your opponent places 1 card from their hand into the trash.
<{P}{P}{P}> Ghastly Guidance deals 3",,COMMON,
BS10-106,BS10,106,Pumpkin Pie Cookie,BOOSTER PACK [Paradise of Passion & Sloth / Catacombs of Silence],COOKIE,PURPLE,PURPLE,2,3,,C,,,"<{P}{P}> Cute, Creepy Eyes deals 2 Then, Place 5 cards from the top of your deck into the trash.",,0,0,0,BS10-106,0,"<{P}{P}> Cute, Creepy Eyes deals 2 Then, Place 5 cards from the top of your deck into the trash.",,COMMON,
BS10-105,BS10,105,Truffle Cookie,BOOSTER PACK [Paradise of Passion & Sloth / Catacombs of Silence],COOKIE,PURPLE,PURPLE,2,4,,C,Spider's Friend,"If you refreshed during this game, this Cookie gains +1 attack damage.",<{P}{P}{P}> Spider Silk Wrapping deals 3,,0,0,0,BS10-105,0,"If you refreshed during this game, this Cookie gains +1 attack damage.
<{P}{P}{P}> Spider Silk Wrapping deals 3",,COMMON,
BS10-104,BS10,104,Crowberry Cookie,BOOSTER PACK [Paradise of Passion & Sloth / Catacombs of Silence],FLIP,PURPLE,PURPLE,2,3,,C,,,<{P}{P}{P}> Sparkling Magic deals 3,<Discard 1 card.> The Cookie with this card attached for HP gains +1 HP.,0,0,0,BS10-104,0,"<{P}{P}{P}> Sparkling Magic deals 3
<Discard 1 card.> The Cookie with this card attached for HP gains +1 HP.",,COMMON,
BS10-103,BS10,103,Purple Yam Cookie,BOOSTER PACK [Paradise of Passion & Sloth / Catacombs of Silence],COOKIE,PURPLE,PURPLE MIX,3,3,,C,,,<{N}{N}> Hot Yam Mace deals 3,,0,0,0,BS10-103,0,<{N}{N}> Hot Yam Mace deals 3,,COMMON,
BS10-102,BS10,102,Alchemist Cookie,BOOSTER PACK [Paradise of Passion & Sloth / Catacombs of Silence],COOKIE,PURPLE,PURPLE,1,3,,C,Clinical Trial,【Activate】 <{P}> <Place this Cookie in the trash.> Place 3 cards from the top of your deck into the trash.,<{P}{P}> Perfect Concoction deals 1,,0,0,0,BS10-102,0,"【Activate】 <{P}> <Place this Cookie in the trash.> Place 3 cards from the top of your deck into the trash.
<{P}{P}> Perfect Concoction deals 1",,COMMON,
BS10-101,BS10,101,Onion Cookie,BOOSTER PACK [Paradise of Passion & Sloth / Catacombs of Silence],COOKIE,PURPLE,PURPLE MIX,2,5,,C,,,<{N}{N}{N}> Frightened Cry deals 2,,0,0,0,BS10-101,0,<{N}{N}{N}> Frightened Cry deals 2,,COMMON,
BS10-100@1,BS10,100@1,Blackberry Cookie,promotion-card,FLIP,PURPLE,PURPLE,1,1,,P,,,<{P}{P}> Strange Spiritcalling deals 2,Draw up to 1 card from your deck.,0,0,0,BS10-100,1,"<{P}{P}> Strange Spiritcalling deals 2
Draw up to 1 card from your deck.",,PROMOTION,
BS10-100,BS10,100,Blackberry Cookie,BOOSTER PACK [Paradise of Passion & Sloth / Catacombs of Silence],FLIP,PURPLE,PURPLE,1,1,,C,,,<{P}{P}> Strange Spiritcalling deals 2,Draw up to 1 card from your deck.,0,0,0,BS10-100,0,"<{P}{P}> Strange Spiritcalling deals 2
Draw up to 1 card from your deck.",,COMMON,
BS10-099,BS10,099,Apprentice Priest,BOOSTER PACK [Paradise of Passion & Sloth / Catacombs of Silence],COOKIE,PURPLE,PURPLE MIX,1,3,,C,,,<{N}{N}> Devoted Prayer deals 1,,0,0,0,BS10-099,0,<{N}{N}> Devoted Prayer deals 1,,COMMON,
BS10-098@1,BS10,098@1,Jagae Cookie,BOOSTER PACK [Paradise of Passion & Sloth / Catacombs of Silence],EXRTA,BLUE,BLUE,3,6,,SUR,Greatest Guildmaster,"【EXTRA】 If there are 7 cards or more in your hand, <discard 2 {B} cards.> Play this Cookie.

【Activate】 【Once Per Turn】 <Discard 1 card.> Select up to 1 of your Cookies. During this turn, that Cookie gains +1 attack damage.","<{B}{B}{B}> Iridescent Storm deals 3 Then, select up to 1 of your opponent's Cookies. That Cookie receives 1 damage.",,0,0,1,BS10-098,1,"【EXTRA】 If there are 7 cards or more in your hand, <discard 2 {B} cards.> Play this Cookie.

【Activate】 【Once Per Turn】 <Discard 1 card.> Select up to 1 of your Cookies. During this turn, that Cookie gains +1 attack damage.
<{B}{B}{B}> Iridescent Storm deals 3 Then, select up to 1 of your opponent's Cookies. That Cookie receives 1 damage.",,SECRET ULTRA RARE,
BS10-098,BS10,098,Jagae Cookie,BOOSTER PACK [Paradise of Passion & Sloth / Catacombs of Silence],EXRTA,BLUE,BLUE,3,6,,UR,Greatest Guildmaster,"【EXTRA】 If there are 7 cards or more in your hand, <discard 2 {B} cards.> Play this Cookie.

【Activate】 【Once Per Turn】 <Discard 1 card.> Select up to 1 of your Cookies. During this turn, that Cookie gains +1 attack damage.","<{B}{B}{B}> Iridescent Storm deals 3 Then, select up to 1 of your opponent's Cookies. That Cookie receives 1 damage.",,0,0,1,BS10-098,0,"【EXTRA】 If there are 7 cards or more in your hand, <discard 2 {B} cards.> Play this Cookie.

【Activate】 【Once Per Turn】 <Discard 1 card.> Select up to 1 of your Cookies. During this turn, that Cookie gains +1 attack damage.
<{B}{B}{B}> Iridescent Storm deals 3 Then, select up to 1 of your opponent's Cookies. That Cookie receives 1 damage.",,ULTRA RARE,
BS10-097@1,BS10,097@1,Manju Cookie,BOOSTER PACK [Paradise of Passion & Sloth / Catacombs of Silence],COOKIE,BLUE,BLUE,2,4,,SUR,Master Negotiator,"【Activate】 【Once Per Turn】 <Discard 1 card.> If there are 6 cards or more in your opponent's hand, your opponent places 1 card from their hand into their trash.","<{B}{B}{B}> Flash Strike deals 3 Then, if there are 4 cards or less in your hand, draw up to 2 cards from your deck.",,0,0,0,BS10-097,1,"【Activate】 【Once Per Turn】 <Discard 1 card.> If there are 6 cards or more in your opponent's hand, your opponent places 1 card from their hand into their trash.
<{B}{B}{B}> Flash Strike deals 3 Then, if there are 4 cards or less in your hand, draw up to 2 cards from your deck.",,SECRET ULTRA RARE,
BS10-097,BS10,097,Manju Cookie,BOOSTER PACK [Paradise of Passion & Sloth / Catacombs of Silence],COOKIE,BLUE,BLUE,2,4,,UR,Master Negotiator,"【Activate】 【Once Per Turn】 <Discard 1 card.> If there are 6 cards or more in your opponent's hand, your opponent places 1 card from their hand into their trash.","<{B}{B}{B}> Flash Strike deals 3 Then, if there are 4 cards or less in your hand, draw up to 2 cards from your deck.",,0,0,0,BS10-097,0,"【Activate】 【Once Per Turn】 <Discard 1 card.> If there are 6 cards or more in your opponent's hand, your opponent places 1 card from their hand into their trash.
<{B}{B}{B}> Flash Strike deals 3 Then, if there are 4 cards or less in your hand, draw up to 2 cards from your deck.",,ULTRA RARE,
BS10-096@1,BS10,096@1,Grapefruit Cookie,BOOSTER PACK [Paradise of Passion & Sloth / Catacombs of Silence],COOKIE,BLUE,BLUE,1,2,,SSR,,,"<{B}> Spectacular Track Dash deals 1 Then, <{B}> <Place this Cookie on the bottom of your deck.> If there are 7 cards or less in your hand, draw up to 2 cards from your deck.",,0,0,0,BS10-096,1,"<{B}> Spectacular Track Dash deals 1 Then, <{B}> <Place this Cookie on the bottom of your deck.> If there are 7 cards or less in your hand, draw up to 2 cards from your deck.",,SECRET SUPER RARE,
BS10-096,BS10,096,Grapefruit Cookie,BOOSTER PACK [Paradise of Passion & Sloth / Catacombs of Silence],COOKIE,BLUE,BLUE,1,2,,SR,,,"<{B}> Spectacular Track Dash deals 1 Then, <{B}> <Place this Cookie on the bottom of your deck.> If there are 7 cards or less in your hand, draw up to 2 cards from your deck.",,0,0,0,BS10-096,0,"<{B}> Spectacular Track Dash deals 1 Then, <{B}> <Place this Cookie on the bottom of your deck.> If there are 7 cards or less in your hand, draw up to 2 cards from your deck.",,SUPER RARE,
BS10-095@1,BS10,095@1,Lime Cookie,BOOSTER PACK [Paradise of Passion & Sloth / Catacombs of Silence],COOKIE,BLUE,BLUE,1,2,,SSR,Sour Toss,"【On Play】 Draw up to 1 card from your deck. Then, if there are 6 cards or less in your hand, draw up to 1 additional card.",<{B}{B}> Midsummer Spike deals 2,,0,0,0,BS10-095,1,"【On Play】 Draw up to 1 card from your deck. Then, if there are 6 cards or less in your hand, draw up to 1 additional card.
<{B}{B}> Midsummer Spike deals 2",,SECRET SUPER RARE,
BS10-095,BS10,095,Lime Cookie,BOOSTER PACK [Paradise of Passion & Sloth / Catacombs of Silence],COOKIE,BLUE,BLUE,1,2,,SR,Sour Toss,"【On Play】 Draw up to 1 card from your deck. Then, if there are 6 cards or less in your hand, draw up to 1 additional card.",<{B}{B}> Midsummer Spike deals 2,,0,0,0,BS10-095,0,"【On Play】 Draw up to 1 card from your deck. Then, if there are 6 cards or less in your hand, draw up to 1 additional card.
<{B}{B}> Midsummer Spike deals 2",,SUPER RARE,
BS10-094@1,BS10,094@1,Custard Cookie III,BOOSTER PACK [Paradise of Passion & Sloth / Catacombs of Silence],COOKIE,BLUE,BLUE,1,3,,SEC,Your King is here!,【On Play】 <{B}> <Place 1 other {B} LV.1 Cookie from your battle area on the bottom of your deck.> Draw up to 1 card from your deck.,<{B}{B}> Future King's Majesty deals 1,,0,0,0,BS10-094,1,"【On Play】 <{B}> <Place 1 other {B} LV.1 Cookie from your battle area on the bottom of your deck.> Draw up to 1 card from your deck.
<{B}{B}> Future King's Majesty deals 1",,SECRET RARE,
BS10-094,BS10,094,Custard Cookie III,BOOSTER PACK [Paradise of Passion & Sloth / Catacombs of Silence],COOKIE,BLUE,BLUE,1,3,,R,Your King is here!,【On Play】 <{B}> <Place 1 other {B} LV.1 Cookie from your battle area on the bottom of your deck.> Draw up to 1 card from your deck.,<{B}{B}> Future King's Majesty deals 1,,0,0,0,BS10-094,0,"【On Play】 <{B}> <Place 1 other {B} LV.1 Cookie from your battle area on the bottom of your deck.> Draw up to 1 card from your deck.
<{B}{B}> Future King's Majesty deals 1",,RARE,
BS10-093@2,BS10,093@2,Orange Cookie,promotion-card,COOKIE,BLUE,BLUE,1,2,,P,Refreshing Serve,"When this Cookie faints, if there are 7 cards or less in your hand, draw up to 2 cards from your deck.",<{B}{B}> Juicy Smash deals 2,,0,0,0,BS10-093,1,"When this Cookie faints, if there are 7 cards or less in your hand, draw up to 2 cards from your deck.
<{B}{B}> Juicy Smash deals 2",,PROMOTION,
BS10-093@1,BS10,093@1,Orange Cookie,BOOSTER PACK [Paradise of Passion & Sloth / Catacombs of Silence],COOKIE,BLUE,BLUE,1,2,,SEC,Refreshing Serve,"When this Cookie faints, if there are 7 cards or less in your hand, draw up to 2 cards from your deck.",<{B}{B}> Juicy Smash deals 2,,0,0,0,BS10-093,1,"When this Cookie faints, if there are 7 cards or less in your hand, draw up to 2 cards from your deck.
<{B}{B}> Juicy Smash deals 2",,SECRET RARE,
BS10-093,BS10,093,Orange Cookie,BOOSTER PACK [Paradise of Passion & Sloth / Catacombs of Silence],COOKIE,BLUE,BLUE,1,2,,R,Refreshing Serve,"When this Cookie faints, if there are 7 cards or less in your hand, draw up to 2 cards from your deck.",<{B}{B}> Juicy Smash deals 2,,0,0,0,BS10-093,0,"When this Cookie faints, if there are 7 cards or less in your hand, draw up to 2 cards from your deck.
<{B}{B}> Juicy Smash deals 2",,RARE,
BS10-092,BS10,092,Kulfi Red Bean Delight,BOOSTER PACK [Paradise of Passion & Sloth / Catacombs of Silence],ITEM,BLUE,BLUE,,,,U,,"<{B}{B}> Draw up to 1 card from your deck. Then, select up to 1 of your {B} Cookies. That Cookie gains +1 HP.",,,0,0,0,BS10-092,0,"<{B}{B}> Draw up to 1 card from your deck. Then, select up to 1 of your {B} Cookies. That Cookie gains +1 HP.",,UNCOMMON,
BS10-091,BS10,091,HMS Custard III,BOOSTER PACK [Paradise of Passion & Sloth / Catacombs of Silence],ITEM,BLUE,BLUE,,,,U,,<{B}{B}{B}> <Place 1 Cookie that is LV.2 or lower from your battle area on the bottom of your deck.> Draw up to 2 cards from your deck.,,,0,0,0,BS10-091,0,<{B}{B}{B}> <Place 1 Cookie that is LV.2 or lower from your battle area on the bottom of your deck.> Draw up to 2 cards from your deck.,,UNCOMMON,
BS10-090,BS10,090,Clashing Leaders,BOOSTER PACK [Paradise of Passion & Sloth / Catacombs of Silence],TRAP,BLUE,BLUE,,,,U,,"<{B}> Select up to 1 of your opponent's Cookies. During this turn, that Cookie deals -1 attack damage. Then, if there are 2 cards or less in your hand, draw up to 1 card from your deck.",,,0,0,0,BS10-090,0,"<{B}> Select up to 1 of your opponent's Cookies. During this turn, that Cookie deals -1 attack damage. Then, if there are 2 cards or less in your hand, draw up to 1 card from your deck.",,UNCOMMON,
BS10-089,BS10,089,Strange Sea Soda Islands,BOOSTER PACK [Paradise of Passion & Sloth / Catacombs of Silence],STAGE,BLUE,BLUE,,,,U,,"<{B}> Place in your stage area.

【Activate】 <{B}> <Rest this card.> If there are 6 cards or less in your hand, draw up to 1 card from your deck.",,,0,0,0,BS10-089,0,"<{B}> Place in your stage area.

【Activate】 <{B}> <Rest this card.> If there are 6 cards or less in your hand, draw up to 1 card from your deck.",,UNCOMMON,
BS10-088,BS10,088,Butterfly Lantern,BOOSTER PACK [Paradise of Passion & Sloth / Catacombs of Silence],ITEM,BLUE,BLUE,,,,U,,"<{B}> View 1 card from the top of your deck and place it on the top or bottom of your deck. Then, draw up to 1 card from your deck.",,,0,0,0,BS10-088,0,"<{B}> View 1 card from the top of your deck and place it on the top or bottom of your deck. Then, draw up to 1 card from your deck.",,UNCOMMON,
BS10-087,BS10,087,Something Horrifying,BOOSTER PACK [Paradise of Passion & Sloth / Catacombs of Silence],TRAP,BLUE,BLUE,,,,U,,"<{B}{B}{B}> Select up to 1 of your opponent's Cookies. During this turn, that Cookie deals -2 attack damage. Then, if there are 7 cards or more in your hand, the selected Cookie receives 1 damage.",,,0,0,0,BS10-087,0,"<{B}{B}{B}> Select up to 1 of your opponent's Cookies. During this turn, that Cookie deals -2 attack damage. Then, if there are 7 cards or more in your hand, the selected Cookie receives 1 damage.",,UNCOMMON,
BS10-086,BS10,086,Sudden Weather Change,BOOSTER PACK [Paradise of Passion & Sloth / Catacombs of Silence],TRAP,BLUE,BLUE,,,,U,,"<{B}> Select up to 1 of your opponent's Cookies. During this turn, that Cookie deals -1 attack damage. Then, if there are 7 cards or more in your hand, the selected Cookie deals an additional -1 attack damage.",,,0,0,0,BS10-086,0,"<{B}> Select up to 1 of your opponent's Cookies. During this turn, that Cookie deals -1 attack damage. Then, if there are 7 cards or more in your hand, the selected Cookie deals an additional -1 attack damage.",,UNCOMMON,
BS10-085,BS10,085,Chili Pepper Cookie,BOOSTER PACK [Paradise of Passion & Sloth / Catacombs of Silence],COOKIE,BLUE,BLUE,2,3,,U,Spicy Strikes,【On Play】 <Discard 2 cards.> Select up to 1 of your opponent's Cookies. That Cookie receives 1 damage.,<{B}{B}> Chili Slash deals 2,,0,0,0,BS10-085,0,"【On Play】 <Discard 2 cards.> Select up to 1 of your opponent's Cookies. That Cookie receives 1 damage.
<{B}{B}> Chili Slash deals 2",,UNCOMMON,
BS10-084,BS10,084,Plum Cookie,BOOSTER PACK [Paradise of Passion & Sloth / Catacombs of Silence],COOKIE,BLUE,BLUE,2,4,,U,Rest is Important!,【On Play】 Return up to 1 LV.1 Cookie from your battle area to your hand.,<{B}{B}{B}> Underwater Plum Fist deals 3,,0,0,0,BS10-084,0,"【On Play】 Return up to 1 LV.1 Cookie from your battle area to your hand.
<{B}{B}{B}> Underwater Plum Fist deals 3",,UNCOMMON,
BS10-083,BS10,083,Pirate Cookie,BOOSTER PACK [Paradise of Passion & Sloth / Catacombs of Silence],COOKIE,BLUE,BLUE,2,5,,C,,,<{N}{N}{N}> Pirate Bomb deals 2,,0,0,0,BS10-083,0,<{N}{N}{N}> Pirate Bomb deals 2,,COMMON,
BS10-082,BS10,082,Captain Caviar Cookie,BOOSTER PACK [Paradise of Passion & Sloth / Catacombs of Silence],COOKIE,BLUE,BLUE MIX,3,3,,C,,,<{N}{N}> Coast Guard's Dignity deals 3,,0,0,0,BS10-082,0,<{N}{N}> Coast Guard's Dignity deals 3,,COMMON,
BS10-081,BS10,081,Cappuccino Cookie,BOOSTER PACK [Paradise of Passion & Sloth / Catacombs of Silence],COOKIE,BLUE,BLUE MIX,3,5,,C,I'm On Vacation,"If there are 7 cards or more in your hand, this Cookie gains +1 attack damage.",<{B}{B}{N}> Tropical Surfing deals 3,,0,0,0,BS10-081,0,"If there are 7 cards or more in your hand, this Cookie gains +1 attack damage.
<{B}{B}{N}> Tropical Surfing deals 3",,COMMON,
BS10-080,BS10,080,Squid Ink Cookie,BOOSTER PACK [Paradise of Passion & Sloth / Catacombs of Silence],COOKIE,BLUE,BLUE MIX,1,3,,C,,,<{N}{N}> Pirate Ship Collision deals 1,,0,0,0,BS10-080,0,<{N}{N}> Pirate Ship Collision deals 1,,COMMON,
BS10-079,BS10,079,Eggnog Cookie,BOOSTER PACK [Paradise of Passion & Sloth / Catacombs of Silence],COOKIE,BLUE,BLUE,2,3,,C,Winter Holidays,"When this Cookie faints, draw up to 3 cards from your deck.",<{B}{B}> Summer Holiday Party deals 2,,0,0,0,BS10-079,0,"When this Cookie faints, draw up to 3 cards from your deck.
<{B}{B}> Summer Holiday Party deals 2",,COMMON,
BS10-078,BS10,078,Soda Cookie,BOOSTER PACK [Paradise of Passion & Sloth / Catacombs of Silence],FLIP,BLUE,BLUE,1,1,,C,,,<{B}{B}> Happy Surfing deals 2,Draw up to 1 card from your deck.,0,0,0,BS10-078,0,"<{B}{B}> Happy Surfing deals 2
Draw up to 1 card from your deck.",,COMMON,
BS10-077,BS10,077,Sorbet Shark Cookie,BOOSTER PACK [Paradise of Passion & Sloth / Catacombs of Silence],FLIP,BLUE,BLUE,2,3,,C,,,<{B}{B}{B}> oOoo! deals 3,<Discard 1 card.> The Cookie with this card attached for HP gains +1 HP.,0,0,0,BS10-077,0,"<{B}{B}{B}> oOoo! deals 3
<Discard 1 card.> The Cookie with this card attached for HP gains +1 HP.",,COMMON,
BS10-076,BS10,076,Gumball Cookie,BOOSTER PACK [Paradise of Passion & Sloth / Catacombs of Silence],COOKIE,BLUE,BLUE,2,3,,C,Ready for Water Fun!,"【Activate】 【Once Per Turn】 <{B}> If there are 7 cards or more in your hand, this Cookie gains +1 HP.",<{B}{B}> Giant Water Cannon deals 2,,0,0,0,BS10-076,0,"【Activate】 【Once Per Turn】 <{B}> If there are 7 cards or more in your hand, this Cookie gains +1 HP.
<{B}{B}> Giant Water Cannon deals 2",,COMMON,
BS10-075,BS10,075,Peppermint Cookie,BOOSTER PACK [Paradise of Passion & Sloth / Catacombs of Silence],COOKIE,BLUE,BLUE,1,3,,C,,,"<{B}{B}> Refreshing Waves deals 1 Then, if there are 7 cards or more in your hand, select up to 1 of your opponent's Cookies. That Cookie receives 1 damage.",,0,0,0,BS10-075,0,"<{B}{B}> Refreshing Waves deals 1 Then, if there are 7 cards or more in your hand, select up to 1 of your opponent's Cookies. That Cookie receives 1 damage.",,COMMON,
BS10-074,BS10,074,Candy Diver Cookie,BOOSTER PACK [Paradise of Passion & Sloth / Catacombs of Silence],COOKIE,BLUE,BLUE,1,2,,C,Deep-sea Diver,"【Activate】 【Once Per Turn】 <{B}> <Place this Cookie on the bottom of your deck.> If there are 7 cards or less in your hand, draw up to 1 card from your deck.",<{B}{B}> ●○●!! deals 1,,0,0,0,BS10-074,0,"【Activate】 【Once Per Turn】 <{B}> <Place this Cookie on the bottom of your deck.> If there are 7 cards or less in your hand, draw up to 1 card from your deck.
<{B}{B}> ●○●!! deals 1",,COMMON,
BS10-073@2,BS10,073@2,White Lily Cookie,BOOSTER PACK [Paradise of Passion & Sloth / Catacombs of Silence],EXRTA,GREEN,GREEN,3,+1,ANCIENT,EXR,Blooming Lilies,"【On Play】 <{G}> If there are 6 cards or more in your opponent's support area, place up to 1 card from the top of your deck in your support area as rested.",<{G}{G}{G}> Steps to Freedom deals 3,,0,0,1,BS10-073,1,"【On Play】 <{G}> If there are 6 cards or more in your opponent's support area, place up to 1 card from the top of your deck in your support area as rested.
<{G}{G}{G}> Steps to Freedom deals 3",,EXTRA RARE,
BS10-073@1,BS10,073@1,White Lily Cookie,BOOSTER PACK [Paradise of Passion & Sloth / Catacombs of Silence],EXRTA,GREEN,GREEN,3,+1,ANCIENT,SUR,Blooming Lilies,"【On Play】 <{G}> If there are 6 cards or more in your opponent's support area, place up to 1 card from the top of your deck in your support area as rested.",<{G}{G}{G}> Steps to Freedom deals 3,,0,0,1,BS10-073,1,"【On Play】 <{G}> If there are 6 cards or more in your opponent's support area, place up to 1 card from the top of your deck in your support area as rested.
<{G}{G}{G}> Steps to Freedom deals 3",,SECRET ULTRA RARE,
BS10-073,BS10,073,White Lily Cookie,BOOSTER PACK [Paradise of Passion & Sloth / Catacombs of Silence],EXRTA,GREEN,GREEN,3,+1,ANCIENT,UR,Blooming Lilies,"【On Play】 <{G}> If there are 6 cards or more in your opponent's support area, place up to 1 card from the top of your deck in your support area as rested.",<{G}{G}{G}> Steps to Freedom deals 3,,0,0,1,BS10-073,0,"【On Play】 <{G}> If there are 6 cards or more in your opponent's support area, place up to 1 card from the top of your deck in your support area as rested.
<{G}{G}{G}> Steps to Freedom deals 3",,ULTRA RARE,
BS10-072@1,BS10,072@1,Elder Faerie Cookie,BOOSTER PACK [Paradise of Passion & Sloth / Catacombs of Silence],COOKIE,GREEN,GREEN,2,5,,SSR,Guardian's Fate,"【Activate】 【Once Per Turn】 If there are 6 cards or more in your opponent's support area, rest 1 card in your opponent's support area.","<{G}{G}{G}> Elder Faerie's Resolve deals 2 Then, if all cards in your opponent's support area are rested, deals 1 damage.",,0,0,0,BS10-072,1,"【Activate】 【Once Per Turn】 If there are 6 cards or more in your opponent's support area, rest 1 card in your opponent's support area.
<{G}{G}{G}> Elder Faerie's Resolve deals 2 Then, if all cards in your opponent's support area are rested, deals 1 damage.",,SECRET SUPER RARE,
BS10-072,BS10,072,Elder Faerie Cookie,BOOSTER PACK [Paradise of Passion & Sloth / Catacombs of Silence],COOKIE,GREEN,GREEN,2,5,,SR,Guardian's Fate,"【Activate】 【Once Per Turn】 If there are 6 cards or more in your opponent's support area, rest 1 card in your opponent's support area.","<{G}{G}{G}> Elder Faerie's Resolve deals 2 Then, if all cards in your opponent's support area are rested, deals 1 damage.",,0,0,0,BS10-072,0,"【Activate】 【Once Per Turn】 If there are 6 cards or more in your opponent's support area, rest 1 card in your opponent's support area.
<{G}{G}{G}> Elder Faerie's Resolve deals 2 Then, if all cards in your opponent's support area are rested, deals 1 damage.",,SUPER RARE,
BS10-071@1,BS10,071@1,Mercurial Knight Cookie,BOOSTER PACK [Paradise of Passion & Sloth / Catacombs of Silence],COOKIE,GREEN,GREEN,1,3,,SSR,Silver Tree Knight Commander,【Activate】 <{G}{G}> <Return 1 {G} Cookie from your support area to your hand.> Place this Cookie in your support area as rested.,"<{G}{G}> Mercurial Power deals 1 Then, <{G}{G}> If your support area contains 5 cards or less, place up to 1 card from the top of your deck in your support area as rested.",,0,0,0,BS10-071,1,"【Activate】 <{G}{G}> <Return 1 {G} Cookie from your support area to your hand.> Place this Cookie in your support area as rested.
<{G}{G}> Mercurial Power deals 1 Then, <{G}{G}> If your support area contains 5 cards or less, place up to 1 card from the top of your deck in your support area as rested.",,SECRET SUPER RARE,
BS10-071,BS10,071,Mercurial Knight Cookie,BOOSTER PACK [Paradise of Passion & Sloth / Catacombs of Silence],COOKIE,GREEN,GREEN,1,3,,SR,Silver Tree Knight Commander,【Activate】 <{G}{G}> <Return 1 {G} Cookie from your support area to your hand.> Place this Cookie in your support area as rested.,"<{G}{G}> Mercurial Power deals 1 Then, <{G}{G}> If your support area contains 5 cards or less, place up to 1 card from the top of your deck in your support area as rested.",,0,0,0,BS10-071,0,"【Activate】 <{G}{G}> <Return 1 {G} Cookie from your support area to your hand.> Place this Cookie in your support area as rested.
<{G}{G}> Mercurial Power deals 1 Then, <{G}{G}> If your support area contains 5 cards or less, place up to 1 card from the top of your deck in your support area as rested.",,SUPER RARE,
BS10-070@1,BS10,070@1,Silverbell Cookie,BOOSTER PACK [Paradise of Passion & Sloth / Catacombs of Silence],COOKIE,GREEN,GREEN,1,3,,SEC,Pure Faerie Knight,"If there are 4 cards or less in your support area, this Cookie cannot be moved from the battle area by your opponent's effects.",<{G}{G}> Silver Arrow deals 1,,0,0,0,BS10-070,1,"If there are 4 cards or less in your support area, this Cookie cannot be moved from the battle area by your opponent's effects.
<{G}{G}> Silver Arrow deals 1",,SECRET RARE,
BS10-070,BS10,070,Silverbell Cookie,BOOSTER PACK [Paradise of Passion & Sloth / Catacombs of Silence],COOKIE,GREEN,GREEN,1,3,,R,Pure Faerie Knight,"If there are 4 cards or less in your support area, this Cookie cannot be moved from the battle area by your opponent's effects.",<{G}{G}> Silver Arrow deals 1,,0,0,0,BS10-070,0,"If there are 4 cards or less in your support area, this Cookie cannot be moved from the battle area by your opponent's effects.
<{G}{G}> Silver Arrow deals 1",,RARE,
BS10-069@1,BS10,069@1,White Lily Cookie,BOOSTER PACK [Paradise of Passion & Sloth / Catacombs of Silence],COOKIE,GREEN,GREEN,2,4,,SEC,Blooming Lilies,"【On Play】 <{G}> If there are 6 cards or more in your opponent's support area, place up to 1 card from the top of your deck in your support area as rested.",<{G}{G}{G}> Steps to Freedom deals 3,,0,0,0,BS10-069,1,"【On Play】 <{G}> If there are 6 cards or more in your opponent's support area, place up to 1 card from the top of your deck in your support area as rested.
<{G}{G}{G}> Steps to Freedom deals 3",,SECRET RARE,
BS10-069,BS10,069,White Lily Cookie,BOOSTER PACK [Paradise of Passion & Sloth / Catacombs of Silence],COOKIE,GREEN,GREEN,2,4,,R,Blooming Lilies,"【On Play】 <{G}> If there are 6 cards or more in your opponent's support area, place up to 1 card from the top of your deck in your support area as rested.",<{G}{G}{G}> Steps to Freedom deals 3,,0,0,0,BS10-069,0,"【On Play】 <{G}> If there are 6 cards or more in your opponent's support area, place up to 1 card from the top of your deck in your support area as rested.
<{G}{G}{G}> Steps to Freedom deals 3",,RARE,
BS10-068,BS10,068,A Single Lily,BOOSTER PACK [Paradise of Passion & Sloth / Catacombs of Silence],ITEM,GREEN,GREEN,,,,U,,<{G}{G}> <Place 1 [White Lily Cookie] from your hand or your trash in your support area as rested.> Draw up to 1 card from your deck.,,,0,0,0,BS10-068,0,<{G}{G}> <Place 1 [White Lily Cookie] from your hand or your trash in your support area as rested.> Draw up to 1 card from your deck.,,UNCOMMON,
BS10-067,BS10,067,Mossy Silver Bridge,BOOSTER PACK [Paradise of Passion & Sloth / Catacombs of Silence],STAGE,GREEN,GREEN,,,,U,,"<{G}> Place in your stage area.

When your turn ends, if there are 7 rested cards or more in your support area, set up to 1 card in your support area as active.",,,0,0,0,BS10-067,0,"<{G}> Place in your stage area.

When your turn ends, if there are 7 rested cards or more in your support area, set up to 1 card in your support area as active.",,UNCOMMON,
BS10-066,BS10,066,Silverbell Stump,BOOSTER PACK [Paradise of Passion & Sloth / Catacombs of Silence],ITEM,GREEN,GREEN,,,,U,,"<{G}{G}> If there are 7 cards or more in your support area, draw up to 3 cards from your deck and discard 1 card.",,,0,0,0,BS10-066,0,"<{G}{G}> If there are 7 cards or more in your support area, draw up to 3 cards from your deck and discard 1 card.",,UNCOMMON,
BS10-065,BS10,065,Faerie Glass Coffin,BOOSTER PACK [Paradise of Passion & Sloth / Catacombs of Silence],ITEM,GREEN,GREEN,,,,U,,<{G}{G}> <Return 1 card from your support area to your hand.> Place up to 1 {G} card from your hand in your support area as active.,,,0,0,0,BS10-065,0,<{G}{G}> <Return 1 card from your support area to your hand.> Place up to 1 {G} card from your hand in your support area as active.,,UNCOMMON,
BS10-064,BS10,064,Burning Dough,BOOSTER PACK [Paradise of Passion & Sloth / Catacombs of Silence],TRAP,GREEN,GREEN,,,,U,,"<{G}{G}{G}> If there are 7 cards or more in your support area, select up to 1 of your opponent's Cookies with 3 or more HP remaining. That Cookie receives 2 damage.",,,0,0,0,BS10-064,0,"<{G}{G}{G}> If there are 7 cards or more in your support area, select up to 1 of your opponent's Cookies with 3 or more HP remaining. That Cookie receives 2 damage.",,UNCOMMON,
BS10-063,BS10,063,Collapsing Floor,BOOSTER PACK [Paradise of Passion & Sloth / Catacombs of Silence],TRAP,GREEN,GREEN,,,,U,,"<{G}> If there are 7 cards or more in your opponent's support area, place 1 card from each player's support area into their trash.",,,0,0,0,BS10-063,0,"<{G}> If there are 7 cards or more in your opponent's support area, place 1 card from each player's support area into their trash.",,UNCOMMON,
BS10-062,BS10,062,Freedom Blooms Again,BOOSTER PACK [Paradise of Passion & Sloth / Catacombs of Silence],TRAP,GREEN,GREEN,,,,U,,<{G}{G}> Select up to 1 of your Cookies. Add up to 1 {G} card from your support area to the top of that Cookie's HP.,,,0,0,0,BS10-062,0,<{G}{G}> Select up to 1 of your Cookies. Add up to 1 {G} card from your support area to the top of that Cookie's HP.,,UNCOMMON,
BS10-061,BS10,061,Carameleon Cookie,BOOSTER PACK [Paradise of Passion & Sloth / Catacombs of Silence],COOKIE,GREEN,GREEN,2,3,,U,Danger Detection,"【Activate】 【Once Per Turn】 If there is 1 less card in your support area than your opponent's support area, place up to 1 card from your hand in your support area as rested.",<{G}{G}> Full Camouflage deals 2,,0,0,0,BS10-061,0,"【Activate】 【Once Per Turn】 If there is 1 less card in your support area than your opponent's support area, place up to 1 card from your hand in your support area as rested.
<{G}{G}> Full Camouflage deals 2",,UNCOMMON,
BS10-060,BS10,060,Silver Tree Knight Cookie,BOOSTER PACK [Paradise of Passion & Sloth / Catacombs of Silence],COOKIE,GREEN,GREEN,1,2,,U,Silver Knight's Determination,"【Activate】 【Once Per Turn】 <{G}> If there are 5 cards or more in your support area, during this turn, this Cookie gains +1 attack damage.",<{G}{G}> Silver Spear Thrust deals 2,,0,0,0,BS10-060,0,"【Activate】 【Once Per Turn】 <{G}> If there are 5 cards or more in your support area, during this turn, this Cookie gains +1 attack damage.
<{G}{G}> Silver Spear Thrust deals 2",,UNCOMMON,
BS10-059,BS10,059,Yeast Spores,BOOSTER PACK [Paradise of Passion & Sloth / Catacombs of Silence],COOKIE,GREEN,GREEN,1,3,,C,Source of Dessert Life,【Activate】 <{G}> <Place 1 card from your support area into your trash.> Place this Cookie in your support area as rested.,<{G}{G}> Small Movements deals 1,,0,0,0,BS10-059,0,"【Activate】 <{G}> <Place 1 card from your support area into your trash.> Place this Cookie in your support area as rested.
<{G}{G}> Small Movements deals 1",,COMMON,
BS10-058,BS10,058,Clover Cookie,BOOSTER PACK [Paradise of Passion & Sloth / Catacombs of Silence],COOKIE,GREEN,GREEN,1,2,,C,Sweet Lute Tunes,【On Play】 <Return 1 card from your support area to your hand.> Place up to 1 {G} card from your hand in your support area as rested.,<{G}{G}> Song of Fortune deals 2,,0,0,0,BS10-058,0,"【On Play】 <Return 1 card from your support area to your hand.> Place up to 1 {G} card from your hand in your support area as rested.
<{G}{G}> Song of Fortune deals 2",,COMMON,
BS10-057,BS10,057,Churro Cookie,BOOSTER PACK [Paradise of Passion & Sloth / Catacombs of Silence],COOKIE,GREEN,GREEN MIX,3,3,,C,,,<{N}{N}> Churro Strike deals 3,,0,0,0,BS10-057,0,<{N}{N}> Churro Strike deals 3,,COMMON,
BS10-056,BS10,056,Lilybell Cookie,BOOSTER PACK [Paradise of Passion & Sloth / Catacombs of Silence],FLIP,GREEN,GREEN,1,1,,C,,,<{G}{G}> Lyre of Celebration deals 2,Draw up to 1 card from your deck.,0,0,0,BS10-056,0,"<{G}{G}> Lyre of Celebration deals 2
Draw up to 1 card from your deck.",,COMMON,
BS10-055,BS10,055,Espresso Cookie,BOOSTER PACK [Paradise of Passion & Sloth / Catacombs of Silence],COOKIE,GREEN,GREEN MIX,1,3,,C,,,<{N}{N}> Perfect Coffee Magic deals 1,,0,0,0,BS10-055,0,<{N}{N}> Perfect Coffee Magic deals 1,,COMMON,
BS10-054,BS10,054,Avocado Cookie,BOOSTER PACK [Paradise of Passion & Sloth / Catacombs of Silence],COOKIE,GREEN,GREEN,1,2,,C,Super Success,"If there are 7 cards or more in your support area, this Cookie gains +1 attack damage.",<{G}> Avocado Hammer deals 1,,0,0,0,BS10-054,0,"If there are 7 cards or more in your support area, this Cookie gains +1 attack damage.
<{G}> Avocado Hammer deals 1",,COMMON,
BS10-053,BS10,053,Shine Muscat Cookie,BOOSTER PACK [Paradise of Passion & Sloth / Catacombs of Silence],FLIP,GREEN,GREEN,2,3,,C,,,<{G}{G}{G}> Skilled Harvesting deals 3,<Discard 1 card.> The Cookie with this card attached for HP gains +1 HP.,0,0,0,BS10-053,0,"<{G}{G}{G}> Skilled Harvesting deals 3
<Discard 1 card.> The Cookie with this card attached for HP gains +1 HP.",,COMMON,
BS10-052@1,BS10,052@1,Beet Cookie,promotion-card,COOKIE,GREEN,GREEN,3,5,,P,,,"<{G}{G}{G}> Farm Watcher's Arrow deals 2
Then, if there are 7 cards or more in your opponent's support area, place 1 card from each player's support area into their trash.",,0,0,0,BS10-052,1,"<{G}{G}{G}> Farm Watcher's Arrow deals 2
Then, if there are 7 cards or more in your opponent's support area, place 1 card from each player's support area into their trash.",,PROMOTION,
BS10-052,BS10,052,Beet Cookie,BOOSTER PACK [Paradise of Passion & Sloth / Catacombs of Silence],COOKIE,GREEN,GREEN,3,5,,C,,,"<{G}{G}{G}> Farm Watcher's Arrow deals 2 Then, if there are 7 cards or more in your opponent's support area, place 1 card from each player's support area into their trash.",,0,0,0,BS10-052,0,"<{G}{G}{G}> Farm Watcher's Arrow deals 2 Then, if there are 7 cards or more in your opponent's support area, place 1 card from each player's support area into their trash.",,COMMON,
BS10-051,BS10,051,Nougat Cookie,BOOSTER PACK [Paradise of Passion & Sloth / Catacombs of Silence],COOKIE,GREEN,GREEN MIX,2,5,,C,,,<{N}{N}{N}> Hammer Knocks deals 2,,0,0,0,BS10-051,0,<{N}{N}{N}> Hammer Knocks deals 2,,COMMON,
BS10-050,BS10,050,Gim Cookie,BOOSTER PACK [Paradise of Passion & Sloth / Catacombs of Silence],COOKIE,GREEN,GREEN,2,5,,C,Crispy Gim Talisman,"【Activate】 【Once Per Turn】 If there are 7 cards or more in your support area, set up to 1 card in your support area as active.",<{G}{G}{G}> Goblin Seal deals 2,,0,0,0,BS10-050,0,"【Activate】 【Once Per Turn】 If there are 7 cards or more in your support area, set up to 1 card in your support area as active.
<{G}{G}{G}> Goblin Seal deals 2",,COMMON,
BS10-049@4,BS10,049@4,Eternal Sugar Cookie,2026 Summer Champion Cup,COOKIE,YELLOW,YELLOW,3,5,BEAST,P,Master of the Garden,"If your break area is LV.5 or higher and there is no other [Eternal Sugar Cookie] in your battle area, the attack cost of your opponent's Cookies is increased by 1 {N}.","<{Y}{Y}{Y}> Sweet Retribution deals 3
Then, <discard 1 card.> Select up to 1 of your Cookies with 5 or less HP remaining. That Cookie gains +1 HP.",,0,0,0,BS10-049,1,"If your break area is LV.5 or higher and there is no other [Eternal Sugar Cookie] in your battle area, the attack cost of your opponent's Cookies is increased by 1 {N}.
<{Y}{Y}{Y}> Sweet Retribution deals 3
Then, <discard 1 card.> Select up to 1 of your Cookies with 5 or less HP remaining. That Cookie gains +1 HP.",,PROMOTION,
BS10-049@3,BS10,049@3,Eternal Sugar Cookie,promotion-card,COOKIE,YELLOW,YELLOW,3,5,BEAST,P,Master of the Garden,"If your break area is LV.5 or higher and there is no other [Eternal Sugar Cookie] in your battle area, the attack cost of your opponent's Cookies is increased by 1 {N}.","<{Y}{Y}{Y}> Sweet Retribution deals 3
Then, <discard 1 card.> Select up to 1 of your Cookies with 5 or less HP remaining. That Cookie gains +1 HP.",,0,0,0,BS10-049,1,"If your break area is LV.5 or higher and there is no other [Eternal Sugar Cookie] in your battle area, the attack cost of your opponent's Cookies is increased by 1 {N}.
<{Y}{Y}{Y}> Sweet Retribution deals 3
Then, <discard 1 card.> Select up to 1 of your Cookies with 5 or less HP remaining. That Cookie gains +1 HP.",,PROMOTION,
BS10-049@2,BS10,049@2,Eternal Sugar Cookie,promotion-card,COOKIE,YELLOW,YELLOW,3,5,BEAST,P,Master of the Garden,"If your break area is LV.5 or higher and there is no other [Eternal Sugar Cookie] in your battle area, the attack cost of your opponent's Cookies is increased by 1 {N}.","<{Y}{Y}{Y}> Sweet Retribution deals 3
Then, <discard 1 card.> Select up to 1 of your Cookies with 5 or less HP remaining. That Cookie gains +1 HP.",,0,0,0,BS10-049,1,"If your break area is LV.5 or higher and there is no other [Eternal Sugar Cookie] in your battle area, the attack cost of your opponent's Cookies is increased by 1 {N}.
<{Y}{Y}{Y}> Sweet Retribution deals 3
Then, <discard 1 card.> Select up to 1 of your Cookies with 5 or less HP remaining. That Cookie gains +1 HP.",,PROMOTION,
BS10-049@1,BS10,049@1,Eternal Sugar Cookie,BOOSTER PACK [Paradise of Passion & Sloth / Catacombs of Silence],COOKIE,YELLOW,YELLOW,3,5,BEAST,SUR,Master of the Garden,"If your break area is LV.5 or higher and there is no other [Eternal Sugar Cookie] in your battle area, the attack cost of your opponent's Cookies is increased by 1 {N}.","<{Y}{Y}{Y}> Sweet Retribution deals 3 Then, <discard 1 card.> Select up to 1 of your Cookies with 5 or less HP remaining. That Cookie gains +1 HP.",,0,0,0,BS10-049,1,"If your break area is LV.5 or higher and there is no other [Eternal Sugar Cookie] in your battle area, the attack cost of your opponent's Cookies is increased by 1 {N}.
<{Y}{Y}{Y}> Sweet Retribution deals 3 Then, <discard 1 card.> Select up to 1 of your Cookies with 5 or less HP remaining. That Cookie gains +1 HP.",,SECRET ULTRA RARE,
BS10-049,BS10,049,Eternal Sugar Cookie,BOOSTER PACK [Paradise of Passion & Sloth / Catacombs of Silence],COOKIE,YELLOW,YELLOW,3,5,BEAST,UR,Master of the Garden,"If your break area is LV.5 or higher and there is no other [Eternal Sugar Cookie] in your battle area, the attack cost of your opponent's Cookies is increased by 1 {N}.","<{Y}{Y}{Y}> Sweet Retribution deals 3 Then, <discard 1 card.> Select up to 1 of your Cookies with 5 or less HP remaining. That Cookie gains +1 HP.",,0,0,0,BS10-049,0,"If your break area is LV.5 or higher and there is no other [Eternal Sugar Cookie] in your battle area, the attack cost of your opponent's Cookies is increased by 1 {N}.
<{Y}{Y}{Y}> Sweet Retribution deals 3 Then, <discard 1 card.> Select up to 1 of your Cookies with 5 or less HP remaining. That Cookie gains +1 HP.",,ULTRA RARE,
BS10-048@1,BS10,048@1,Warden of the Heart,BOOSTER PACK [Paradise of Passion & Sloth / Catacombs of Silence],EXRTA,YELLOW,YELLOW,3,6,,SUR,Enchanting Mist,"【EXTRA】 If your break area is LV.5 or higher and, during this turn, any of your Cookies gained HP, you can play this Cookie. 

【Activate】 【Once Per Turn】 <{Y}> All Cookies receive 1 damage.","<{Y}{Y}{Y}> Voice of Sloth deals 3 Then, until the end of your opponent's turn, all of your Cookies receive -1 damage from effects.",,0,0,1,BS10-048,1,"【EXTRA】 If your break area is LV.5 or higher and, during this turn, any of your Cookies gained HP, you can play this Cookie. 

【Activate】 【Once Per Turn】 <{Y}> All Cookies receive 1 damage.
<{Y}{Y}{Y}> Voice of Sloth deals 3 Then, until the end of your opponent's turn, all of your Cookies receive -1 damage from effects.",,SECRET ULTRA RARE,
BS10-048,BS10,048,Warden of the Heart,BOOSTER PACK [Paradise of Passion & Sloth / Catacombs of Silence],EXRTA,YELLOW,YELLOW,3,6,,UR,Enchanting Mist,"【EXTRA】 If your break area is LV.5 or higher and, during this turn, any of your Cookies gained HP, you can play this Cookie. 

【Activate】 【Once Per Turn】 <{Y}> All Cookies receive 1 damage.","<{Y}{Y}{Y}> Voice of Sloth deals 3 Then, until the end of your opponent's turn, all of your Cookies receive -1 damage from effects.",,0,0,1,BS10-048,0,"【EXTRA】 If your break area is LV.5 or higher and, during this turn, any of your Cookies gained HP, you can play this Cookie. 

【Activate】 【Once Per Turn】 <{Y}> All Cookies receive 1 damage.
<{Y}{Y}{Y}> Voice of Sloth deals 3 Then, until the end of your opponent's turn, all of your Cookies receive -1 damage from effects.",,ULTRA RARE,
BS10-047@1,BS10,047@1,Pavlova Cookie,BOOSTER PACK [Paradise of Passion & Sloth / Catacombs of Silence],COOKIE,YELLOW,YELLOW,1,2,,SSR,,,"<{Y}{Y}> Heart-Piercing Arrow deals 2 Then, <place 1 card from the top of your Cookie's HP into the trash.> Select up to 1 of your Cookies. That Cookie gains +1 HP.",,0,0,0,BS10-047,1,"<{Y}{Y}> Heart-Piercing Arrow deals 2 Then, <place 1 card from the top of your Cookie's HP into the trash.> Select up to 1 of your Cookies. That Cookie gains +1 HP.",,SECRET SUPER RARE,
BS10-047,BS10,047,Pavlova Cookie,BOOSTER PACK [Paradise of Passion & Sloth / Catacombs of Silence],COOKIE,YELLOW,YELLOW,1,2,,SR,,,"<{Y}{Y}> Heart-Piercing Arrow deals 2 Then, <place 1 card from the top of your Cookie's HP into the trash.> Select up to 1 of your Cookies. That Cookie gains +1 HP.",,0,0,0,BS10-047,0,"<{Y}{Y}> Heart-Piercing Arrow deals 2 Then, <place 1 card from the top of your Cookie's HP into the trash.> Select up to 1 of your Cookies. That Cookie gains +1 HP.",,SUPER RARE,
BS10-046@1,BS10,046@1,Sugarfly Cookie,BOOSTER PACK [Paradise of Passion & Sloth / Catacombs of Silence],COOKIE,YELLOW,YELLOW,2,4,,SSR,Sparkling Wings,"【Activate】 【Once Per Turn】 If there are 6 cards or less in your hand, during this turn, any of your Cookies gained HP, draw up to 1 card from your deck.","<{Y}{Y}{Y}> Butterfly's Whisper deals 3 Then, if this Cookie's remaining HP is 3 or less, this Cookie gains +1 HP.",,0,0,0,BS10-046,1,"【Activate】 【Once Per Turn】 If there are 6 cards or less in your hand, during this turn, any of your Cookies gained HP, draw up to 1 card from your deck.
<{Y}{Y}{Y}> Butterfly's Whisper deals 3 Then, if this Cookie's remaining HP is 3 or less, this Cookie gains +1 HP.",,SECRET SUPER RARE,
BS10-046,BS10,046,Sugarfly Cookie,BOOSTER PACK [Paradise of Passion & Sloth / Catacombs of Silence],COOKIE,YELLOW,YELLOW,2,4,,SR,Sparkling Wings,"【Activate】 【Once Per Turn】 If there are 6 cards or less in your hand, during this turn, any of your Cookies gained HP, draw up to 1 card from your deck.","<{Y}{Y}{Y}> Butterfly's Whisper deals 3 Then, if this Cookie's remaining HP is 3 or less, this Cookie gains +1 HP.",,0,0,0,BS10-046,0,"【Activate】 【Once Per Turn】 If there are 6 cards or less in your hand, during this turn, any of your Cookies gained HP, draw up to 1 card from your deck.
<{Y}{Y}{Y}> Butterfly's Whisper deals 3 Then, if this Cookie's remaining HP is 3 or less, this Cookie gains +1 HP.",,SUPER RARE,
BS10-045@1,BS10,045@1,Soul Jam: Light of Sloth,BOOSTER PACK [Paradise of Passion & Sloth / Catacombs of Silence],ITEM,YELLOW,YELLOW,,,,SSR,,"<{Y}> Select up to 1 of your {Y} LV.3 Cookies. That Cookie gains +1 HP. Then, <{Y}> You can 【Equip】 this card to your [Eternal Sugar Cookie]. That Cookie is unaffected by your opponent's trap effects.",,,0,0,0,BS10-045,1,"<{Y}> Select up to 1 of your {Y} LV.3 Cookies. That Cookie gains +1 HP. Then, <{Y}> You can 【Equip】 this card to your [Eternal Sugar Cookie]. That Cookie is unaffected by your opponent's trap effects.",,SUPER RARE,
BS10-045,BS10,045,Soul Jam: Light of Sloth,BOOSTER PACK [Paradise of Passion & Sloth / Catacombs of Silence],ITEM,YELLOW,YELLOW,,,,SR,,"<{Y}> Select up to 1 of your {Y} LV.3 Cookies. That Cookie gains +1 HP. Then, <{Y}> You can 【Equip】 this card to your [Eternal Sugar Cookie]. That Cookie is unaffected by your opponent's trap effects.",,,0,0,0,BS10-045,0,"<{Y}> Select up to 1 of your {Y} LV.3 Cookies. That Cookie gains +1 HP. Then, <{Y}> You can 【Equip】 this card to your [Eternal Sugar Cookie]. That Cookie is unaffected by your opponent's trap effects.",,SUPER RARE,
BS10-044@1,BS10,044@1,Angel Cookie,BOOSTER PACK [Paradise of Passion & Sloth / Catacombs of Silence],COOKIE,YELLOW,YELLOW,1,3,,SEC,Angelic Protection,【Activate】 【Once Per Turn】 <{Y}> <Place 1 card from the top of this Cookie's HP into your trash.> Select up to 1 of your other {Y} Cookies. That Cookie gains +1 HP.,<{Y}{Y}> Archangel's Blessing deals 1,,0,0,0,BS10-044,1,"【Activate】 【Once Per Turn】 <{Y}> <Place 1 card from the top of this Cookie's HP into your trash.> Select up to 1 of your other {Y} Cookies. That Cookie gains +1 HP.
<{Y}{Y}> Archangel's Blessing deals 1",,SECRET RARE,
BS10-044,BS10,044,Angel Cookie,BOOSTER PACK [Paradise of Passion & Sloth / Catacombs of Silence],COOKIE,YELLOW,YELLOW,1,3,,R,Angelic Protection,【Activate】 【Once Per Turn】 <{Y}> <Place 1 card from the top of this Cookie's HP into your trash.> Select up to 1 of your other {Y} Cookies. That Cookie gains +1 HP.,<{Y}{Y}> Archangel's Blessing deals 1,,0,0,0,BS10-044,0,"【Activate】 【Once Per Turn】 <{Y}> <Place 1 card from the top of this Cookie's HP into your trash.> Select up to 1 of your other {Y} Cookies. That Cookie gains +1 HP.
<{Y}{Y}> Archangel's Blessing deals 1",,RARE,
BS10-043@1,BS10,043@1,Cream Ferret Cookie,BOOSTER PACK [Paradise of Passion & Sloth / Catacombs of Silence],COOKIE,YELLOW,YELLOW,2,5,,SEC,Warm Cream,"【Activate】 【Once Per Turn】 During this turn, if HP has been added to your Cookie, during this turn, this Cookie gains +2 attack damage.",<{Y}{Y}> Soft and Cozy Hug deals 1,,0,0,0,BS10-043,1,"【Activate】 【Once Per Turn】 During this turn, if HP has been added to your Cookie, during this turn, this Cookie gains +2 attack damage.
<{Y}{Y}> Soft and Cozy Hug deals 1",,SECRET RARE,
BS10-043,BS10,043,Cream Ferret Cookie,BOOSTER PACK [Paradise of Passion & Sloth / Catacombs of Silence],COOKIE,YELLOW,YELLOW,2,5,,R,Warm Cream,"【Activate】 【Once Per Turn】 During this turn, if HP has been added to your Cookie, during this turn, this Cookie gains +2 attack damage.",<{Y}{Y}> Soft and Cozy Hug deals 1,,0,0,0,BS10-043,0,"【Activate】 【Once Per Turn】 During this turn, if HP has been added to your Cookie, during this turn, this Cookie gains +2 attack damage.
<{Y}{Y}> Soft and Cozy Hug deals 1",,RARE,
BS10-042,BS10,042,Cookie Stuck in Jam,BOOSTER PACK [Paradise of Passion & Sloth / Catacombs of Silence],TRAP,YELLOW,YELLOW,,,,U,,"<{Y}> Select up to 1 of your opponent's Cookies. During this turn, that Cookie deals -1 attack damage. Then, if your break area is LV.5 or higher, draw up to 1 card from your deck.",,,0,0,0,BS10-042,0,"<{Y}> Select up to 1 of your opponent's Cookies. During this turn, that Cookie deals -1 attack damage. Then, if your break area is LV.5 or higher, draw up to 1 card from your deck.",,UNCOMMON,
BS10-041,BS10,041,Mysterious Jewelry Box,BOOSTER PACK [Paradise of Passion & Sloth / Catacombs of Silence],ITEM,YELLOW,YELLOW,,,,U,,"<{Y}> During this turn, if any of your Cookies gained HP, draw up to 2 cards from your deck.",,,0,0,0,BS10-041,0,"<{Y}> During this turn, if any of your Cookies gained HP, draw up to 2 cards from your deck.",,UNCOMMON,
BS10-040,BS10,040,Sugar Paradise,BOOSTER PACK [Paradise of Passion & Sloth / Catacombs of Silence],STAGE,YELLOW,YELLOW,,,,U,,"<{Y}> Place in your stage area.

【Activate】 <Rest this card.> <Place 1 card from the top of one of your {Y} Cookie's HP into your trash.> That Cookie gains +1 HP.",,,0,0,0,BS10-040,0,"<{Y}> Place in your stage area.

【Activate】 <Rest this card.> <Place 1 card from the top of one of your {Y} Cookie's HP into your trash.> That Cookie gains +1 HP.",,UNCOMMON,
BS10-039,BS10,039,Inescapable Sweetness,BOOSTER PACK [Paradise of Passion & Sloth / Catacombs of Silence],TRAP,YELLOW,YELLOW,,,,U,,"<{Y}> If your break area is LV.8 or higher, select up to 1 of your opponent's Cookies. That Cookie receives 1 damage.",,,0,0,0,BS10-039,0,"<{Y}> If your break area is LV.8 or higher, select up to 1 of your opponent's Cookies. That Cookie receives 1 damage.",,UNCOMMON,
BS10-038,BS10,038,Passion Meets Sloth,BOOSTER PACK [Paradise of Passion & Sloth / Catacombs of Silence],TRAP,YELLOW,YELLOW,,,,U,,"<{Y}{Y}> Select up to 1 of your opponent's Cookies. During this turn, that Cookie deals -2 attack damage. Then, if a Cookie has more remaining HP than its original HP, the selected Cookie deals an additional -1 attack damage.",,,0,0,0,BS10-038,0,"<{Y}{Y}> Select up to 1 of your opponent's Cookies. During this turn, that Cookie deals -2 attack damage. Then, if a Cookie has more remaining HP than its original HP, the selected Cookie deals an additional -1 attack damage.",,UNCOMMON,
BS10-037,BS10,037,Sugar Bowl Flower,BOOSTER PACK [Paradise of Passion & Sloth / Catacombs of Silence],ITEM,YELLOW,YELLOW,,,,U,,"<{Y}{Y}{Y}> During this turn, if any of your Cookies gained HP, select up to 1 of your opponent's Cookies. That Cookie receives 2 damage.",,,0,0,0,BS10-037,0,"<{Y}{Y}{Y}> During this turn, if any of your Cookies gained HP, select up to 1 of your opponent's Cookies. That Cookie receives 2 damage.",,UNCOMMON,
BS10-036,BS10,036,Adventurer Cookie,BOOSTER PACK [Paradise of Passion & Sloth / Catacombs of Silence],COOKIE,YELLOW,YELLOW,2,3,,U,,,"<{Y}{Y}> Rope Attack deals 2 Then, select up to 1 LV.1 Cookie in your battle area. That Cookie gains +1 HP.",,0,0,0,BS10-036,0,"<{Y}{Y}> Rope Attack deals 2 Then, select up to 1 LV.1 Cookie in your battle area. That Cookie gains +1 HP.",,UNCOMMON,
BS10-035,BS10,035,Ginseng Cookie,BOOSTER PACK [Paradise of Passion & Sloth / Catacombs of Silence],COOKIE,YELLOW,YELLOW,2,4,,U,Energy Replenishment,"【On Play】 If your break area's LV. is higher than your opponent's break area LV., this Cookie gains +1 HP.",<{Y}{Y}{Y}> Ginseng Jelly Gathering deals 3,,0,0,0,BS10-035,0,"【On Play】 If your break area's LV. is higher than your opponent's break area LV., this Cookie gains +1 HP.
<{Y}{Y}{Y}> Ginseng Jelly Gathering deals 3",,UNCOMMON,
BS10-034,BS10,034,Overjoyed Cookie,BOOSTER PACK [Paradise of Passion & Sloth / Catacombs of Silence],COOKIE,YELLOW,YELLOW,1,3,,C,,,"<{Y}{Y}> Happy Flower Cultivation deals 1 Then, during this turn, if any of your Cookies gained HP, draw up to 1 card from your deck.",,0,0,0,BS10-034,0,"<{Y}{Y}> Happy Flower Cultivation deals 1 Then, during this turn, if any of your Cookies gained HP, draw up to 1 card from your deck.",,COMMON,
BS10-033@1,BS10,033@1,Apple Cookie,promotion-card,FLIP,YELLOW,YELLOW,1,1,,P,,,<{Y}{Y}> Bubble Popping deals 2,Draw up to 1 card from your deck.,0,0,0,BS10-033,1,"<{Y}{Y}> Bubble Popping deals 2
Draw up to 1 card from your deck.",,PROMOTION,
BS10-033,BS10,033,Apple Cookie,BOOSTER PACK [Paradise of Passion & Sloth / Catacombs of Silence],FLIP,YELLOW,YELLOW,1,1,,C,,,<{Y}{Y}> Bubble Popping deals 2,Draw up to 1 card from your deck.,0,0,0,BS10-033,0,"<{Y}{Y}> Bubble Popping deals 2
Draw up to 1 card from your deck.",,COMMON,
BS10-032,BS10,032,Pancake Cookie,BOOSTER PACK [Paradise of Passion & Sloth / Catacombs of Silence],COOKIE,YELLOW,YELLOW MIX,1,3,,C,,,<{N}{N}> Acorn Hunt deals 1,,0,0,0,BS10-032,0,<{N}{N}> Acorn Hunt deals 1,,COMMON,
BS10-031,BS10,031,Cannoli Cookie,BOOSTER PACK [Paradise of Passion & Sloth / Catacombs of Silence],COOKIE,YELLOW,YELLOW MIX,3,3,,C,,,<{N}{N}> Outdoor Survival Tricks deals 3,,0,0,0,BS10-031,0,<{N}{N}> Outdoor Survival Tricks deals 3,,COMMON,
BS10-030,BS10,030,Jelly Cup Cookie,BOOSTER PACK [Paradise of Passion & Sloth / Catacombs of Silence],COOKIE,YELLOW,YELLOW,3,5,,C,Jelly Guide,"【Activate】 【Once Per Turn】 During this turn, if any of your Cookies gained HP, during this turn, this Cookie gains +1 attack damage.",<{Y}{Y}{Y}> Jelly Strike deals 3,,0,0,0,BS10-030,0,"【Activate】 【Once Per Turn】 During this turn, if any of your Cookies gained HP, during this turn, this Cookie gains +1 attack damage.
<{Y}{Y}{Y}> Jelly Strike deals 3",,COMMON,
BS10-029,BS10,029,Milk Cookie,BOOSTER PACK [Paradise of Passion & Sloth / Catacombs of Silence],COOKIE,YELLOW,YELLOW MIX,2,5,,C,,,<{N}{N}{N}> Radiant Milk Mace deals 2,,0,0,0,BS10-029,0,<{N}{N}{N}> Radiant Milk Mace deals 2,,COMMON,
BS10-028,BS10,028,Fairy Cookie,BOOSTER PACK [Paradise of Passion & Sloth / Catacombs of Silence],COOKIE,YELLOW,YELLOW,1,2,,C,Fresh Vitamin Boost,【Activate】 【Once Per Turn】 <Discard 1 card.> This Cookie gains +1 HP.,<{Y}> Orange Magic deals 1,,0,0,0,BS10-028,0,"【Activate】 【Once Per Turn】 <Discard 1 card.> This Cookie gains +1 HP.
<{Y}> Orange Magic deals 1",,COMMON,
BS10-027,BS10,027,Banana Cookie,BOOSTER PACK [Paradise of Passion & Sloth / Catacombs of Silence],COOKIE,YELLOW,YELLOW MIX,1,3,,C,Amazing Circus,【Activate】 【Once Per Turn】 <{Y}{Y}> Select up to 1 of your Cookies. That Cookie gains +1 HP.,<{Y}{N}> Hula Hoop Throw deals 1,,0,0,0,BS10-027,0,"【Activate】 【Once Per Turn】 <{Y}{Y}> Select up to 1 of your Cookies. That Cookie gains +1 HP.
<{Y}{N}> Hula Hoop Throw deals 1",,COMMON,
BS10-026,BS10,026,Mango Cookie,BOOSTER PACK [Paradise of Passion & Sloth / Catacombs of Silence],FLIP,YELLOW,YELLOW,2,3,,C,,,<{Y}{Y}{Y}> Mango Juice Wave deals 3,<Discard 1 card.> The Cookie with this card attached for HP gains +1 HP.,0,0,0,BS10-026,0,"<{Y}{Y}{Y}> Mango Juice Wave deals 3
<Discard 1 card.> The Cookie with this card attached for HP gains +1 HP.",,COMMON,
BS10-025,BS10,025,Carrot Cookie,BOOSTER PACK [Paradise of Passion & Sloth / Catacombs of Silence],COOKIE,YELLOW,YELLOW,2,3,,C,Fruits of Effort,"【On Play】 If there are 3 {Y} Cookies or more in your break area, draw up to 2 cards from your deck.",<{Y}{Y}> Carrot Pitchfork deals 2,,0,0,0,BS10-025,0,"【On Play】 If there are 3 {Y} Cookies or more in your break area, draw up to 2 cards from your deck.
<{Y}{Y}> Carrot Pitchfork deals 2",,COMMON,
BS10-024@2,BS10,024@2,Hollyberry Cookie,BOOSTER PACK [Paradise of Passion & Sloth / Catacombs of Silence],EXRTA,RED,RED,3,+1,ANCIENT,EXR,Passion-forged Bond,"If this Cookie's remaining HP is 3 or less, this Cookie cannot attack.",<{R}{R}{R}> Fearless Charge deals 3,,0,0,1,BS10-024,1,"If this Cookie's remaining HP is 3 or less, this Cookie cannot attack.
<{R}{R}{R}> Fearless Charge deals 3",,EXTRA RARE,
BS10-024@1,BS10,024@1,Hollyberry Cookie,BOOSTER PACK [Paradise of Passion & Sloth / Catacombs of Silence],EXRTA,RED,RED,3,+1,ANCIENT,SUR,Passion-forged Bond,"If this Cookie's remaining HP is 3 or less, this Cookie cannot attack.",<{R}{R}{R}> Fearless Charge deals 3,,0,0,1,BS10-024,1,"If this Cookie's remaining HP is 3 or less, this Cookie cannot attack.
<{R}{R}{R}> Fearless Charge deals 3",,SECRET ULTRA RARE,
BS10-024,BS10,024,Hollyberry Cookie,BOOSTER PACK [Paradise of Passion & Sloth / Catacombs of Silence],EXRTA,RED,RED,3,+1,ANCIENT,UR,Passion-forged Bond,"If this Cookie's remaining HP is 3 or less, this Cookie cannot attack.",<{R}{R}{R}> Fearless Charge deals 3,,0,0,1,BS10-024,0,"If this Cookie's remaining HP is 3 or less, this Cookie cannot attack.
<{R}{R}{R}> Fearless Charge deals 3",,ULTRA RARE,
BS10-023@1,BS10,023@1,Wildberry Cookie,BOOSTER PACK [Paradise of Passion & Sloth / Catacombs of Silence],COOKIE,RED,RED,2,3,,SSR,Wild Gauntlet,【Activate】 【Once Per Turn】 <{R}> Select up to 1 of your opponent's stage cards. Place that card in your opponent's trash.,"<{R}{R}{R}> Guardian Punch deals 4 Then, <discard 1 card.> If your opponent's Cookie faints from this Cookie's attack, this Cookie gains +1 HP.",,0,0,0,BS10-023,1,"【Activate】 【Once Per Turn】 <{R}> Select up to 1 of your opponent's stage cards. Place that card in your opponent's trash.
<{R}{R}{R}> Guardian Punch deals 4 Then, <discard 1 card.> If your opponent's Cookie faints from this Cookie's attack, this Cookie gains +1 HP.",,SECRET SUPER RARE,
BS10-023,BS10,023,Wildberry Cookie,BOOSTER PACK [Paradise of Passion & Sloth / Catacombs of Silence],COOKIE,RED,RED,2,3,,SR,Wild Gauntlet,【Activate】 【Once Per Turn】 <{R}> Select up to 1 of your opponent's stage cards. Place that card in your opponent's trash.,"<{R}{R}{R}> Guardian Punch deals 4 Then, <discard 1 card.> If your opponent's Cookie faints from this Cookie's attack, this Cookie gains +1 HP.",,0,0,0,BS10-023,0,"【Activate】 【Once Per Turn】 <{R}> Select up to 1 of your opponent's stage cards. Place that card in your opponent's trash.
<{R}{R}{R}> Guardian Punch deals 4 Then, <discard 1 card.> If your opponent's Cookie faints from this Cookie's attack, this Cookie gains +1 HP.",,SUPER RARE,
BS10-022@1,BS10,022@1,Raspberry Cookie,BOOSTER PACK [Paradise of Passion & Sloth / Catacombs of Silence],COOKIE,RED,RED,1,2,,SSR,,,"<{R}> Sword of Honor deals 1 Then, <place 1 card from the top of one of your other Cookies' HP into your trash.> Place this Cookie in the trash.",,0,0,0,BS10-022,1,"<{R}> Sword of Honor deals 1 Then, <place 1 card from the top of one of your other Cookies' HP into your trash.> Place this Cookie in the trash.",,SECRET SUPER RARE,
BS10-022,BS10,022,Raspberry Cookie,BOOSTER PACK [Paradise of Passion & Sloth / Catacombs of Silence],COOKIE,RED,RED,1,2,,SR,,,"<{R}> Sword of Honor deals 1 Then, <place 1 card from the top of one of your other Cookies' HP into your trash.> Place this Cookie in the trash.",,0,0,0,BS10-022,0,"<{R}> Sword of Honor deals 1 Then, <place 1 card from the top of one of your other Cookies' HP into your trash.> Place this Cookie in the trash.",,SUPER RARE,
BS10-021@1,BS10,021@1,Hollyberry Cookie,BOOSTER PACK [Paradise of Passion & Sloth / Catacombs of Silence],COOKIE,RED,RED,2,5,,SEC,Passion-forged Bond,"If this Cookie's remaining HP is 3 or less, this Cookie cannot attack.",<{R}{R}{R}> Fearless Charge deals 3,,0,0,0,BS10-021,1,"If this Cookie's remaining HP is 3 or less, this Cookie cannot attack.
<{R}{R}{R}> Fearless Charge deals 3",,SECRET RARE,
BS10-021,BS10,021,Hollyberry Cookie,BOOSTER PACK [Paradise of Passion & Sloth / Catacombs of Silence],COOKIE,RED,RED,2,5,,R,Passion-forged Bond,"If this Cookie's remaining HP is 3 or less, this Cookie cannot attack.",<{R}{R}{R}> Fearless Charge deals 3,,0,0,0,BS10-021,0,"If this Cookie's remaining HP is 3 or less, this Cookie cannot attack.
<{R}{R}{R}> Fearless Charge deals 3",,RARE,
BS10-020@1,BS10,020@1,Tiger Lily Cookie,BOOSTER PACK [Paradise of Passion & Sloth / Catacombs of Silence],COOKIE,RED,RED,1,2,,SEC,,,"<{R}{R}> Powerful Spear Throw deals 2 Then, if your opponent's Cookie faints from this Cookie's attack, draw 1 card from your deck and discard 1 card.",,0,0,0,BS10-020,1,"<{R}{R}> Powerful Spear Throw deals 2 Then, if your opponent's Cookie faints from this Cookie's attack, draw 1 card from your deck and discard 1 card.",,SECRET RARE,
BS10-020,BS10,020,Tiger Lily Cookie,BOOSTER PACK [Paradise of Passion & Sloth / Catacombs of Silence],COOKIE,RED,RED,1,2,,R,,,"<{R}{R}> Powerful Spear Throw deals 2 Then, if your opponent's Cookie faints from this Cookie's attack, draw 1 card from your deck and discard 1 card.",,0,0,0,BS10-020,0,"<{R}{R}> Powerful Spear Throw deals 2 Then, if your opponent's Cookie faints from this Cookie's attack, draw 1 card from your deck and discard 1 card.",,RARE,
BS10-019,BS10,019,Vibrant Hollyberry Palace,BOOSTER PACK [Paradise of Passion & Sloth / Catacombs of Silence],STAGE,RED,RED,,,,U,,"<{R}> Place in your stage area.

【Activate】 <{R}> <Rest this card.> <Discard 1 card.> Select up to 1 of your [Hollyberry Cookie]. During this turn, that Cookie gains +1 attack damage.",,,0,0,0,BS10-019,0,"<{R}> Place in your stage area.

【Activate】 <{R}> <Rest this card.> <Discard 1 card.> Select up to 1 of your [Hollyberry Cookie]. During this turn, that Cookie gains +1 attack damage.",,UNCOMMON,
BS10-018,BS10,018,Light of True Passion,BOOSTER PACK [Paradise of Passion & Sloth / Catacombs of Silence],ITEM,RED,RED,,,,U,,<{R}> <Place 1 card from the top of your Cookie's HP into your trash.> Select up to 1 of your opponent's Cookies. That Cookie receives 1 damage.,,,0,0,0,BS10-018,0,<{R}> <Place 1 card from the top of your Cookie's HP into your trash.> Select up to 1 of your opponent's Cookies. That Cookie receives 1 damage.,,UNCOMMON,
BS10-017,BS10,017,Jam Jar Lid Shield,BOOSTER PACK [Paradise of Passion & Sloth / Catacombs of Silence],ITEM,RED,RED,,,,U,,"<{R}> Draw up to 1 card from your deck. Then, select up to 1 of your Cookies. Place up to 2 cards from the top of that Cookie's HP into your trash.",,,0,0,0,BS10-017,0,"<{R}> Draw up to 1 card from your deck. Then, select up to 1 of your Cookies. Place up to 2 cards from the top of that Cookie's HP into your trash.",,UNCOMMON,
BS10-016,BS10,016,Luscious Garden Heart Berry,BOOSTER PACK [Paradise of Passion & Sloth / Catacombs of Silence],ITEM,RED,RED,,,,U,,"<{R}{R}> Select up to 2 of your Cookies with 3 or less HP remaining. During this turn, those Cookies gain +1 attack damage.",,,0,0,0,BS10-016,0,"<{R}{R}> Select up to 2 of your Cookies with 3 or less HP remaining. During this turn, those Cookies gain +1 attack damage.",,UNCOMMON,
BS10-015,BS10,015,Shattered Shield,BOOSTER PACK [Paradise of Passion & Sloth / Catacombs of Silence],TRAP,RED,RED,,,,U,,"<{R}{R}{R}> Select up to 1 of your opponent's Cookies. During this turn, that Cookie deals -3 attack damage. Then, <discard 1 card.> Select up to 1 of your opponent's Cookies. That Cookie receives 1 damage.",,,0,0,0,BS10-015,0,"<{R}{R}{R}> Select up to 1 of your opponent's Cookies. During this turn, that Cookie deals -3 attack damage. Then, <discard 1 card.> Select up to 1 of your opponent's Cookies. That Cookie receives 1 damage.",,UNCOMMON,
BS10-014,BS10,014,Facing the Past,BOOSTER PACK [Paradise of Passion & Sloth / Catacombs of Silence],TRAP,RED,RED,,,,U,,"During this turn, if your Cookie fainted, the cost to activate this card is reduced by 1 {R}.
<{R}> Select up to 1 of your opponent's Cookies. During this turn, that Cookie deals -1 attack damage.",,,0,0,0,BS10-014,0,"During this turn, if your Cookie fainted, the cost to activate this card is reduced by 1 {R}.
<{R}> Select up to 1 of your opponent's Cookies. During this turn, that Cookie deals -1 attack damage.",,UNCOMMON,
BS10-013,BS10,013,Towards the Heart of Paradise,BOOSTER PACK [Paradise of Passion & Sloth / Catacombs of Silence],TRAP,RED,RED,,,,U,,"<{R}{R}> Select up to 1 of your opponent's Cookies. During this turn, that Cookie deals -1 attack damage. Then, select up to 1 of your opponent's Cookies that has 2 or more HP remaining. That Cookie receives 1 damage.",,,0,0,0,BS10-013,0,"<{R}{R}> Select up to 1 of your opponent's Cookies. During this turn, that Cookie deals -1 attack damage. Then, select up to 1 of your opponent's Cookies that has 2 or more HP remaining. That Cookie receives 1 damage.",,UNCOMMON,
BS10-012,BS10,012,Devil Cookie,BOOSTER PACK [Paradise of Passion & Sloth / Catacombs of Silence],COOKIE,RED,RED,1,3,,U,Angelic Than an Angel,"When this Cookie faints, select up to 1 of your opponent's Cookies. That Cookie receives 1 damage.",<{R}{R}> Angel Transformation! deals 1,,0,0,0,BS10-012,0,"When this Cookie faints, select up to 1 of your opponent's Cookies. That Cookie receives 1 damage.
<{R}{R}> Angel Transformation! deals 1",,UNCOMMON,
BS10-011,BS10,011,Royal Berry Cookie,BOOSTER PACK [Paradise of Passion & Sloth / Catacombs of Silence],COOKIE,RED,RED,3,5,,U,Merciful Rule,"【Activate】 【Once Per Turn】 During this turn, if your opponent's Cookie fainted, select up to 1 of your opponent's Cookies. That Cookie receives 1 damage.",<{R}{R}{R}> The King's Command deals 3,,0,0,0,BS10-011,0,"【Activate】 【Once Per Turn】 During this turn, if your opponent's Cookie fainted, select up to 1 of your opponent's Cookies. That Cookie receives 1 damage.
<{R}{R}{R}> The King's Command deals 3",,UNCOMMON,
BS10-010,BS10,010,Tarte Tatin Cookie,BOOSTER PACK [Paradise of Passion & Sloth / Catacombs of Silence],COOKIE,RED,RED MIX,3,3,,C,,,<{N}{N}> Cannonade deals 3,,0,0,0,BS10-010,0,<{N}{N}> Cannonade deals 3,,COMMON,
BS10-009,BS10,009,Cranberry Cookie,BOOSTER PACK [Paradise of Passion & Sloth / Catacombs of Silence],COOKIE,RED,RED,2,3,,C,Elegant Candidate,"【Activate】 【Once Per Turn】 <Place 1 card from the top of your LV.2 or higher Cookie's HP into your trash.> During this turn, the attack cost of this Cookie is reduced by 1 {R}.",<{R}{R}> Princess Candidate Fanning deals 2,,0,0,0,BS10-009,0,"【Activate】 【Once Per Turn】 <Place 1 card from the top of your LV.2 or higher Cookie's HP into your trash.> During this turn, the attack cost of this Cookie is reduced by 1 {R}.
<{R}{R}> Princess Candidate Fanning deals 2",,COMMON,
BS10-008,BS10,008,Cherry Cookie,BOOSTER PACK [Paradise of Passion & Sloth / Catacombs of Silence],FLIP,RED,RED,2,3,,C,,,<{R}{R}{R}> Sweet Cherry Party deals 3,<Discard 1 card.> The Cookie with this card attached for HP gains +1 HP.,0,0,0,BS10-008,0,"<{R}{R}{R}> Sweet Cherry Party deals 3
<Discard 1 card.> The Cookie with this card attached for HP gains +1 HP.",,COMMON,
BS10-007,BS10,007,Jungleberry Cookie,BOOSTER PACK [Paradise of Passion & Sloth / Catacombs of Silence],COOKIE,RED,RED,2,4,,C,Queen's Insight,"【Activate】 【Once Per Turn】 During this turn, if your opponent's Cookie fainted, draw up to 1 card from your deck.",<{R}{R}{R}> Queen's Dignity deals 3,,0,0,0,BS10-007,0,"【Activate】 【Once Per Turn】 During this turn, if your opponent's Cookie fainted, draw up to 1 card from your deck.
<{R}{R}{R}> Queen's Dignity deals 3",,COMMON,
BS10-006,BS10,006,Blueberry Cookie,BOOSTER PACK [Paradise of Passion & Sloth / Catacombs of Silence],COOKIE,RED,RED,2,3,,C,,,"<{R}{R}> Noble Self-Defense deals 2 Then, during this turn, if your opponent's Cookie fainted, select up to 1 of your opponent's Cookies. That Cookie receives 1 damage.",,0,0,0,BS10-006,0,"<{R}{R}> Noble Self-Defense deals 2 Then, during this turn, if your opponent's Cookie fainted, select up to 1 of your opponent's Cookies. That Cookie receives 1 damage.",,COMMON,
BS10-005@1,BS10,005@1,Cherry Blossom Cookie,promotion-card,COOKIE,RED,RED MIX,2,5,,P,,,<{N}{N}{N}> Cherry Blossom Picnic deals 2,,0,0,0,BS10-005,1,<{N}{N}{N}> Cherry Blossom Picnic deals 2,,PROMOTION,
BS10-005,BS10,005,Cherry Blossom Cookie,BOOSTER PACK [Paradise of Passion & Sloth / Catacombs of Silence],COOKIE,RED,RED MIX,2,5,,C,,,<{N}{N}{N}> Cherry Blossom Picnic deals 2,,0,0,0,BS10-005,0,<{N}{N}{N}> Cherry Blossom Picnic deals 2,,COMMON,
BS10-004,BS10,004,Bumbleberry Cookie,BOOSTER PACK [Paradise of Passion & Sloth / Catacombs of Silence],COOKIE,RED,RED,1,3,,C,Strength Training,"【Activate】 【Once Per Turn】 During this turn, if your opponent's Cookie fainted, during this turn, this Cookie gains +1 attack damage.",<{R}{R}> Blueberry Strikes deals 1,,0,0,0,BS10-004,0,"【Activate】 【Once Per Turn】 During this turn, if your opponent's Cookie fainted, during this turn, this Cookie gains +1 attack damage.
<{R}{R}> Blueberry Strikes deals 1",,COMMON,
BS10-003,BS10,003,Raspberry Mousse Cookie,BOOSTER PACK [Paradise of Passion & Sloth / Catacombs of Silence],FLIP,RED,RED,1,1,,C,,,<{R}{R}> Raspberry Reprise deals 2,Draw up to 1 card from your deck.,0,0,0,BS10-003,0,"<{R}{R}> Raspberry Reprise deals 2
Draw up to 1 card from your deck.",,COMMON,
BS10-002,BS10,002,Grandberry Merchant,BOOSTER PACK [Paradise of Passion & Sloth / Catacombs of Silence],COOKIE,RED,RED MIX,1,3,,C,,,<{N}{N}> Customer Service deals 1,,0,0,0,BS10-002,0,<{N}{N}> Customer Service deals 1,,COMMON,
BS10-001,BS10,001,Princess Cookie,BOOSTER PACK [Paradise of Passion & Sloth / Catacombs of Silence],COOKIE,RED,RED,1,1,,C,Princess's Pride,"【Activate】 【Once Per Turn】 <Discard 2 cards.> During this turn, this Cookie gains +1 attack damage.",<{R}{R}> To the Party! deals 2,,0,0,0,BS10-001,0,"【Activate】 【Once Per Turn】 <Discard 2 cards.> During this turn, this Cookie gains +1 attack damage.
<{R}{R}> To the Party! deals 2",,COMMON,
BS1-078,BS1,078,Awakening Ancient Forest,BOOSTER PACK [BRAVE BEGINNING],STAGE,GREEN,GREEN,,,,U,,,"<{G}> Place in your stage area.
【Activate】 <Rest this card.> If the number of cards in your support area has decreased during this turn, set 1 card from your support area as active.",,0,0,0,BS1-078,0,"<{G}> Place in your stage area.
【Activate】 <Rest this card.> If the number of cards in your support area has decreased during this turn, set 1 card from your support area as active.",,UNCOMMON,
BS1-077,BS1,077,Tasty First Aid Kit,BOOSTER PACK [BRAVE BEGINNING],TRAP,GREEN,GREEN,,,,U,,,"<{G}{G}{G}> Select up to 1 of your opponent's Cookies. During this turn, that Cookie deals -3 attack damage. Then, set up to 1 of card from your support area as active.",,0,0,0,BS1-077,0,"<{G}{G}{G}> Select up to 1 of your opponent's Cookies. During this turn, that Cookie deals -3 attack damage. Then, set up to 1 of card from your support area as active.",,UNCOMMON,
BS1-076,BS1,076,Stinging Nettle,BOOSTER PACK [BRAVE BEGINNING],TRAP,GREEN,GREEN,,,,U,,,"<{G}> Select up to 1 of your opponent's Cookies. That Cookie receives 1 damage. Then, place 1 card from your support area into the trash.",,0,0,0,BS1-076,0,"<{G}> Select up to 1 of your opponent's Cookies. That Cookie receives 1 damage. Then, place 1 card from your support area into the trash.",,UNCOMMON,
BS1-075,BS1,075,Wanderer's Apple Pie,BOOSTER PACK [BRAVE BEGINNING],ITEM,GREEN,GREEN,,,,R,,,<{G}{G}> Place this card in your support area as rested.,,0,0,0,BS1-075,0,<{G}{G}> Place this card in your support area as rested.,,RARE,
BS1-074,BS1,074,Ancient Forest Luckstone,BOOSTER PACK [BRAVE BEGINNING],ITEM,GREEN,GREEN,,,,U,,,<{G}> <Return 1 card from your support area to your hand.> You can draw 1 card from your deck.,,0,0,0,BS1-074,0,<{G}> <Return 1 card from your support area to your hand.> You can draw 1 card from your deck.,,UNCOMMON,
BS1-073,BS1,073,Herb Cookie,BOOSTER PACK [BRAVE BEGINNING],COOKIE,GREEN,GREEN,2,3,,U,,【Activate】 <Place 1 card from your support area into the trash.> Set 1 card from your support area as active.,<{G}> Deals 1 damage.,,0,0,0,BS1-073,0,"【Activate】 <Place 1 card from your support area into the trash.> Set 1 card from your support area as active.
<{G}> Deals 1 damage.",,UNCOMMON,
BS1-072,BS1,072,Pudding Cookie,BOOSTER PACK [BRAVE BEGINNING],COOKIE,GREEN,GREEN,3,4,,C,,,<{N}{N}{N}> Deals 4 damage.,,0,0,0,BS1-072,0,<{N}{N}{N}> Deals 4 damage.,,COMMON,
BS1-071@1,BS1,071@1,Pumpkin Pie Cookie,BOOSTER PACK [BRAVE BEGINNING],COOKIE,GREEN,GREEN MIX,3,4,,SEC,,【Activate】 <{G}{G}> Place 1 Cookie from your trash into your support area as active.,<{G}{G}{N}> Deals 3 damage.,,0,0,0,BS1-071,1,"【Activate】 <{G}{G}> Place 1 Cookie from your trash into your support area as active.
<{G}{G}{N}> Deals 3 damage.",,SECRET RARE,
BS1-071,BS1,071,Pumpkin Pie Cookie,BOOSTER PACK [BRAVE BEGINNING],COOKIE,GREEN,GREEN MIX,3,4,,R,,【Activate】 <{G}{G}> Place 1 Cookie from your trash into your support area as active.,<{G}{G}{N}> Deals 3 damage.,,0,0,0,BS1-071,0,"【Activate】 <{G}{G}> Place 1 Cookie from your trash into your support area as active.
<{G}{G}{N}> Deals 3 damage.",,RARE,
BS1-070,BS1,070,Kiwi Cookie,BOOSTER PACK [BRAVE BEGINNING],COOKIE,GREEN,GREEN MIX,2,3,,U,,,"<{G}{N}> Deals 1 damage. Then, return 1 LV.1 Cookie from your support area to your hand.",,0,0,0,BS1-070,0,"<{G}{N}> Deals 1 damage. Then, return 1 LV.1 Cookie from your support area to your hand.",,UNCOMMON,
BS1-069@1,BS1,069@1,Cookiemals,PROMOTION CARD,FLIP,GREEN,GREEN,1,1,,P,,,<{G}> Santa! Rudolph! Tree! deals 1,Draw up to 1 card from your deck.,0,0,0,BS1-069,1,"<{G}> Santa! Rudolph! Tree! deals 1
Draw up to 1 card from your deck.",,PROMOTION,
BS1-069,BS1,069,Cookiemals,BOOSTER PACK [BRAVE BEGINNING],FLIP,GREEN,GREEN,1,1,,U,,,<{G}> Deals 1 damage.,Draw up to 1 card from your deck.,0,0,0,BS1-069,0,"<{G}> Deals 1 damage.
Draw up to 1 card from your deck.",,UNCOMMON,
BS1-068,BS1,068,Cauliflower Cookie,BOOSTER PACK [BRAVE BEGINNING],COOKIE,GREEN,GREEN,2,4,,C,,【Activate】 <Place 1 card from your support area into the trash.> Draw 1 card from your deck.,<{G}{N}> Deals 1 damage.,,0,0,0,BS1-068,0,"【Activate】 <Place 1 card from your support area into the trash.> Draw 1 card from your deck.
<{G}{N}> Deals 1 damage.",,COMMON,
BS1-067@1,BS1,067@1,Churro Cookie,BOOSTER PACK [BRAVE BEGINNING],FLIP,GREEN,GREEN,3,3,,SEC,,,<{G}{G}{G}> Deals 3 damage.,"<Discard 1 card.> If your support area contains 4 or more cards, place this card in your support area as rested.",0,0,0,BS1-067,1,"<{G}{G}{G}> Deals 3 damage.
<Discard 1 card.> If your support area contains 4 or more cards, place this card in your support area as rested.",,SECRET RARE,
BS1-067,BS1,067,Churro Cookie,BOOSTER PACK [BRAVE BEGINNING],FLIP,GREEN,GREEN,3,3,,R,,,<{G}{G}{G}> Deals 3 damage.,"<Discard 1 card.> If your support area contains 4 or more cards, place this card in your support area as rested.",0,0,0,BS1-067,0,"<{G}{G}{G}> Deals 3 damage.
<Discard 1 card.> If your support area contains 4 or more cards, place this card in your support area as rested.",,RARE,
BS1-066@2,BS1,066@2,Lillybell Cookie,PROMOTION CARD,COOKIE,GREEN,GREEN,2,4,,P,Floral Tea Fragrance,"When your turn ends, set 1 card from your support area as active.",<{G}{G}{G}> Unending Chatter deals 3,,0,0,0,BS1-066,1,"When your turn ends, set 1 card from your support area as active.
<{G}{G}{G}> Unending Chatter deals 3",,PROMOTION,
BS1-066@1,BS1,066@1,Lillybell Cookie,BOOSTER PACK [BRAVE BEGINNING],COOKIE,GREEN,GREEN,2,4,,SSR,,"When your turn ends, set 1 card from your support area as active.",<{G}{G}{G}> Deals 3 damage.,,0,0,0,BS1-066,1,"When your turn ends, set 1 card from your support area as active.
<{G}{G}{G}> Deals 3 damage.",,SECRET SUPER RARE,
BS1-066,BS1,066,Lillybell Cookie,BOOSTER PACK [BRAVE BEGINNING],COOKIE,GREEN,GREEN,2,4,,SR,,"When your turn ends, set 1 card from your support area as active.",<{G}{G}{G}> Deals 3 damage.,,0,0,0,BS1-066,0,"When your turn ends, set 1 card from your support area as active.
<{G}{G}{G}> Deals 3 damage.",,SUPER RARE,
BS1-065,BS1,065,Plum Cookie,BOOSTER PACK [BRAVE BEGINNING],COOKIE,,MIX,1,2,,C,,,<{N}{N}> Deals 2 damage.,,0,0,0,BS1-065,0,<{N}{N}> Deals 2 damage.,,COMMON,
BS1-064,BS1,064,Ginseng Cookie,BOOSTER PACK [BRAVE BEGINNING],COOKIE,GREEN,GREEN,2,2,,C,,,"<{G}{G}> Deals 2 damage. Then, <can be used as {G}.> If your support area contains 7 or more cards, 1 of your other Cookies gains +1 HP.",,0,0,0,BS1-064,0,"<{G}{G}> Deals 2 damage. Then, <can be used as {G}.> If your support area contains 7 or more cards, 1 of your other Cookies gains +1 HP.",,COMMON,
BS1-063,BS1,063,Prophet Cookie,BOOSTER PACK [BRAVE BEGINNING],COOKIE,GREEN,GREEN MIX,1,2,,C,,【Activate】 <Place 1 card from your support area into the trash.> Take 1 card from the top of your deck and place it in your support area as active.,<{G}{N}> Deals 1 damage.,,0,0,0,BS1-063,0,"【Activate】 <Place 1 card from your support area into the trash.> Take 1 card from the top of your deck and place it in your support area as active.
<{G}{N}> Deals 1 damage.",,COMMON,
BS1-062@2,BS1,062@2,Tea Knight Cookie,promotion card,COOKIE,GREEN,GREEN MIX,1,3,,P,Silver Armor,"【Blocker】 <{G}> (When one of your opponent's Cookies attacks, you can redirect the attack to this Cookie.)",<{G}{N}> Battlefield Charisma deals 1,,0,0,0,BS1-062,1,"【Blocker】 <{G}> (When one of your opponent's Cookies attacks, you can redirect the attack to this Cookie.)
<{G}{N}> Battlefield Charisma deals 1",,PROMOTION,
BS1-062@1,BS1,062@1,Tea Knight Cookie,BOOSTER PACK [BRAVE BEGINNING],COOKIE,GREEN,GREEN MIX,1,3,,SEC,,"{bl} <{G}> (When one of your opponent's Cookies attacks, you can redirect the attack to this Cookie.)",<{G}{N}> Deals 1 damage.,,0,0,0,BS1-062,1,"{bl} <{G}> (When one of your opponent's Cookies attacks, you can redirect the attack to this Cookie.)
<{G}{N}> Deals 1 damage.",,SECRET RARE,
BS1-062,BS1,062,Tea Knight Cookie,BOOSTER PACK [BRAVE BEGINNING],COOKIE,GREEN,GREEN MIX,1,3,,R,,"{bl} <{G}> (When one of your opponent's Cookies attacks, you can redirect the attack to this Cookie.)",<{G}{N}> Deals 1 damage.,,0,0,0,BS1-062,0,"{bl} <{G}> (When one of your opponent's Cookies attacks, you can redirect the attack to this Cookie.)
<{G}{N}> Deals 1 damage.",,RARE,
BS1-061,BS1,061,Peach Cookie,BOOSTER PACK [BRAVE BEGINNING],COOKIE,,MIX,2,4,,C,,,<{N}{N}{N}> Deals 3 damage.,,0,0,0,BS1-061,0,<{N}{N}{N}> Deals 3 damage.,,COMMON,
BS1-060,BS1,060,Butterbear Cookie,BOOSTER PACK [BRAVE BEGINNING],COOKIE,,MIX,2,2,,C,,,<{N}{N}> Deals 3 damage.,,0,0,0,BS1-060,0,<{N}{N}> Deals 3 damage.,,COMMON,
BS1-059,BS1,059,Fig Cookie,BOOSTER PACK [BRAVE BEGINNING],COOKIE,,MIX,3,4,,C,,,<{N}{N}> Deals 2 damage.,,0,0,0,BS1-059,0,<{N}{N}> Deals 2 damage.,,COMMON,
BS1-058,BS1,058,Poison Mushroom Cookie,BOOSTER PACK [BRAVE BEGINNING],COOKIE,GREEN,GREEN,2,2,,C,,"When this Cookie faints, <place 1 card from your support area into the trash.> Deals 1 damage to all Cookies.",<{G}{G}> Deals 2 damage.,,0,0,0,BS1-058,0,"When this Cookie faints, <place 1 card from your support area into the trash.> Deals 1 damage to all Cookies.
<{G}{G}> Deals 2 damage.",,COMMON,
BS1-057,BS1,057,Bellflower Cookie,BOOSTER PACK [BRAVE BEGINNING],COOKIE,,MIX,1,4,,C,,,<{N}{N}{N}> Deals 2 damage.,,0,0,0,BS1-057,0,<{N}{N}{N}> Deals 2 damage.,,COMMON,
BS1-056@1,BS1,056@1,Moon Rabbit Cookie,BOOSTER PACK [BRAVE BEGINNING],COOKIE,GREEN,GREEN,2,3,,SSR,,【Activate】 <{G}{G}> Select up to 1 of your other LV.2 or lower Cookies from your battle area. Place them in your support area as active.,<{G}> Deals 1 damage.,,0,0,0,BS1-056,1,"【Activate】 <{G}{G}> Select up to 1 of your other LV.2 or lower Cookies from your battle area. Place them in your support area as active.
<{G}> Deals 1 damage.",,SECRET SUPER RARE,
BS1-056,BS1,056,Moon Rabbit Cookie,BOOSTER PACK [BRAVE BEGINNING],COOKIE,GREEN,GREEN,2,3,,SR,,【Activate】 <{G}{G}> Select up to 1 of your other LV.2 or lower Cookies from your battle area. Place them in your support area as active.,<{G}> Deals 1 damage.,,0,0,0,BS1-056,0,"【Activate】 <{G}{G}> Select up to 1 of your other LV.2 or lower Cookies from your battle area. Place them in your support area as active.
<{G}> Deals 1 damage.",,SUPER RARE,
BS1-055@1,BS1,055@1,Red Bean Cookie,promotion card,FLIP,GREEN,GREEN,2,2,,P,,,<{G}{G}> Want a ride? deals 2,Draw up to 1 card from your deck.,0,0,0,BS1-055,1,"<{G}{G}> Want a ride? deals 2
Draw up to 1 card from your deck.",,PROMOTION,
BS1-055,BS1,055,Red Bean Cookie,BOOSTER PACK [BRAVE BEGINNING],FLIP,GREEN,GREEN,2,2,,U,,,<{G}{G}> Deals 2 damage.,Draw up to 1 card from your deck.,0,0,0,BS1-055,0,"<{G}{G}> Deals 2 damage.
Draw up to 1 card from your deck.",,UNCOMMON,
BS1-054@1,BS1,054@1,Blue Lily Cookie,BOOSTER PACK [BRAVE BEGINNING],COOKIE,GREEN,GREEN,3,5,,SSR,,【Your Turn】 【Activate】 <Place 1 card from your support area in the trash.> Deals 1 damage to all of your opponent's Cookies.,<{G}{G}{G}{G}> Deals 4 damage.,,0,0,0,BS1-054,1,"【Your Turn】 【Activate】 <Place 1 card from your support area in the trash.> Deals 1 damage to all of your opponent's Cookies.
<{G}{G}{G}{G}> Deals 4 damage.",,SECRET SUPER RARE,
BS1-054,BS1,054,Blue Lily Cookie,BOOSTER PACK [BRAVE BEGINNING],COOKIE,GREEN,GREEN,3,5,,SR,,【Your Turn】 【Activate】 <Place 1 card from your support area in the trash.> Deals 1 damage to all of your opponent's Cookies.,<{G}{G}{G}{G}> Deals 4 damage.,,0,0,0,BS1-054,0,"【Your Turn】 【Activate】 <Place 1 card from your support area in the trash.> Deals 1 damage to all of your opponent's Cookies.
<{G}{G}{G}{G}> Deals 4 damage.",,SUPER RARE,
BS1-053@1,BS1,053@1,Roguefort Cookie,BOOSTER PACK [BRAVE BEGINNING],COOKIE,GREEN,GREEN,1,2,,SUR,,"【Activate】 【Once Per Turn】 <{G}> If there are 6 cards or less in your hand, return 1 card from your support area to your hand. Then, take 1 card from the top of your deck and place it in your support area as rested.",<{G}> Deals 1 damage.,,0,0,0,BS1-053,1,"【Activate】 【Once Per Turn】 <{G}> If there are 6 cards or less in your hand, return 1 card from your support area to your hand. Then, take 1 card from the top of your deck and place it in your support area as rested.
<{G}> Deals 1 damage.",,SECRET ULTRA RARE,
BS1-053,BS1,053,Roguefort Cookie,BOOSTER PACK [BRAVE BEGINNING],COOKIE,GREEN,GREEN,1,2,,UR,,"【Activate】 【Once Per Turn】 <{G}> If there are 6 cards or less in your hand, return 1 card from your support area to your hand. Then, take 1 card from the top of your deck and place it in your support area as rested.",<{G}> Deals 1 damage.,,0,0,0,BS1-053,0,"【Activate】 【Once Per Turn】 <{G}> If there are 6 cards or less in your hand, return 1 card from your support area to your hand. Then, take 1 card from the top of your deck and place it in your support area as rested.
<{G}> Deals 1 damage.",,ULTRA RARE,
BS1-052@1,BS1,052@1,Star Candy Road,PROMOTION CARD,STAGE,YELLOW,YELLOW,,,,P,,"<{Y}> Place in your stage area.

【Activate】 <{Y}{Y}> <Rest this card.> 1 of your Cookies gains +1 HP.",,,0,0,0,BS1-052,1,"<{Y}> Place in your stage area.

【Activate】 <{Y}{Y}> <Rest this card.> 1 of your Cookies gains +1 HP.",,PROMOTION,
BS1-052,BS1,052,Star Candy Road,BOOSTER PACK [BRAVE BEGINNING],STAGE,YELLOW,YELLOW,,,,U,,,"<{Y}> Place in your stage area.
【Activate】 <{Y}{Y}> <Rest this card.> Select 1 of your Cookies. That Cookie gains +1 HP.",,0,0,0,BS1-052,0,"<{Y}> Place in your stage area.
【Activate】 <{Y}{Y}> <Rest this card.> Select 1 of your Cookies. That Cookie gains +1 HP.",,UNCOMMON,
BS1-051@1,BS1,051@1,Super-Vita Jelly Bar,promotion card,TRAP,YELLOW,YELLOW,,,,P,,<{Y}> Select up to 1 of your Cookies. That Cookie gains +1 HP.,,,0,0,0,BS1-051,1,<{Y}> Select up to 1 of your Cookies. That Cookie gains +1 HP.,,PROMOTION,
BS1-051,BS1,051,Super-Vita Jelly Bar,BOOSTER PACK [BRAVE BEGINNING],TRAP,YELLOW,YELLOW,,,,U,,,<{Y}> Select up to 1 of your Cookies. That Cookie gains +1 HP.,,0,0,0,BS1-051,0,<{Y}> Select up to 1 of your Cookies. That Cookie gains +1 HP.,,UNCOMMON,
BS1-050,BS1,050,Broken Signpost,BOOSTER PACK [BRAVE BEGINNING],TRAP,YELLOW,YELLOW,,,,U,,,<{Y}> Redirect your opponent's attack to a different Cookie of your own.,,0,0,0,BS1-050,0,<{Y}> Redirect your opponent's attack to a different Cookie of your own.,,UNCOMMON,
BS1-049,BS1,049,Tropical Slushie,BOOSTER PACK [BRAVE BEGINNING],ITEM,YELLOW,YELLOW,,,,R,,,<{Y}{Y}> Deals 1 damage for each 1 {Y} LV.2 or higher Cookie in your break area to 1 of your opponent's Cookies.,,0,0,0,BS1-049,0,<{Y}{Y}> Deals 1 damage for each 1 {Y} LV.2 or higher Cookie in your break area to 1 of your opponent's Cookies.,,RARE,
BS1-048,BS1,048,Jelly Pom-Poms,BOOSTER PACK [BRAVE BEGINNING],ITEM,YELLOW,YELLOW,,,,U,,,"<{Y}{Y}{Y}> Select up to 1 of your Cookies. During this turn, that Cookie gains +1 attack damage for every 2 {Y} LV.1 Cookies in your break area.",,0,0,0,BS1-048,0,"<{Y}{Y}{Y}> Select up to 1 of your Cookies. During this turn, that Cookie gains +1 attack damage for every 2 {Y} LV.1 Cookies in your break area.",,UNCOMMON,
BS1-047,BS1,047,Pizza Cookie,BOOSTER PACK [BRAVE BEGINNING],COOKIE,,MIX,3,4,,C,,,<{N}{N}{N}> Deals 4 damage.,,0,0,0,BS1-047,0,<{N}{N}{N}> Deals 4 damage.,,COMMON,
BS1-046,BS1,046,Apple Cookie,BOOSTER PACK [BRAVE BEGINNING],COOKIE,,MIX,3,1,,C,,,<{N}> Deals 2 damage.,,0,0,0,BS1-046,0,<{N}> Deals 2 damage.,,COMMON,
BS1-045,BS1,045,Firecracker Cookie,BOOSTER PACK [BRAVE BEGINNING],COOKIE,,MIX,3,4,,C,,,<{N}{N}> Deals 2 damage.,,0,0,0,BS1-045,0,<{N}{N}> Deals 2 damage.,,COMMON,
BS1-044@1,BS1,044@1,Bell Pepper Cookie,BOOSTER PACK [BRAVE BEGINNING],COOKIE,YELLOW,YELLOW,2,3,,SSR,,"【Activate】 【Once Per Turn】 <{Y}> <Discard 1 card.> If this Cookie's HP is less than 3, gain +1 HP.","<{Y}{Y}{Y}> Deals 2 damage. Then, <can be used as {Y}{Y}.> Deals 3 damage.",,0,0,0,BS1-044,1,"【Activate】 【Once Per Turn】 <{Y}> <Discard 1 card.> If this Cookie's HP is less than 3, gain +1 HP.
<{Y}{Y}{Y}> Deals 2 damage. Then, <can be used as {Y}{Y}.> Deals 3 damage.",,SECRET SUPER RARE,
BS1-044,BS1,044,Bell Pepper Cookie,BOOSTER PACK [BRAVE BEGINNING],COOKIE,YELLOW,YELLOW,2,3,,SR,,"【Activate】 【Once Per Turn】 <{Y}> <Discard 1 card.> If this Cookie's HP is less than 3, gain +1 HP.","<{Y}{Y}{Y}> Deals 2 damage. Then, <can be used as {Y}{Y}.> Deals 3 damage.",,0,0,0,BS1-044,0,"【Activate】 【Once Per Turn】 <{Y}> <Discard 1 card.> If this Cookie's HP is less than 3, gain +1 HP.
<{Y}{Y}{Y}> Deals 2 damage. Then, <can be used as {Y}{Y}.> Deals 3 damage.",,SUPER RARE,
BS1-043,BS1,043,Cheesecake Cookie,BOOSTER PACK [BRAVE BEGINNING],COOKIE,,MIX,2,2,,C,,,<{N}{N}> Deals 3 damage.,,0,0,0,BS1-043,0,<{N}{N}> Deals 3 damage.,,COMMON,
BS1-042,BS1,042,Grapefruit Cookie,BOOSTER PACK [BRAVE BEGINNING],COOKIE,YELLOW,YELLOW,2,2,,C,,"When your opponent attacks this Cookie, <can be used as {Y}.> This Cookie receives -1 attack damage during this battle.",<{Y}{Y}> Deals 2 damage.,,0,0,0,BS1-042,0,"When your opponent attacks this Cookie, <can be used as {Y}.> This Cookie receives -1 attack damage during this battle.
<{Y}{Y}> Deals 2 damage.",,COMMON,
BS1-041,BS1,041,Orange Cookie,BOOSTER PACK [BRAVE BEGINNING],FLIP,YELLOW,YELLOW,1,1,,C,,,<{Y}> Deals 1 damage.,<Discard 1 card.> The Cookie with this card attached for HP gains +1 HP.,0,0,0,BS1-041,0,"<{Y}> Deals 1 damage.
<Discard 1 card.> The Cookie with this card attached for HP gains +1 HP.",,COMMON,
BS1-040@2,BS1,040@2,Earl Grey Cookie,PROMOTION CARD,FLIP,YELLOW,YELLOW,3,3,,P,,,<{Y}{Y}{Y}> A Grand Banquet Awaits! deals 3,"<Discard 1 card.> If your break area is LV.6 or higher, the Cookie with this card attached for HP gains +2 HP.",0,0,0,BS1-040,1,"<{Y}{Y}{Y}> A Grand Banquet Awaits! deals 3
<Discard 1 card.> If your break area is LV.6 or higher, the Cookie with this card attached for HP gains +2 HP.",,PROMOTION,
BS1-040@1,BS1,040@1,Earl Grey Cookie,BOOSTER PACK [BRAVE BEGINNING],FLIP,YELLOW,YELLOW,3,3,,SEC,,,<{Y}{Y}{Y}> Deals 3 damage.,"<Discard 1 card.> If your break area is LV.6 or higher, the Cookie with this card attached for HP gains +2 HP.",0,0,0,BS1-040,1,"<{Y}{Y}{Y}> Deals 3 damage.
<Discard 1 card.> If your break area is LV.6 or higher, the Cookie with this card attached for HP gains +2 HP.",,SECRET RARE,
BS1-040,BS1,040,Earl Grey Cookie,BOOSTER PACK [BRAVE BEGINNING],FLIP,YELLOW,YELLOW,3,3,,R,,,<{Y}{Y}{Y}> Deals 3 damage.,"<Discard 1 card.> If your break area is LV.6 or higher, the Cookie with this card attached for HP gains +2 HP.",0,0,0,BS1-040,0,"<{Y}{Y}{Y}> Deals 3 damage.
<Discard 1 card.> If your break area is LV.6 or higher, the Cookie with this card attached for HP gains +2 HP.",,RARE,
BS1-039,BS1,039,Almond Cookie,BOOSTER PACK [BRAVE BEGINNING],COOKIE,YELLOW,YELLOW,2,3,,U,,,"<{Y}{Y}> Deals 1 damage. Then, select up to 2 of your opponent's Cookies. Those Cookies deal -1 attack damage each during your opponent's next turn.",,0,0,0,BS1-039,0,"<{Y}{Y}> Deals 1 damage. Then, select up to 2 of your opponent's Cookies. Those Cookies deal -1 attack damage each during your opponent's next turn.",,UNCOMMON,
BS1-038,BS1,038,Cinnamon Cookie,BOOSTER PACK [BRAVE BEGINNING],COOKIE,YELLOW,YELLOW,1,1,,U,,【Activate】 <{Y}{Y}> <Place this Cookie in your break area.> Select up to 1 of your opponent's Cookies. That Cookie receives 1 damage.,<{Y}> Deals 1 damage.,,0,0,0,BS1-038,0,"【Activate】 <{Y}{Y}> <Place this Cookie in your break area.> Select up to 1 of your opponent's Cookies. That Cookie receives 1 damage.
<{Y}> Deals 1 damage.",,UNCOMMON,
BS1-037@4,BS1,037@4,Timekeeper Cookie,PROMOTION CARD,COOKIE,YELLOW,YELLOW,3,5,,P,Distorted Time Rift,【On Play】 <Discard 1 card.> <{Y}{Y}> Select up to 1 LV.2 or lower Cookie from your break area. Place that Cookie in the trash.,"<{Y}{Y}{Y}> Wish to see a time rift? deals 3
Then, <can be used as {Y}.> Select up to 1 of your opponent's LV.1 Cookies. Place that Cookie in the break area.",,0,0,0,BS1-037,1,"【On Play】 <Discard 1 card.> <{Y}{Y}> Select up to 1 LV.2 or lower Cookie from your break area. Place that Cookie in the trash.
<{Y}{Y}{Y}> Wish to see a time rift? deals 3
Then, <can be used as {Y}.> Select up to 1 of your opponent's LV.1 Cookies. Place that Cookie in the break area.",,PROMOTION,
BS1-037@3,BS1,037@3,Timekeeper Cookie,PROMOTION CARD,COOKIE,YELLOW,YELLOW,3,5,,P,Distorted Time Rift,【On Play】 <Discard 1 card.> <{Y}{Y}> Select up to 1 LV.2 or lower Cookie from your break area. Place that Cookie in the trash.,"<{Y}{Y}{Y}> Wish to see a time rift? deals 3
Then, <can be used as {Y}.> Select up to 1 of your opponent's LV.1 Cookies. Place that Cookie in the break area.",,0,0,0,BS1-037,1,"【On Play】 <Discard 1 card.> <{Y}{Y}> Select up to 1 LV.2 or lower Cookie from your break area. Place that Cookie in the trash.
<{Y}{Y}{Y}> Wish to see a time rift? deals 3
Then, <can be used as {Y}.> Select up to 1 of your opponent's LV.1 Cookies. Place that Cookie in the break area.",,PROMOTION,
BS1-037@2,BS1,037@2,Timekeeper Cookie,PROMOTION CARD,COOKIE,YELLOW,YELLOW,3,5,,P,Distorted Time Rift,【On Play】 <Discard 1 card.> <{Y}{Y}> Select up to 1 LV.2 or lower Cookie from your break area. Place that Cookie in the trash.,"<{Y}{Y}{Y}> Wish to see a time rift? deals 3
Then, <can be used as {Y}.> Select up to 1 of your opponent's LV.1 Cookies. Place that Cookie in the break area.",,0,0,0,BS1-037,1,"【On Play】 <Discard 1 card.> <{Y}{Y}> Select up to 1 LV.2 or lower Cookie from your break area. Place that Cookie in the trash.
<{Y}{Y}{Y}> Wish to see a time rift? deals 3
Then, <can be used as {Y}.> Select up to 1 of your opponent's LV.1 Cookies. Place that Cookie in the break area.",,PROMOTION,
BS1-037@1,BS1,037@1,Timekeeper Cookie,BOOSTER PACK [BRAVE BEGINNING],COOKIE,YELLOW,YELLOW,3,5,,SUR,,【Activate】 <Discard 1 card.> <{Y}{Y}> Select up to 1 LV.2 or lower Cookie from your break area. Place that Cookie in the trash.,"<{Y}{Y}{Y}> Deals 3 damage. Then, <can be used as {Y}.> Select up to 1 of your opponent's LV.1 Cookies. Place that Cookie in the break area.",,0,0,0,BS1-037,1,"【Activate】 <Discard 1 card.> <{Y}{Y}> Select up to 1 LV.2 or lower Cookie from your break area. Place that Cookie in the trash.
<{Y}{Y}{Y}> Deals 3 damage. Then, <can be used as {Y}.> Select up to 1 of your opponent's LV.1 Cookies. Place that Cookie in the break area.",,SECRET ULTRA RARE,
BS1-037,BS1,037,Timekeeper Cookie,BOOSTER PACK [BRAVE BEGINNING],COOKIE,YELLOW,YELLOW,3,5,,UR,,【Activate】 <Discard 1 card.> <{Y}{Y}> Select up to 1 LV.2 or lower Cookie from your break area. Place that Cookie in the trash.,"<{Y}{Y}{Y}> Deals 3 damage. Then, <can be used as {Y}.> Select up to 1 of your opponent's LV.1 Cookies. Place that Cookie in the break area.",,0,0,0,BS1-037,0,"【Activate】 <Discard 1 card.> <{Y}{Y}> Select up to 1 LV.2 or lower Cookie from your break area. Place that Cookie in the trash.
<{Y}{Y}{Y}> Deals 3 damage. Then, <can be used as {Y}.> Select up to 1 of your opponent's LV.1 Cookies. Place that Cookie in the break area.",,ULTRA RARE,
BS1-036@1,BS1,036@1,Snake Fruit Cookie,BOOSTER PACK [BRAVE BEGINNING],COOKIE,YELLOW,YELLOW,2,4,,SSR,,【Activate】 <{Y}{Y}> Select up to 1 {Y} LV.1 Cookie from your break area and play it.,<{Y}{Y}{Y}> Deals 3 damage.,,0,0,0,BS1-036,1,"【Activate】 <{Y}{Y}> Select up to 1 {Y} LV.1 Cookie from your break area and play it.
<{Y}{Y}{Y}> Deals 3 damage.",,SECRET SUPER RARE,
BS1-036,BS1,036,Snake Fruit Cookie,BOOSTER PACK [BRAVE BEGINNING],COOKIE,YELLOW,YELLOW,2,4,,SR,,【Activate】 <{Y}{Y}> Select up to 1 {Y} LV.1 Cookie from your break area and play it.,<{Y}{Y}{Y}> Deals 3 damage.,,0,0,0,BS1-036,0,"【Activate】 <{Y}{Y}> Select up to 1 {Y} LV.1 Cookie from your break area and play it.
<{Y}{Y}{Y}> Deals 3 damage.",,SUPER RARE,
BS1-035,BS1,035,Cotton Candy Cookie,BOOSTER PACK [BRAVE BEGINNING],COOKIE,YELLOW,YELLOW,2,2,,U,,"When this Cookie faints, <can be used as {Y}.> Select up to 1 LV.1 Cookie in your break area. Place that Cookie in the trash.",<{Y}{Y}> Deals 2 damage.,,0,0,0,BS1-035,0,"When this Cookie faints, <can be used as {Y}.> Select up to 1 LV.1 Cookie in your break area. Place that Cookie in the trash.
<{Y}{Y}> Deals 2 damage.",,UNCOMMON,
BS1-034,BS1,034,Sandwich Cookie,BOOSTER PACK [BRAVE BEGINNING],COOKIE,YELLOW,YELLOW,1,1,,C,,【Activate】 <{Y}> Select up to 1 of your other Cookies. That Cookie gains +1 HP.,<{Y}> Deals 1 damage.,,0,0,0,BS1-034,0,"【Activate】 <{Y}> Select up to 1 of your other Cookies. That Cookie gains +1 HP.
<{Y}> Deals 1 damage.",,COMMON,
BS1-033@1,BS1,033@1,Cyborg Cookie,BOOSTER PACK [BRAVE BEGINNING],COOKIE,YELLOW,YELLOW,1,2,,SEC,,,"<{Y}{Y}> Deals 1 damage. Then, <can be used as {Y}.> Select up to 1 of your opponent's Cookies. That Cookie receives 1 damage for each Cookie that is LV.2 or higher in your break area.",,0,0,0,BS1-033,1,"<{Y}{Y}> Deals 1 damage. Then, <can be used as {Y}.> Select up to 1 of your opponent's Cookies. That Cookie receives 1 damage for each Cookie that is LV.2 or higher in your break area.",,SECRET RARE,
BS1-033,BS1,033,Cyborg Cookie,BOOSTER PACK [BRAVE BEGINNING],COOKIE,YELLOW,YELLOW,1,2,,R,,,"<{Y}{Y}> Deals 1 damage. Then, <can be used as {Y}.> Select up to 1 of your opponent's Cookies. That Cookie receives 1 damage for each Cookie that is LV.2 or higher in your break area.",,0,0,0,BS1-033,0,"<{Y}{Y}> Deals 1 damage. Then, <can be used as {Y}.> Select up to 1 of your opponent's Cookies. That Cookie receives 1 damage for each Cookie that is LV.2 or higher in your break area.",,RARE,
BS1-032,BS1,032,Banana Cookie,BOOSTER PACK [BRAVE BEGINNING],COOKIE,,MIX,1,4,,C,,,<{N}{N}{N}> Deals 2 damage.,,0,0,0,BS1-032,0,<{N}{N}{N}> Deals 2 damage.,,COMMON,
BS1-031@1,BS1,031@1,Marshmallow Cookie,BOOSTER PACK [BRAVE BEGINNING],COOKIE,YELLOW,YELLOW MIX,1,3,,SEC,,"{bl} <{Y}> (When one of your opponent's Cookies attacks, you can redirect the attack to this Cookie.)",<{Y}{N}> Deals 1 damage.,,0,0,0,BS1-031,1,"{bl} <{Y}> (When one of your opponent's Cookies attacks, you can redirect the attack to this Cookie.)
<{Y}{N}> Deals 1 damage.",,SECRET RARE,
BS1-031,BS1,031,Marshmallow Cookie,BOOSTER PACK [BRAVE BEGINNING],COOKIE,YELLOW,YELLOW MIX,1,3,,R,,"{bl} <{Y}> (When one of your opponent's Cookies attacks, you can redirect the attack to this Cookie.)",<{Y}{N}> Deals 1 damage.,,0,0,0,BS1-031,0,"{bl} <{Y}> (When one of your opponent's Cookies attacks, you can redirect the attack to this Cookie.)
<{Y}{N}> Deals 1 damage.",,RARE,
BS1-030@1,BS1,030@1,Rockstar Cookie,promotion card,FLIP,YELLOW,YELLOW,2,2,,P,,,<{Y}{Y}> Who's your favorite rock star? deals 2,Draw up to 1 card from your deck.,0,0,0,BS1-030,1,"<{Y}{Y}> Who's your favorite rock star? deals 2
Draw up to 1 card from your deck.",,PROMOTION,
BS1-030,BS1,030,Rockstar Cookie,BOOSTER PACK [BRAVE BEGINNING],FLIP,YELLOW,YELLOW,2,2,,C,,,<{Y}{Y}> Deals 2 damage.,Draw up to 1 card from your deck.,0,0,0,BS1-030,0,"<{Y}{Y}> Deals 2 damage.
Draw up to 1 card from your deck.",,COMMON,
BS1-029,BS1,029,Lime Cookie,BOOSTER PACK [BRAVE BEGINNING],COOKIE,YELLOW,YELLOW,1,2,,U,,"【Activate】 If your break area is LV.3 or higher, draw 1 card from your deck and discard 1 card.",<{Y}> Deals 1 damage.,,0,0,0,BS1-029,0,"【Activate】 If your break area is LV.3 or higher, draw 1 card from your deck and discard 1 card.
<{Y}> Deals 1 damage.",,UNCOMMON,
BS1-028@1,BS1,028@1,Latte Cookie,BOOSTER PACK [BRAVE BEGINNING],COOKIE,YELLOW,YELLOW,3,5,,SSR,,【Activate】 <{Y}> Select up to 1 of your other Cookies. That Cookie gains +1 HP.,"<{Y}{Y}{Y}> Deals 2 damage. Then, if your break area is LV.5 or higher, deals 1 damage to all of your opponent's Cookies.",,0,0,0,BS1-028,1,"【Activate】 <{Y}> Select up to 1 of your other Cookies. That Cookie gains +1 HP.
<{Y}{Y}{Y}> Deals 2 damage. Then, if your break area is LV.5 or higher, deals 1 damage to all of your opponent's Cookies.",,SECRET SUPER RARE,
BS1-028,BS1,028,Latte Cookie,BOOSTER PACK [BRAVE BEGINNING],COOKIE,YELLOW,YELLOW,3,5,,SR,,【Activate】 <{Y}> Select up to 1 of your other Cookies. That Cookie gains +1 HP.,"<{Y}{Y}{Y}> Deals 2 damage. Then, if your break area is LV.5 or higher, deals 1 damage to all of your opponent's Cookies.",,0,0,0,BS1-028,0,"【Activate】 <{Y}> Select up to 1 of your other Cookies. That Cookie gains +1 HP.
<{Y}{Y}{Y}> Deals 2 damage. Then, if your break area is LV.5 or higher, deals 1 damage to all of your opponent's Cookies.",,SUPER RARE,
BS1-027,BS1,027,Ice Juggler Cookie,BOOSTER PACK [BRAVE BEGINNING],COOKIE,,MIX,2,4,,C,,,<{N}{N}{N}> Deals 3 damage.,,0,0,0,BS1-027,0,<{N}{N}{N}> Deals 3 damage.,,COMMON,
BS1-026,BS1,026,Desert Oasis,BOOSTER PACK [BRAVE BEGINNING],STAGE,RED,RED,,,,U,,,"<{R}{R}> Place in your stage area.
【Activate】 <Rest this card.> <Place 1 of your Cookies' HP cards in the trash.> Select up to 1 of your Cookies. During this turn, that Cookie gains +1 attack damage.",,0,0,0,BS1-026,0,"<{R}{R}> Place in your stage area.
【Activate】 <Rest this card.> <Place 1 of your Cookies' HP cards in the trash.> Select up to 1 of your Cookies. During this turn, that Cookie gains +1 attack damage.",,UNCOMMON,
BS1-025,BS1,025,Pineapple Helmet,BOOSTER PACK [BRAVE BEGINNING],TRAP,RED,RED,,,,U,,,"<{R}> If 1 of your Cookies has 1 HP, select up to 1 of your opponent's Cookies. That Cookie receives 1 damage.",,0,0,0,BS1-025,0,"<{R}> If 1 of your Cookies has 1 HP, select up to 1 of your opponent's Cookies. That Cookie receives 1 damage.",,UNCOMMON,
BS1-024,BS1,024,Pasta Spring Shoes,BOOSTER PACK [BRAVE BEGINNING],TRAP,RED,RED,,,,U,,,"<{R}{R}> If 1 of your Cookies has 1 HP, select up to 1 of your opponent's Cookies. During this turn, that Cookie deals -4 attack damage.",,0,0,0,BS1-024,0,"<{R}{R}> If 1 of your Cookies has 1 HP, select up to 1 of your opponent's Cookies. During this turn, that Cookie deals -4 attack damage.",,UNCOMMON,
BS1-023,BS1,023,Spicy Power Juice,BOOSTER PACK [BRAVE BEGINNING],ITEM,RED,RED,,,,U,,,"<{R}> <Place 1 of your Cookies' HP cards in the trash until the Cookie's HP reaches 1.> Select up to 1 of your Cookies. During this turn, that Cookie gains +2 attack damage.",,0,0,0,BS1-023,0,"<{R}> <Place 1 of your Cookies' HP cards in the trash until the Cookie's HP reaches 1.> Select up to 1 of your Cookies. During this turn, that Cookie gains +2 attack damage.",,UNCOMMON,
BS1-022@1,BS1,022@1,Giant Cherry Bomb,PROMOTION CARD,ITEM,RED,RED,,,,P,,<{R}{R}{R}> <Discard 1 card.> Select up to 1 of your opponent's Cookies. That Cookie receives 3 damage.,,,0,0,0,BS1-022,1,<{R}{R}{R}> <Discard 1 card.> Select up to 1 of your opponent's Cookies. That Cookie receives 3 damage.,,PROMOTION,
BS1-022,BS1,022,Giant Cherry Bomb,BOOSTER PACK [BRAVE BEGINNING],ITEM,RED,RED,,,,R,,,<{R}{R}{R}> <Discard 1 card.> Select up to 1 of your opponent's Cookies. That Cookie receives 3 damage.,,0,0,0,BS1-022,0,<{R}{R}{R}> <Discard 1 card.> Select up to 1 of your opponent's Cookies. That Cookie receives 3 damage.,,RARE,
BS1-021,BS1,021,Whipped Cream Cookie,BOOSTER PACK [BRAVE BEGINNING],COOKIE,,MIX,2,4,,C,,,<{N}{N}{N}> Deals 3 damage.,,0,0,0,BS1-021,0,<{N}{N}{N}> Deals 3 damage.,,COMMON,
BS1-020,BS1,020,Red Pepper Cookie,BOOSTER PACK [BRAVE BEGINNING],COOKIE,,MIX,3,4,,C,,,<{N}{N}> Deals 2 damage.,,0,0,0,BS1-020,0,<{N}{N}> Deals 2 damage.,,COMMON,
BS1-019,BS1,019,Walnut Cookie,BOOSTER PACK [BRAVE BEGINNING],COOKIE,,MIX,3,4,,C,,,<{N}{N}{N}> Deals 4 damage.,,0,0,0,BS1-019,0,<{N}{N}{N}> Deals 4 damage.,,COMMON,
BS1-018,BS1,018,Popcorn Cookie,BOOSTER PACK [BRAVE BEGINNING],FLIP,RED,RED,1,1,,U,,,<{R}> Deals 1 damage.,<Discard 1 card.> The Cookie with this card attached for HP gains +1 HP.,0,0,0,BS1-018,0,"<{R}> Deals 1 damage.
<Discard 1 card.> The Cookie with this card attached for HP gains +1 HP.",,UNCOMMON,
BS1-017@1,BS1,017@1,Croissant Cookie,BOOSTER PACK [BRAVE BEGINNING],COOKIE,RED,RED,1,2,,SSR,,"【Activate】 <{R}{R}> Select up to 1 of your other Cookies. During this turn, that Cookie gains +2 attack damage.",<{R}> Deals 1 damage.,,0,0,0,BS1-017,1,"【Activate】 <{R}{R}> Select up to 1 of your other Cookies. During this turn, that Cookie gains +2 attack damage.
<{R}> Deals 1 damage.",,SECRET SUPER RARE,
BS1-017,BS1,017,Croissant Cookie,BOOSTER PACK [BRAVE BEGINNING],COOKIE,RED,RED,1,2,,SR,,"【Activate】 <{R}{R}> Select up to 1 of your other Cookies. During this turn, that Cookie gains +2 attack damage.",<{R}> Deals 1 damage.,,0,0,0,BS1-017,0,"【Activate】 <{R}{R}> Select up to 1 of your other Cookies. During this turn, that Cookie gains +2 attack damage.
<{R}> Deals 1 damage.",,SUPER RARE,
BS1-016,BS1,016,Choco Ball Cookie,BOOSTER PACK [BRAVE BEGINNING],COOKIE,RED,RED,2,2,,C,,"When this Cookie faints and you have 4 cards or less in your hand, select up to 1 of your opponent's Cookies. That Cookie receives 1 damage.",<{R}{R}> Deals 2 damage.,,0,0,0,BS1-016,0,"When this Cookie faints and you have 4 cards or less in your hand, select up to 1 of your opponent's Cookies. That Cookie receives 1 damage.
<{R}{R}> Deals 2 damage.",,COMMON,
BS1-015@1,BS1,015@1,Rose Cookie,promotion card,FLIP,RED,RED,3,3,,P,,,"<{R}{R}{R}> Dance with me, now deals 3",Draw up to 1 card from your deck.,0,0,0,BS1-015,1,"<{R}{R}{R}> Dance with me, now deals 3
Draw up to 1 card from your deck.",,PROMOTION,
BS1-015,BS1,015,Rose Cookie,BOOSTER PACK [BRAVE BEGINNING],FLIP,RED,RED,3,3,,U,,,<{R}{R}{R}> Deals 3 damage.,Draw up to 1 card from your deck.,0,0,0,BS1-015,0,"<{R}{R}{R}> Deals 3 damage.
Draw up to 1 card from your deck.",,UNCOMMON,
BS1-014@1,BS1,014@1,GingerBrave,BOOSTER PACK [BRAVE BEGINNING],COOKIE,RED,RED,1,2,,SUR,,"【Activate】 【Once Per Turn】 <{R}{R}> During this turn, this Cookie gains +1 attack damage.",<{R}{R}> Deals 2 damage.,,0,0,0,BS1-014,1,"【Activate】 【Once Per Turn】 <{R}{R}> During this turn, this Cookie gains +1 attack damage.
<{R}{R}> Deals 2 damage.",,SECRET ULTRA RARE,
BS1-014,BS1,014,GingerBrave,BOOSTER PACK [BRAVE BEGINNING],COOKIE,RED,RED,1,2,,UR,,"【Activate】 【Once Per Turn】 <{R}{R}> During this turn, this Cookie gains +1 attack damage.",<{R}{R}> Deals 2 damage.,,0,0,0,BS1-014,0,"【Activate】 【Once Per Turn】 <{R}{R}> During this turn, this Cookie gains +1 attack damage.
<{R}{R}> Deals 2 damage.",,ULTRA RARE,
BS1-013,BS1,013,GingerBrave,BOOSTER PACK [BRAVE BEGINNING],COOKIE,RED,RED,1,1,,C,,,"<{R}> Deals 2 damage. Then, discard 1 card.",,0,0,0,BS1-013,0,"<{R}> Deals 2 damage. Then, discard 1 card.",,COMMON,
BS1-012@1,BS1,012@1,Wildberry Cookie,BOOSTER PACK [BRAVE BEGINNING],COOKIE,RED,RED,3,6,,SSR,,"If your break area is LV.9, this Cookie gains +2 attack damage.",<{R}{R}{R}{R}> Deals 4 damage.,,0,0,0,BS1-012,1,"If your break area is LV.9, this Cookie gains +2 attack damage.
<{R}{R}{R}{R}> Deals 4 damage.",,SECRET SUPER RARE,
BS1-012,BS1,012,Wildberry Cookie,BOOSTER PACK [BRAVE BEGINNING],COOKIE,RED,RED,3,6,,SR,,"If your break area is LV.9, this Cookie gains +2 attack damage.",<{R}{R}{R}{R}> Deals 4 damage.,,0,0,0,BS1-012,0,"If your break area is LV.9, this Cookie gains +2 attack damage.
<{R}{R}{R}{R}> Deals 4 damage.",,SUPER RARE,
BS1-011,BS1,011,Cherry Ball Cookie,BOOSTER PACK [BRAVE BEGINNING],COOKIE,,MIX,1,2,,C,,,<{N}{N}> Deals 2 damage.,,0,0,0,BS1-011,0,<{N}{N}> Deals 2 damage.,,COMMON,
BS1-010,BS1,010,Devil Cookie,BOOSTER PACK [BRAVE BEGINNING],COOKIE,,MIX,2,2,,C,,,<{N}{N}> Deals 3 damage.,,0,0,0,BS1-010,0,<{N}{N}> Deals 3 damage.,,COMMON,
BS1-009@1,BS1,009@1,Affogato Cookie,BOOSTER PACK [BRAVE BEGINNING],COOKIE,RED,RED MIX,1,3,,SEC,,"{bl} <{R}> (When one of your opponent's Cookies attacks, you can redirect the attack to this Cookie.)",<{R}{N}> Deals 1 damage.,,0,0,0,BS1-009,1,"{bl} <{R}> (When one of your opponent's Cookies attacks, you can redirect the attack to this Cookie.)
<{R}{N}> Deals 1 damage.",,SECRET RARE,
BS1-009,BS1,009,Affogato Cookie,BOOSTER PACK [BRAVE BEGINNING],COOKIE,RED,RED MIX,1,3,,R,,"{bl} <{R}> (When one of your opponent's Cookies attacks, you can redirect the attack to this Cookie.)",<{R}{N}> Deals 1 damage.,,0,0,0,BS1-009,0,"{bl} <{R}> (When one of your opponent's Cookies attacks, you can redirect the attack to this Cookie.)
<{R}{N}> Deals 1 damage.",,RARE,
BS1-008@1,BS1,008@1,Pomegranate Cookie,BOOSTER PACK [BRAVE BEGINNING],COOKIE,RED,RED,2,5,,SEC,,"【Activate】 【Once Per Turn】 <{R}> Select up to 1 of your other Cookies. During this turn, that Cookie gains +1 attack damage.",<{R}{R}{R}> Deals 2 damage.,,0,0,0,BS1-008,1,"【Activate】 【Once Per Turn】 <{R}> Select up to 1 of your other Cookies. During this turn, that Cookie gains +1 attack damage.
<{R}{R}{R}> Deals 2 damage.",,SECRET RARE,
BS1-008,BS1,008,Pomegranate Cookie,BOOSTER PACK [BRAVE BEGINNING],COOKIE,RED,RED,2,5,,R,,"【Activate】 【Once Per Turn】 <{R}> Select up to 1 of your other Cookies. During this turn, that Cookie gains +1 attack damage.",<{R}{R}{R}> Deals 2 damage.,,0,0,0,BS1-008,0,"【Activate】 【Once Per Turn】 <{R}> Select up to 1 of your other Cookies. During this turn, that Cookie gains +1 attack damage.
<{R}{R}{R}> Deals 2 damage.",,RARE,
BS1-007,BS1,007,Melon Bun Cookie,BOOSTER PACK [BRAVE BEGINNING],COOKIE,,MIX,1,4,,C,,,<{N}{N}{N}> Deals 2 damage.,,0,0,0,BS1-007,0,<{N}{N}{N}> Deals 2 damage.,,COMMON,
BS1-006@1,BS1,006@1,Mala Sauce Cookie,promotion card,COOKIE,RED,RED,2,2,,P,Spicy Mala Sauce,"If this Cookie remains in the battle area after receiving damage, select up to 1 of your opponent's Cookies. That Cookie receives 1 damage.",<{R}{R}> Spicy Spin deals 3,,0,0,0,BS1-006,1,"If this Cookie remains in the battle area after receiving damage, select up to 1 of your opponent's Cookies. That Cookie receives 1 damage.
<{R}{R}> Spicy Spin deals 3",,PROMOTION,
BS1-006,BS1,006,Mala Sauce Cookie,BOOSTER PACK [BRAVE BEGINNING],COOKIE,RED,RED,2,2,,U,,"If this Cookie remains in the battle area after receiving damage, select up to 1 of your opponent's Cookies. That Cookie receives 1 damage.",<{R}{R}> Deals 3 damage.,,0,0,0,BS1-006,0,"If this Cookie remains in the battle area after receiving damage, select up to 1 of your opponent's Cookies. That Cookie receives 1 damage.
<{R}{R}> Deals 3 damage.",,UNCOMMON,
BS1-005,BS1,005,Roll Cake Cookie,BOOSTER PACK [BRAVE BEGINNING],COOKIE,RED,RED,2,2,,C,,,"<{R}{R}> Deals 1 damage. Then, select up to 1 of your opponent's Cookies. That Cookie receives 1 damage.",,0,0,0,BS1-005,0,"<{R}{R}> Deals 1 damage. Then, select up to 1 of your opponent's Cookies. That Cookie receives 1 damage.",,COMMON,
BS1-004,BS1,004,Lilac Cookie,BOOSTER PACK [BRAVE BEGINNING],COOKIE,RED,RED,1,2,,U,,【Activate】 <{R}{R}> Return this Cookie to your hand.,<{R}> Deals 1 damage.,,0,0,0,BS1-004,0,"【Activate】 <{R}{R}> Return this Cookie to your hand.
<{R}> Deals 1 damage.",,UNCOMMON,
BS1-003@1,BS1,003@1,Dark Choco Cookie,BOOSTER PACK [BRAVE BEGINNING],COOKIE,RED,RED,2,4,,SSR,,【Activate】 【Once Per Turn】 <{R}> <Discard 1 card.> Select up to 1 of your opponent's Cookies. That Cookie receives 1 damage.,<{R}{R}{R}> Deals 3 damage.,,0,0,0,BS1-003,1,"【Activate】 【Once Per Turn】 <{R}> <Discard 1 card.> Select up to 1 of your opponent's Cookies. That Cookie receives 1 damage.
<{R}{R}{R}> Deals 3 damage.",,SECRET SUPER RARE,
BS1-003,BS1,003,Dark Choco Cookie,BOOSTER PACK [BRAVE BEGINNING],COOKIE,RED,RED,2,4,,SR,,【Activate】 【Once Per Turn】 <{R}> <Discard 1 card.> Select up to 1 of your opponent's Cookies. That Cookie receives 1 damage.,<{R}{R}{R}> Deals 3 damage.,,0,0,0,BS1-003,0,"【Activate】 【Once Per Turn】 <{R}> <Discard 1 card.> Select up to 1 of your opponent's Cookies. That Cookie receives 1 damage.
<{R}{R}{R}> Deals 3 damage.",,SUPER RARE,
BS1-002@2,BS1,002@2,Kumiho Cookie,PROMOTION CARD,FLIP,RED,RED,3,3,,P,,,<{R}{R}{R}> Alluring Smile deals 3,<Discard 1 card.> Select up to 1 of your opponent's Cookies. That Cookie receives 1 damage.,0,0,0,BS1-002,1,"<{R}{R}{R}> Alluring Smile deals 3
<Discard 1 card.> Select up to 1 of your opponent's Cookies. That Cookie receives 1 damage.",,PROMOTION,
BS1-002@1,BS1,002@1,Kumiho Cookie,BOOSTER PACK [BRAVE BEGINNING],FLIP,RED,RED,3,3,,SEC,,,<{R}{R}{R}> Deals 3 damage.,<Discard 1 card.> Select up to 1 of your opponent's Cookies. That Cookie receives 1 damage.,0,0,0,BS1-002,1,"<{R}{R}{R}> Deals 3 damage.
<Discard 1 card.> Select up to 1 of your opponent's Cookies. That Cookie receives 1 damage.",,SECRET RARE,
BS1-002,BS1,002,Kumiho Cookie,BOOSTER PACK [BRAVE BEGINNING],FLIP,RED,RED,3,3,,R,,,<{R}{R}{R}> Deals 3 damage.,<Discard 1 card.> Select up to 1 of your opponent's Cookies. That Cookie receives 1 damage.,0,0,0,BS1-002,0,"<{R}{R}{R}> Deals 3 damage.
<Discard 1 card.> Select up to 1 of your opponent's Cookies. That Cookie receives 1 damage.",,RARE,
BS1-001,BS1,001,Goblin Cookie,BOOSTER PACK [BRAVE BEGINNING],COOKIE,RED,RED MIX,1,2,,C,,【Activate】 <Discard 1 card.> Select up to 1 of your opponent's Cookies. That Cookie receives 1 damage.,<{R}{N}> Deals 1 damage.,,0,0,0,BS1-001,0,"【Activate】 <Discard 1 card.> Select up to 1 of your opponent's Cookies. That Cookie receives 1 damage.
<{R}{N}> Deals 1 damage.",,COMMON,
